transaction_id,customer_id,amount,payment_method,location,device_type,new_device,location_change,transactions_last_hour,account_age_days,previous_fraud_count,fraud
TXN100000,CUST4044,3574.28,Wallet,Kolkata,Desktop,0,0,0,961,0,0
TXN100001,CUST1255,3446.39,UPI,Jaipur,Desktop,0,0,0,435,0,0
TXN100002,CUST3732,2328.42,Card,Kolkata,Desktop,0,0,1,735,1,0
TXN100003,CUST2748,1003.94,UPI,Jaipur,Desktop,0,0,0,184,0,0
TXN100004,CUST1029,7291.15,Card,Pune,Desktop,0,0,0,541,0,0
TXN100005,CUST3538,7961.31,NetBanking,Chennai,Mobile,0,0,2,113,0,1
TXN100006,CUST2125,7781.73,Card,Pune,Mobile,0,0,0,382,0,0
TXN100007,CUST3889,2172.55,Card,Pune,Mobile,0,0,0,525,0,0
TXN100008,CUST1472,5651.93,Card,Bangalore,Tablet,0,0,1,767,0,0
TXN100009,CUST4610,544.54,Card,Hyderabad,Mobile,0,0,0,447,0,0
TXN100010,CUST3599,4434.65,UPI,Delhi,Mobile,0,0,1,165,1,0
TXN100011,CUST3324,7322.2,Wallet,Jaipur,Mobile,0,0,0,388,0,0
TXN100012,CUST2067,2305.62,UPI,Pune,Mobile,0,0,2,269,0,1
TXN100013,CUST2124,25456.41,UPI,Delhi,Desktop,0,0,0,635,1,1
TXN100014,CUST4811,3064.68,Card,Mumbai,Mobile,1,0,2,537,0,0
TXN100015,CUST4088,12294.63,Card,Delhi,Desktop,0,0,4,121,0,0
TXN100016,CUST3397,17084.38,Card,Bangalore,Desktop,0,0,1,338,1,0
TXN100017,CUST3710,3450.97,Card,Delhi,Mobile,0,1,0,826,0,0
TXN100018,CUST4710,2539.09,Card,Chennai,Mobile,0,0,0,116,0,0
TXN100019,CUST2676,28696.46,Card,Kolkata,Tablet,0,1,2,461,0,0
TXN100020,CUST3424,41445.98,UPI,Pune,Desktop,1,1,2,159,0,0
TXN100021,CUST3984,88927.25,Card,Jaipur,Desktop,0,0,0,97,0,0
TXN100022,CUST1614,2801.78,Card,Chennai,Mobile,1,1,1,28,0,1
TXN100023,CUST4404,3271.44,NetBanking,Pune,Mobile,0,0,1,88,0,0
TXN100024,CUST1207,534.3,NetBanking,Delhi,Tablet,0,0,0,297,0,0
TXN100025,CUST3056,216.3,UPI,Bangalore,Desktop,0,0,1,903,0,0
TXN100026,CUST2465,3403.44,Card,Chennai,Mobile,0,0,0,360,0,0
TXN100027,CUST3130,1690.59,NetBanking,Chennai,Desktop,0,0,2,466,1,0
TXN100028,CUST1337,3382.44,UPI,Chennai,Tablet,0,0,0,94,1,0
TXN100029,CUST1380,1776.6,UPI,Delhi,Desktop,0,0,0,469,0,0
TXN100030,CUST1478,18463.37,Wallet,Pune,Mobile,0,0,1,497,0,0
TXN100031,CUST2257,5551.0,Card,Chennai,Mobile,0,0,1,509,0,0
TXN100032,CUST3871,6697.76,Wallet,Delhi,Tablet,0,0,2,235,0,0
TXN100033,CUST2769,6480.85,UPI,Bangalore,Mobile,0,1,2,76,0,0
TXN100034,CUST1115,2988.2,NetBanking,Pune,Mobile,0,0,2,171,0,0
TXN100035,CUST4205,279.51,UPI,Jaipur,Mobile,1,1,0,1554,0,0
TXN100036,CUST1499,16138.2,Card,Delhi,Mobile,0,0,0,795,0,0
TXN100037,CUST1169,485.9,UPI,Delhi,Desktop,0,0,3,100,0,0
TXN100038,CUST2205,11777.48,Wallet,Chennai,Mobile,0,0,2,291,3,0
TXN100039,CUST2112,1436.22,Card,Jaipur,Mobile,0,0,0,29,0,0
TXN100040,CUST2896,1263.57,Card,Hyderabad,Mobile,0,0,1,469,0,0
TXN100041,CUST2442,17615.53,UPI,Chennai,Mobile,0,0,1,615,0,0
TXN100042,CUST4367,2657.46,Card,Pune,Mobile,0,0,2,171,0,0
TXN100043,CUST1478,2002.51,UPI,Kolkata,Mobile,1,0,2,244,0,0
TXN100044,CUST3100,1707.51,Card,Pune,Mobile,0,0,1,172,0,0
TXN100045,CUST4021,20357.2,Card,Pune,Mobile,0,0,1,565,0,0
TXN100046,CUST1336,1467.25,UPI,Delhi,Mobile,0,0,1,548,0,0
TXN100047,CUST2930,34152.14,NetBanking,Bangalore,Desktop,1,0,1,989,0,0
TXN100048,CUST4669,1568.56,Card,Jaipur,Desktop,0,0,1,522,1,0
TXN100049,CUST3812,734.87,Card,Mumbai,Desktop,0,0,1,21,1,0
TXN100050,CUST2760,4717.31,UPI,Pune,Mobile,0,0,2,282,1,0
TXN100051,CUST4109,8900.49,Card,Chennai,Mobile,0,0,0,317,0,0
TXN100052,CUST1194,4716.41,Card,Jaipur,Mobile,0,0,3,191,0,0
TXN100053,CUST4432,4894.19,UPI,Mumbai,Mobile,0,1,0,1308,0,1
TXN100054,CUST2195,2587.55,NetBanking,Jaipur,Mobile,0,0,1,1040,1,0
TXN100055,CUST1547,542.54,Card,Chennai,Mobile,0,0,2,425,0,0
TXN100056,CUST2813,13818.6,Card,Bangalore,Desktop,0,1,0,235,0,0
TXN100057,CUST4636,216.76,Card,Jaipur,Mobile,0,0,0,206,0,0
TXN100058,CUST4167,8941.45,UPI,Bangalore,Desktop,0,0,1,293,0,0
TXN100059,CUST1407,2281.87,UPI,Bangalore,Desktop,0,0,0,194,0,0
TXN100060,CUST2820,12385.26,Card,Jaipur,Mobile,1,1,0,8,2,1
TXN100061,CUST1006,1166.09,Card,Mumbai,Mobile,0,0,1,96,0,0
TXN100062,CUST1969,1319.26,Card,Chennai,Mobile,0,0,1,280,0,0
TXN100063,CUST1552,4332.63,Card,Bangalore,Tablet,0,0,0,159,0,0
TXN100064,CUST3476,2419.01,NetBanking,Chennai,Mobile,0,0,2,67,0,0
TXN100065,CUST4196,14394.94,Card,Chennai,Desktop,0,0,1,799,0,0
TXN100066,CUST3832,16238.54,UPI,Pune,Desktop,0,1,0,88,0,0
TXN100067,CUST4972,3687.08,Card,Chennai,Mobile,0,0,2,17,0,0
TXN100068,CUST4344,10886.42,UPI,Jaipur,Mobile,0,1,1,459,0,0
TXN100069,CUST4933,4623.72,NetBanking,Kolkata,Mobile,0,0,2,32,0,0
TXN100070,CUST4846,17704.15,Card,Bangalore,Mobile,0,0,1,391,0,0
TXN100071,CUST4615,1361.33,Card,Pune,Desktop,0,0,3,746,1,0
TXN100072,CUST3434,1672.39,Card,Bangalore,Mobile,0,0,2,139,0,0
TXN100073,CUST3738,7579.71,Card,Bangalore,Mobile,0,0,0,690,0,0
TXN100074,CUST2873,4948.06,UPI,Delhi,Mobile,0,0,0,1604,1,0
TXN100075,CUST4506,10325.94,NetBanking,Bangalore,Tablet,0,0,0,2270,0,0
TXN100076,CUST3467,2323.37,NetBanking,Kolkata,Mobile,1,0,0,44,0,0
TXN100077,CUST4089,1836.42,NetBanking,Delhi,Mobile,0,0,1,104,0,0
TXN100078,CUST3840,17675.45,Card,Jaipur,Desktop,0,0,1,59,0,0
TXN100079,CUST3146,3957.17,UPI,Hyderabad,Mobile,0,0,2,507,0,0
TXN100080,CUST1120,4595.21,Card,Pune,Mobile,0,0,0,572,2,0
TXN100081,CUST4682,1663.51,Card,Pune,Mobile,0,0,3,354,0,0
TXN100082,CUST4973,1609.35,Card,Chennai,Mobile,0,0,2,507,0,0
TXN100083,CUST3639,5932.46,UPI,Bangalore,Mobile,0,0,1,86,0,0
TXN100084,CUST3125,9486.37,Wallet,Hyderabad,Desktop,0,1,2,119,0,0
TXN100085,CUST2369,7312.21,UPI,Hyderabad,Mobile,0,0,2,547,0,0
TXN100086,CUST4442,1184.23,NetBanking,Jaipur,Mobile,0,1,1,319,0,0
TXN100087,CUST3805,330.88,UPI,Chennai,Tablet,0,0,0,147,0,0
TXN100088,CUST4500,1971.31,Card,Kolkata,Desktop,0,0,0,413,3,0
TXN100089,CUST4695,5891.49,Wallet,Jaipur,Desktop,0,0,1,310,0,0
TXN100090,CUST3343,18023.92,Card,Hyderabad,Mobile,0,0,1,312,0,0
TXN100091,CUST1462,631.39,NetBanking,Chennai,Mobile,0,0,1,339,0,0
TXN100092,CUST4162,4111.06,Card,Chennai,Mobile,0,0,0,98,0,0
TXN100093,CUST4997,20683.76,Wallet,Delhi,Mobile,0,0,2,860,0,0
TXN100094,CUST4328,15274.22,NetBanking,Kolkata,Desktop,0,1,1,156,0,0
TXN100095,CUST3135,5975.06,Card,Bangalore,Mobile,0,0,1,1183,0,0
TXN100096,CUST4443,2726.08,Card,Delhi,Desktop,0,0,0,698,0,0
TXN100097,CUST1876,3699.6,Card,Hyderabad,Mobile,0,0,2,619,0,0
TXN100098,CUST2794,3646.32,UPI,Mumbai,Mobile,0,0,1,95,0,0
TXN100099,CUST3842,2440.74,NetBanking,Bangalore,Mobile,0,0,2,125,0,0
TXN100100,CUST3087,9322.2,Card,Mumbai,Mobile,0,0,1,78,0,0
TXN100101,CUST2879,2745.4,NetBanking,Delhi,Mobile,0,0,0,1,0,0
TXN100102,CUST2690,3253.1,Card,Delhi,Mobile,0,0,0,298,0,0
TXN100103,CUST4718,799.66,NetBanking,Delhi,Mobile,0,0,1,191,0,0
TXN100104,CUST2295,6737.84,Card,Delhi,Tablet,0,0,2,34,1,0
TXN100105,CUST1512,7186.86,UPI,Hyderabad,Mobile,0,0,1,560,0,0
TXN100106,CUST2804,1515.34,Card,Bangalore,Mobile,0,0,3,547,0,0
TXN100107,CUST2556,2226.37,UPI,Jaipur,Mobile,0,1,0,509,0,0
TXN100108,CUST2569,1833.6,Wallet,Pune,Tablet,0,0,0,242,1,1
TXN100109,CUST4146,3549.08,Card,Chennai,Mobile,1,0,2,158,0,0
TXN100110,CUST4512,221.23,UPI,Jaipur,Mobile,0,0,4,190,0,0
TXN100111,CUST4179,5677.97,Card,Jaipur,Desktop,0,0,1,480,3,0
TXN100112,CUST2506,4682.78,UPI,Delhi,Desktop,0,0,0,13,0,0
TXN100113,CUST2619,28153.99,Wallet,Mumbai,Desktop,0,0,0,136,0,0
TXN100114,CUST4974,5216.22,UPI,Bangalore,Tablet,0,0,0,199,0,0
TXN100115,CUST4338,2407.07,Card,Delhi,Mobile,0,0,0,1318,0,0
TXN100116,CUST4857,14331.26,Card,Mumbai,Mobile,1,0,1,371,0,0
TXN100117,CUST2545,4038.39,UPI,Pune,Mobile,0,0,4,998,0,0
TXN100118,CUST1823,7065.07,Card,Pune,Tablet,0,0,0,573,0,0
TXN100119,CUST3274,7457.11,Card,Mumbai,Tablet,1,1,0,316,0,0
TXN100120,CUST2751,3754.93,Card,Hyderabad,Tablet,0,0,1,711,0,0
TXN100121,CUST1675,1310.43,UPI,Jaipur,Tablet,0,0,1,203,0,0
TXN100122,CUST1267,17722.25,Card,Jaipur,Mobile,0,0,1,230,0,0
TXN100123,CUST3592,18286.15,NetBanking,Kolkata,Desktop,0,0,0,817,0,0
TXN100124,CUST3023,815.43,NetBanking,Bangalore,Desktop,0,0,2,492,0,0
TXN100125,CUST4824,23776.14,Card,Delhi,Mobile,0,0,1,27,0,0
TXN100126,CUST2093,3551.22,Card,Hyderabad,Mobile,0,0,1,161,0,0
TXN100127,CUST2443,2884.46,Card,Bangalore,Mobile,0,0,2,103,0,0
TXN100128,CUST1943,1658.45,Card,Jaipur,Desktop,0,0,1,498,0,0
TXN100129,CUST2908,6706.93,Card,Chennai,Mobile,0,0,3,545,3,1
TXN100130,CUST2072,2806.45,Card,Kolkata,Desktop,0,0,4,1554,0,0
TXN100131,CUST1701,3101.4,Card,Kolkata,Desktop,1,1,3,44,0,1
TXN100132,CUST2730,2858.55,Card,Jaipur,Mobile,0,0,1,674,0,0
TXN100133,CUST3075,1680.13,Card,Jaipur,Desktop,1,0,1,529,0,0
TXN100134,CUST4931,5181.94,UPI,Mumbai,Mobile,0,0,2,387,0,0
TXN100135,CUST2855,4513.32,Card,Hyderabad,Mobile,0,0,0,414,0,0
TXN100136,CUST2596,6871.54,NetBanking,Kolkata,Mobile,0,0,2,360,0,0
TXN100137,CUST4469,1459.94,Card,Pune,Mobile,0,0,0,162,1,0
TXN100138,CUST2151,705.34,UPI,Chennai,Mobile,0,0,3,323,1,0
TXN100139,CUST3711,649.44,UPI,Bangalore,Mobile,0,0,0,451,0,0
TXN100140,CUST2649,4964.91,Card,Chennai,Desktop,0,0,2,292,1,0
TXN100141,CUST4318,698.73,UPI,Jaipur,Mobile,0,0,1,330,1,0
TXN100142,CUST4780,645.63,Card,Hyderabad,Mobile,0,0,0,211,0,0
TXN100143,CUST1108,2115.95,Card,Hyderabad,Tablet,0,0,0,427,0,0
TXN100144,CUST4247,7369.39,NetBanking,Pune,Mobile,0,0,0,213,0,0
TXN100145,CUST1480,30189.24,Card,Mumbai,Mobile,0,0,0,978,1,1
TXN100146,CUST2789,808.22,UPI,Hyderabad,Mobile,0,0,2,780,0,0
TXN100147,CUST1310,2119.8,NetBanking,Jaipur,Desktop,0,0,1,111,0,0
TXN100148,CUST1540,1547.87,UPI,Jaipur,Desktop,0,0,2,580,0,0
TXN100149,CUST3183,875.79,NetBanking,Hyderabad,Desktop,0,0,2,441,0,0
TXN100150,CUST2926,7758.45,UPI,Kolkata,Tablet,0,0,1,360,0,0
TXN100151,CUST4076,2544.61,Card,Bangalore,Desktop,0,1,0,473,0,0
TXN100152,CUST1922,3638.7,NetBanking,Mumbai,Tablet,0,0,1,517,0,0
TXN100153,CUST1815,1383.53,Wallet,Bangalore,Mobile,0,0,4,321,0,0
TXN100154,CUST3189,4010.85,Card,Kolkata,Mobile,0,0,0,1259,3,1
TXN100155,CUST2785,3774.28,NetBanking,Jaipur,Mobile,0,0,0,332,0,0
TXN100156,CUST3326,11477.2,Card,Jaipur,Mobile,0,0,0,227,0,0
TXN100157,CUST4615,4717.94,Card,Chennai,Mobile,1,0,1,515,0,0
TXN100158,CUST2438,8081.56,UPI,Pune,Mobile,0,0,0,182,0,0
TXN100159,CUST3413,2716.08,UPI,Chennai,Mobile,0,0,3,7,0,0
TXN100160,CUST1071,1015.36,Wallet,Chennai,Tablet,0,0,0,306,0,0
TXN100161,CUST3455,1848.9,NetBanking,Delhi,Desktop,0,0,0,235,1,0
TXN100162,CUST4877,9441.29,Card,Jaipur,Desktop,0,0,1,1349,0,0
TXN100163,CUST3474,4041.25,Card,Chennai,Tablet,0,0,2,242,2,0
TXN100164,CUST4015,515.93,UPI,Pune,Mobile,0,0,0,297,0,0
TXN100165,CUST2957,2808.08,NetBanking,Kolkata,Mobile,0,0,0,783,0,0
TXN100166,CUST3457,8491.68,Card,Kolkata,Mobile,0,0,1,112,0,1
TXN100167,CUST1087,1565.66,UPI,Mumbai,Mobile,0,0,1,308,0,0
TXN100168,CUST3529,41588.04,NetBanking,Chennai,Tablet,1,0,1,116,2,1
TXN100169,CUST4370,905.97,UPI,Delhi,Mobile,0,0,0,228,0,0
TXN100170,CUST4720,1526.93,Card,Delhi,Mobile,0,0,1,110,0,0
TXN100171,CUST1745,2352.88,Wallet,Mumbai,Mobile,0,0,1,503,0,0
TXN100172,CUST2866,1219.54,UPI,Hyderabad,Mobile,0,0,1,184,0,0
TXN100173,CUST4747,1876.21,NetBanking,Jaipur,Desktop,1,1,1,53,0,0
TXN100174,CUST1056,2934.8,UPI,Bangalore,Tablet,0,0,0,169,0,0
TXN100175,CUST2540,1330.57,Card,Hyderabad,Mobile,1,1,0,152,0,1
TXN100176,CUST4095,7276.06,Card,Delhi,Desktop,0,0,1,199,0,0
TXN100177,CUST4080,1660.37,Wallet,Hyderabad,Mobile,0,0,0,297,0,0
TXN100178,CUST1169,4529.82,Card,Pune,Mobile,0,1,0,453,0,0
TXN100179,CUST2029,4503.0,Card,Hyderabad,Mobile,0,0,1,1123,0,0
TXN100180,CUST1679,14545.35,UPI,Chennai,Desktop,0,0,3,304,0,0
TXN100181,CUST2034,1434.51,UPI,Bangalore,Desktop,0,1,2,162,0,0
TXN100182,CUST4999,15233.83,Card,Kolkata,Mobile,0,0,1,21,0,0
TXN100183,CUST2664,5263.47,UPI,Kolkata,Mobile,0,0,1,112,0,0
TXN100184,CUST3994,3184.38,Wallet,Jaipur,Desktop,0,0,1,46,0,0
TXN100185,CUST1787,3697.75,Card,Mumbai,Mobile,1,0,0,98,0,0
TXN100186,CUST3793,15075.94,Card,Jaipur,Tablet,0,0,4,1106,0,0
TXN100187,CUST4476,4298.47,NetBanking,Chennai,Mobile,0,0,3,52,0,0
TXN100188,CUST4552,1349.17,Card,Hyderabad,Desktop,0,0,1,96,0,0
TXN100189,CUST1172,13124.54,UPI,Chennai,Mobile,0,0,0,643,0,0
TXN100190,CUST4592,1535.7,UPI,Kolkata,Tablet,0,0,1,324,0,0
TXN100191,CUST2613,4186.22,Card,Delhi,Mobile,0,0,2,135,0,0
TXN100192,CUST3759,44585.92,Card,Delhi,Desktop,0,0,2,101,0,0
TXN100193,CUST4342,2600.01,NetBanking,Kolkata,Mobile,0,0,1,71,0,0
TXN100194,CUST1600,4950.11,Wallet,Hyderabad,Desktop,0,0,1,88,0,0
TXN100195,CUST2307,3688.18,UPI,Hyderabad,Mobile,0,0,1,500,0,0
TXN100196,CUST1034,3996.31,Card,Chennai,Mobile,0,0,1,1976,0,1
TXN100197,CUST4964,1701.14,UPI,Mumbai,Mobile,0,0,1,69,0,0
TXN100198,CUST2189,20505.93,UPI,Kolkata,Mobile,0,0,1,410,0,0
TXN100199,CUST1269,1084.93,UPI,Mumbai,Tablet,0,0,0,370,0,0
TXN100200,CUST3344,7726.74,UPI,Jaipur,Mobile,0,1,3,77,1,0
TXN100201,CUST3157,1016.56,Card,Kolkata,Mobile,0,0,0,135,0,0
TXN100202,CUST1404,2465.02,UPI,Pune,Mobile,0,0,3,514,0,0
TXN100203,CUST2785,469.98,Card,Kolkata,Desktop,1,0,2,25,0,0
TXN100204,CUST2353,4075.38,Card,Mumbai,Desktop,1,0,2,44,0,0
TXN100205,CUST4534,1250.4,Wallet,Jaipur,Mobile,0,0,0,74,0,0
TXN100206,CUST4761,2317.89,Card,Chennai,Tablet,0,0,1,696,0,0
TXN100207,CUST3194,2242.71,Card,Jaipur,Mobile,0,0,1,251,0,0
TXN100208,CUST3761,26854.26,UPI,Chennai,Mobile,0,0,3,288,1,0
TXN100209,CUST3110,8927.11,Card,Mumbai,Mobile,0,0,1,378,0,0
TXN100210,CUST1100,11042.81,UPI,Jaipur,Mobile,0,0,1,299,0,0
TXN100211,CUST3619,4171.85,Card,Hyderabad,Tablet,0,0,1,909,0,0
TXN100212,CUST1104,29212.55,Wallet,Hyderabad,Desktop,0,0,1,410,0,1
TXN100213,CUST1497,1405.46,UPI,Pune,Mobile,0,0,2,381,0,0
TXN100214,CUST3456,6309.22,Card,Hyderabad,Mobile,0,0,2,673,2,0
TXN100215,CUST4292,3830.17,NetBanking,Chennai,Tablet,0,0,1,1223,0,0
TXN100216,CUST1329,4452.43,Card,Jaipur,Mobile,0,0,1,203,0,0
TXN100217,CUST4039,6040.49,UPI,Pune,Mobile,0,0,0,144,0,0
TXN100218,CUST4707,443.56,UPI,Jaipur,Mobile,0,0,3,914,0,0
TXN100219,CUST2869,1875.67,UPI,Hyderabad,Desktop,0,0,3,158,0,0
TXN100220,CUST4414,1983.81,NetBanking,Chennai,Mobile,0,0,1,157,0,0
TXN100221,CUST4278,2877.43,Card,Pune,Mobile,0,0,4,296,0,0
TXN100222,CUST3571,1137.83,Card,Chennai,Tablet,0,0,2,111,0,0
TXN100223,CUST2421,2484.63,NetBanking,Bangalore,Mobile,0,1,1,60,0,0
TXN100224,CUST2336,6208.77,UPI,Delhi,Mobile,0,1,0,99,0,0
TXN100225,CUST2442,710.46,NetBanking,Pune,Desktop,0,0,0,579,0,0
TXN100226,CUST4190,10402.31,NetBanking,Hyderabad,Desktop,0,0,0,50,0,0
TXN100227,CUST2781,5655.26,Wallet,Chennai,Desktop,0,0,0,304,1,0
TXN100228,CUST2038,11422.11,UPI,Delhi,Mobile,1,0,1,190,1,0
TXN100229,CUST1300,869.46,NetBanking,Kolkata,Desktop,0,0,2,159,0,0
TXN100230,CUST1476,11175.31,UPI,Chennai,Mobile,0,0,2,614,0,0
TXN100231,CUST3234,11931.18,Card,Hyderabad,Mobile,0,0,0,96,0,0
TXN100232,CUST3945,9029.8,NetBanking,Chennai,Mobile,1,0,3,29,0,0
TXN100233,CUST2731,19052.57,NetBanking,Hyderabad,Mobile,0,0,1,492,0,0
TXN100234,CUST2283,1533.98,NetBanking,Hyderabad,Desktop,0,0,1,98,0,0
TXN100235,CUST1495,1236.33,Card,Pune,Mobile,0,0,1,817,0,0
TXN100236,CUST2098,2023.99,Card,Delhi,Mobile,1,1,0,289,0,0
TXN100237,CUST4765,3677.88,Card,Hyderabad,Mobile,1,0,0,31,0,0
TXN100238,CUST2680,6699.33,UPI,Chennai,Mobile,0,1,1,298,0,0
TXN100239,CUST3694,3069.77,UPI,Mumbai,Mobile,0,1,3,308,0,0
TXN100240,CUST1239,7303.84,UPI,Chennai,Mobile,0,1,0,38,0,0
TXN100241,CUST1343,4140.94,Card,Kolkata,Mobile,0,0,2,428,0,0
TXN100242,CUST4501,6391.12,Wallet,Kolkata,Mobile,0,0,1,1278,0,0
TXN100243,CUST4189,961.56,Wallet,Mumbai,Tablet,0,1,0,535,0,0
TXN100244,CUST3603,12795.49,UPI,Mumbai,Mobile,0,0,0,197,0,0
TXN100245,CUST3425,1185.91,Card,Kolkata,Mobile,0,0,1,139,0,0
TXN100246,CUST2891,1602.42,UPI,Delhi,Desktop,0,0,1,62,0,0
TXN100247,CUST3359,14642.39,NetBanking,Kolkata,Mobile,0,0,0,1039,0,0
TXN100248,CUST1938,228.67,Card,Hyderabad,Mobile,0,0,2,1432,0,0
TXN100249,CUST1257,626.44,NetBanking,Hyderabad,Mobile,0,0,1,357,0,0
TXN100250,CUST3998,1536.58,Card,Hyderabad,Tablet,0,0,2,301,0,0
TXN100251,CUST1606,4647.95,UPI,Mumbai,Mobile,0,0,2,123,1,0
TXN100252,CUST2793,14384.77,UPI,Delhi,Mobile,0,0,1,112,1,0
TXN100253,CUST1455,2290.97,Card,Mumbai,Desktop,0,0,1,1585,1,0
TXN100254,CUST2561,1999.86,Card,Bangalore,Mobile,0,0,5,52,0,0
TXN100255,CUST4750,3276.49,Card,Delhi,Mobile,0,0,1,540,0,0
TXN100256,CUST1648,9680.62,Card,Kolkata,Mobile,0,0,0,218,0,0
TXN100257,CUST3885,55215.0,Card,Bangalore,Desktop,0,0,3,365,0,0
TXN100258,CUST3557,8499.55,NetBanking,Hyderabad,Desktop,0,0,0,251,0,0
TXN100259,CUST1280,2169.16,Card,Delhi,Mobile,0,0,0,1,0,0
TXN100260,CUST1306,15698.6,Card,Chennai,Desktop,0,0,1,278,0,0
TXN100261,CUST4748,877.56,UPI,Chennai,Mobile,1,0,1,667,0,1
TXN100262,CUST1107,921.85,Card,Chennai,Mobile,0,0,0,15,0,0
TXN100263,CUST1250,1056.35,Card,Mumbai,Mobile,0,0,5,417,0,0
TXN100264,CUST2322,9128.68,Card,Delhi,Mobile,0,0,1,361,0,0
TXN100265,CUST3073,1689.11,Card,Mumbai,Mobile,0,0,2,186,0,0
TXN100266,CUST3224,10660.83,Card,Jaipur,Mobile,0,0,2,374,0,0
TXN100267,CUST1405,6777.81,NetBanking,Delhi,Mobile,0,0,0,348,0,0
TXN100268,CUST4053,3205.48,Card,Jaipur,Tablet,0,0,0,676,0,0
TXN100269,CUST1421,6171.27,Card,Jaipur,Desktop,0,0,1,609,0,0
TXN100270,CUST2410,13754.06,Card,Hyderabad,Desktop,0,0,0,104,0,0
TXN100271,CUST2276,7166.29,Wallet,Hyderabad,Mobile,0,0,0,186,0,0
TXN100272,CUST3949,1425.16,Card,Mumbai,Mobile,0,0,2,284,0,1
TXN100273,CUST1892,2422.59,UPI,Chennai,Tablet,0,0,2,303,0,0
TXN100274,CUST2360,5623.21,UPI,Mumbai,Desktop,0,0,0,283,0,0
TXN100275,CUST1154,357.47,Card,Jaipur,Mobile,0,0,1,172,0,0
TXN100276,CUST2258,1174.56,UPI,Mumbai,Mobile,0,0,1,638,0,0
TXN100277,CUST2697,6669.36,UPI,Kolkata,Mobile,1,0,0,115,1,0
TXN100278,CUST3195,7423.27,UPI,Jaipur,Tablet,0,0,0,66,1,0
TXN100279,CUST3767,8575.91,Card,Delhi,Desktop,1,0,1,127,3,1
TXN100280,CUST1403,3873.16,UPI,Kolkata,Desktop,0,0,0,446,1,1
TXN100281,CUST4443,2819.73,NetBanking,Bangalore,Mobile,0,0,0,34,0,0
TXN100282,CUST1991,2044.98,Wallet,Hyderabad,Mobile,0,0,2,262,0,0
TXN100283,CUST4515,5081.76,Card,Delhi,Mobile,1,1,0,6,0,1
TXN100284,CUST4129,2681.4,Wallet,Kolkata,Tablet,0,1,0,2129,0,0
TXN100285,CUST4867,1150.78,Card,Pune,Mobile,1,1,3,644,0,0
TXN100286,CUST4353,7947.62,UPI,Delhi,Mobile,0,0,2,350,0,0
TXN100287,CUST3868,4132.53,NetBanking,Mumbai,Desktop,1,0,1,256,0,0
TXN100288,CUST3725,28705.68,NetBanking,Chennai,Mobile,0,0,1,457,0,0
TXN100289,CUST4061,30257.95,UPI,Pune,Mobile,0,0,0,757,1,0
TXN100290,CUST2893,30790.26,Card,Delhi,Mobile,0,0,2,65,0,0
TXN100291,CUST2883,35252.23,Card,Kolkata,Mobile,0,0,2,328,0,0
TXN100292,CUST2993,346.8,NetBanking,Jaipur,Tablet,0,0,0,387,0,0
TXN100293,CUST1561,1273.03,NetBanking,Jaipur,Mobile,0,0,2,86,3,1
TXN100294,CUST4660,4348.9,UPI,Hyderabad,Desktop,0,1,2,1145,0,0
TXN100295,CUST4990,3161.52,Card,Hyderabad,Desktop,0,0,0,344,0,0
TXN100296,CUST1985,20435.46,Card,Mumbai,Mobile,0,0,1,350,0,0
TXN100297,CUST4857,2518.89,Card,Bangalore,Desktop,0,0,1,196,1,0
TXN100298,CUST4860,6804.16,Card,Pune,Mobile,0,0,1,724,0,0
TXN100299,CUST4263,8018.43,Card,Delhi,Mobile,0,0,0,636,0,0
TXN100300,CUST1812,8633.88,Card,Chennai,Mobile,0,0,0,119,0,0
TXN100301,CUST1844,3402.17,Card,Bangalore,Mobile,0,0,2,799,0,0
TXN100302,CUST2112,56500.95,UPI,Bangalore,Mobile,0,0,1,984,0,0
TXN100303,CUST3401,8648.74,Card,Mumbai,Mobile,0,0,2,303,0,0
TXN100304,CUST3737,5340.23,UPI,Jaipur,Mobile,1,0,1,185,0,0
TXN100305,CUST3553,880.23,UPI,Mumbai,Mobile,0,0,6,717,0,0
TXN100306,CUST4899,17544.31,Card,Kolkata,Mobile,0,0,4,538,2,0
TXN100307,CUST2000,5668.53,UPI,Mumbai,Desktop,0,0,0,240,0,0
TXN100308,CUST4711,434.48,Card,Delhi,Mobile,0,0,1,314,0,0
TXN100309,CUST4759,4888.06,UPI,Kolkata,Tablet,0,0,1,67,0,0
TXN100310,CUST4731,3034.45,NetBanking,Bangalore,Mobile,1,0,1,693,0,0
TXN100311,CUST3249,2680.93,Card,Delhi,Desktop,0,0,1,45,0,0
TXN100312,CUST1629,3830.78,Card,Delhi,Desktop,0,0,0,145,0,0
TXN100313,CUST2119,83268.35,Card,Delhi,Desktop,0,1,1,259,0,0
TXN100314,CUST4742,7295.3,Card,Pune,Desktop,0,0,0,313,0,0
TXN100315,CUST2131,2835.11,NetBanking,Hyderabad,Desktop,0,0,0,300,0,0
TXN100316,CUST2696,6969.88,Card,Chennai,Mobile,0,0,0,1384,0,0
TXN100317,CUST1112,12082.57,UPI,Pune,Desktop,0,0,0,256,0,0
TXN100318,CUST1479,2534.29,Card,Pune,Tablet,0,0,1,391,0,0
TXN100319,CUST4397,3446.46,Wallet,Delhi,Tablet,0,0,3,13,0,0
TXN100320,CUST1769,2603.59,Card,Chennai,Mobile,0,0,1,501,0,0
TXN100321,CUST4461,2887.68,UPI,Pune,Mobile,0,0,2,267,0,0
TXN100322,CUST1829,4964.11,Wallet,Delhi,Mobile,0,0,1,116,0,0
TXN100323,CUST2054,3283.34,UPI,Delhi,Mobile,0,0,0,504,0,0
TXN100324,CUST1839,3682.58,NetBanking,Bangalore,Mobile,0,0,0,67,0,0
TXN100325,CUST2262,1177.28,Card,Bangalore,Mobile,0,1,3,584,2,1
TXN100326,CUST1579,17107.58,Wallet,Chennai,Mobile,0,0,0,174,0,0
TXN100327,CUST3324,277.63,Card,Delhi,Mobile,0,0,0,33,0,0
TXN100328,CUST1950,613.97,Card,Delhi,Mobile,0,0,1,163,3,1
TXN100329,CUST1736,2783.54,UPI,Chennai,Mobile,0,0,0,186,0,0
TXN100330,CUST1350,751.71,UPI,Jaipur,Desktop,0,1,2,126,0,0
TXN100331,CUST2420,2605.1,UPI,Mumbai,Desktop,0,0,2,463,0,0
TXN100332,CUST2922,2325.05,Wallet,Pune,Mobile,0,0,1,641,0,0
TXN100333,CUST2580,1218.96,Wallet,Delhi,Desktop,0,0,2,869,0,0
TXN100334,CUST3588,8542.01,Card,Hyderabad,Mobile,0,0,2,343,0,0
TXN100335,CUST2238,1167.33,UPI,Delhi,Mobile,0,0,1,398,0,0
TXN100336,CUST2292,42732.49,Card,Mumbai,Mobile,0,0,1,82,0,0
TXN100337,CUST3911,3215.23,UPI,Delhi,Tablet,0,0,1,446,0,0
TXN100338,CUST4804,3023.52,UPI,Kolkata,Desktop,0,0,2,1558,0,0
TXN100339,CUST3037,3517.51,UPI,Mumbai,Mobile,0,0,3,52,0,0
TXN100340,CUST1124,6831.54,Card,Delhi,Desktop,0,1,1,189,0,0
TXN100341,CUST1284,1823.93,Wallet,Delhi,Mobile,0,0,0,891,0,0
TXN100342,CUST3145,955.87,Card,Hyderabad,Mobile,0,0,0,753,0,0
TXN100343,CUST2937,8350.76,UPI,Bangalore,Tablet,0,0,4,168,0,0
TXN100344,CUST1469,1546.99,UPI,Jaipur,Desktop,1,0,2,20,0,1
TXN100345,CUST2795,1495.93,Card,Chennai,Mobile,0,0,1,371,0,0
TXN100346,CUST3738,3304.14,Wallet,Bangalore,Mobile,0,0,0,79,0,0
TXN100347,CUST1131,4545.18,Wallet,Kolkata,Desktop,0,0,1,315,1,0
TXN100348,CUST2053,2355.46,UPI,Hyderabad,Desktop,0,0,3,385,1,0
TXN100349,CUST2860,6545.79,Card,Chennai,Tablet,0,0,1,190,0,0
TXN100350,CUST4993,1602.28,NetBanking,Chennai,Mobile,0,0,2,325,0,0
TXN100351,CUST3462,5556.74,Card,Mumbai,Mobile,0,0,1,30,0,0
TXN100352,CUST3359,4972.19,Card,Pune,Desktop,0,1,0,335,3,1
TXN100353,CUST3214,2495.17,Card,Hyderabad,Mobile,0,0,2,617,0,0
TXN100354,CUST3203,980.7,NetBanking,Jaipur,Desktop,0,1,4,351,0,0
TXN100355,CUST1270,14076.44,Wallet,Bangalore,Mobile,0,0,0,3,0,1
TXN100356,CUST1937,1592.02,UPI,Delhi,Desktop,0,0,0,10,0,0
TXN100357,CUST3766,10712.64,NetBanking,Mumbai,Tablet,0,1,1,70,0,0
TXN100358,CUST3355,1511.31,UPI,Pune,Mobile,0,0,1,301,0,0
TXN100359,CUST1104,2401.59,NetBanking,Mumbai,Mobile,0,0,1,317,0,0
TXN100360,CUST3075,644.68,NetBanking,Bangalore,Desktop,0,0,2,316,1,0
TXN100361,CUST2873,1892.78,Card,Pune,Mobile,0,0,1,560,0,0
TXN100362,CUST4100,4772.1,Card,Jaipur,Mobile,1,0,0,10,0,0
TXN100363,CUST1552,2237.87,Card,Chennai,Mobile,0,0,1,41,0,0
TXN100364,CUST2207,2168.92,Card,Bangalore,Mobile,0,0,1,54,0,0
TXN100365,CUST4894,6444.7,NetBanking,Chennai,Desktop,0,0,1,70,0,0
TXN100366,CUST4877,5286.41,Card,Mumbai,Mobile,1,0,1,160,0,0
TXN100367,CUST4313,688.74,Card,Kolkata,Tablet,0,1,2,706,0,0
TXN100368,CUST3134,7130.25,Card,Pune,Mobile,0,0,0,224,1,0
TXN100369,CUST3472,3451.86,UPI,Pune,Mobile,0,0,2,25,0,0
TXN100370,CUST2201,1592.04,Card,Mumbai,Mobile,0,0,2,157,0,0
TXN100371,CUST1937,4392.78,UPI,Pune,Mobile,0,0,2,15,0,0
TXN100372,CUST1194,8954.19,Card,Jaipur,Mobile,0,0,1,468,0,0
TXN100373,CUST3733,16990.38,Card,Hyderabad,Mobile,0,0,0,344,3,0
TXN100374,CUST4254,5540.61,Card,Jaipur,Mobile,1,0,1,454,0,1
TXN100375,CUST4394,1595.21,Card,Hyderabad,Mobile,0,0,0,322,0,0
TXN100376,CUST3575,1798.81,Wallet,Delhi,Desktop,0,0,3,67,0,0
TXN100377,CUST2589,2150.85,Card,Delhi,Desktop,0,0,0,221,0,0
TXN100378,CUST4456,1201.29,Wallet,Mumbai,Mobile,0,0,0,375,0,0
TXN100379,CUST3554,537.7,Wallet,Pune,Desktop,0,0,1,73,0,0
TXN100380,CUST1212,9891.64,UPI,Jaipur,Mobile,0,0,0,237,0,0
TXN100381,CUST4673,4912.64,Wallet,Kolkata,Mobile,0,1,0,209,0,0
TXN100382,CUST1622,5400.18,UPI,Hyderabad,Desktop,0,0,2,586,0,0
TXN100383,CUST2225,2834.97,Card,Hyderabad,Mobile,1,0,0,14,0,1
TXN100384,CUST3948,829.71,NetBanking,Bangalore,Tablet,1,0,1,118,0,0
TXN100385,CUST2600,2631.37,UPI,Hyderabad,Mobile,0,0,2,616,0,0
TXN100386,CUST2711,8373.52,Card,Chennai,Mobile,0,0,0,226,0,0
TXN100387,CUST3172,1137.21,Card,Mumbai,Mobile,0,0,1,217,0,0
TXN100388,CUST1946,73454.22,Card,Kolkata,Tablet,0,0,1,709,0,1
TXN100389,CUST1145,525.37,Card,Mumbai,Mobile,0,0,1,198,0,0
TXN100390,CUST1260,3565.71,Wallet,Hyderabad,Tablet,0,0,2,198,0,0
TXN100391,CUST3576,3320.25,UPI,Delhi,Mobile,0,0,1,276,0,1
TXN100392,CUST4665,8732.15,Wallet,Jaipur,Mobile,0,0,1,66,0,0
TXN100393,CUST4821,8767.48,Card,Jaipur,Mobile,0,0,0,489,0,0
TXN100394,CUST4259,2938.03,UPI,Hyderabad,Desktop,0,0,0,410,0,0
TXN100395,CUST3002,2124.23,Card,Kolkata,Mobile,0,0,2,2014,0,0
TXN100396,CUST4147,12337.1,Card,Pune,Tablet,0,0,0,326,0,0
TXN100397,CUST1624,2459.53,Card,Pune,Desktop,0,1,0,945,0,0
TXN100398,CUST1806,2375.19,NetBanking,Delhi,Desktop,0,0,0,136,0,0
TXN100399,CUST4544,4806.35,UPI,Delhi,Mobile,0,1,0,708,0,0
TXN100400,CUST3337,9319.12,UPI,Mumbai,Mobile,0,0,1,903,0,0
TXN100401,CUST4381,21183.18,NetBanking,Mumbai,Mobile,0,0,1,299,0,0
TXN100402,CUST4555,14044.98,UPI,Chennai,Desktop,0,0,2,183,0,0
TXN100403,CUST1866,8154.78,UPI,Hyderabad,Mobile,0,0,0,720,0,0
TXN100404,CUST2103,10629.58,Card,Kolkata,Desktop,0,0,2,189,0,0
TXN100405,CUST1614,28824.01,UPI,Kolkata,Mobile,0,0,2,238,0,0
TXN100406,CUST3622,455.39,NetBanking,Pune,Desktop,0,0,2,822,0,0
TXN100407,CUST3858,4474.79,Card,Kolkata,Mobile,0,0,0,1624,0,0
TXN100408,CUST3506,2918.11,UPI,Chennai,Mobile,0,0,0,68,0,0
TXN100409,CUST1642,1397.71,Card,Pune,Mobile,0,0,2,218,0,0
TXN100410,CUST1894,10205.33,UPI,Bangalore,Mobile,1,0,1,496,0,0
TXN100411,CUST4096,20994.2,Card,Kolkata,Desktop,0,0,0,378,0,0
TXN100412,CUST2946,5110.19,UPI,Pune,Desktop,0,0,0,720,0,0
TXN100413,CUST1102,1551.62,UPI,Chennai,Mobile,0,0,1,705,0,0
TXN100414,CUST2264,857.0,Card,Mumbai,Mobile,0,0,2,172,0,0
TXN100415,CUST4267,1745.69,Card,Chennai,Mobile,0,0,1,151,0,0
TXN100416,CUST3051,16706.71,Wallet,Bangalore,Desktop,1,0,0,41,0,0
TXN100417,CUST1598,7113.71,UPI,Hyderabad,Mobile,0,0,1,146,0,0
TXN100418,CUST4035,10807.23,Card,Delhi,Mobile,0,0,3,76,0,0
TXN100419,CUST3457,747.96,Card,Jaipur,Desktop,0,0,1,622,0,0
TXN100420,CUST3405,8593.4,Wallet,Mumbai,Desktop,0,0,2,728,0,0
TXN100421,CUST1855,1485.02,Card,Delhi,Tablet,0,0,0,261,0,0
TXN100422,CUST1909,982.77,Card,Pune,Desktop,0,0,0,407,0,0
TXN100423,CUST1351,8979.14,UPI,Mumbai,Mobile,0,0,2,1284,0,1
TXN100424,CUST3595,350.79,Card,Chennai,Desktop,0,0,2,53,0,0
TXN100425,CUST1193,3767.99,Card,Jaipur,Mobile,0,0,0,196,0,0
TXN100426,CUST1090,5398.7,NetBanking,Bangalore,Mobile,1,0,0,620,0,0
TXN100427,CUST3171,9252.39,NetBanking,Mumbai,Mobile,0,0,2,399,0,0
TXN100428,CUST2804,33976.02,Card,Jaipur,Mobile,1,0,0,328,0,0
TXN100429,CUST3243,1386.4,Card,Bangalore,Mobile,1,1,0,158,0,0
TXN100430,CUST3849,8733.23,Card,Pune,Desktop,0,0,2,231,0,0
TXN100431,CUST3612,2076.62,UPI,Pune,Mobile,0,0,0,87,0,0
TXN100432,CUST1776,1920.9,Card,Chennai,Desktop,0,0,3,365,0,0
TXN100433,CUST4025,7537.35,Card,Jaipur,Mobile,0,0,5,393,0,0
TXN100434,CUST4139,1688.35,Card,Mumbai,Mobile,0,0,0,654,0,0
TXN100435,CUST1370,536.53,Card,Pune,Mobile,0,0,2,567,1,0
TXN100436,CUST2701,8333.45,Card,Hyderabad,Mobile,0,0,0,10,0,0
TXN100437,CUST4455,2859.51,UPI,Pune,Mobile,0,0,1,432,0,0
TXN100438,CUST2431,8219.34,Card,Hyderabad,Desktop,0,0,1,2387,0,0
TXN100439,CUST3893,5604.18,Card,Kolkata,Desktop,1,0,1,227,0,0
TXN100440,CUST4276,1379.06,Card,Bangalore,Desktop,0,0,2,591,0,0
TXN100441,CUST4988,11614.24,Card,Hyderabad,Mobile,0,0,1,921,2,0
TXN100442,CUST4133,708.95,UPI,Jaipur,Mobile,0,0,0,560,0,0
TXN100443,CUST2646,12322.5,Card,Chennai,Mobile,0,0,2,88,0,0
TXN100444,CUST1906,5055.71,Card,Pune,Desktop,0,0,2,396,0,0
TXN100445,CUST2539,1612.66,Card,Jaipur,Mobile,0,1,1,110,0,0
TXN100446,CUST3632,16092.2,Card,Pune,Mobile,0,0,1,526,2,0
TXN100447,CUST2408,1444.42,NetBanking,Hyderabad,Mobile,0,0,4,64,2,0
TXN100448,CUST1767,12243.04,UPI,Hyderabad,Mobile,0,0,0,361,0,0
TXN100449,CUST1386,1745.72,UPI,Kolkata,Desktop,0,0,0,516,0,0
TXN100450,CUST2401,3417.53,Card,Hyderabad,Mobile,0,0,2,480,0,0
TXN100451,CUST4441,25850.52,Card,Hyderabad,Mobile,0,0,1,152,0,1
TXN100452,CUST2600,14012.12,Card,Hyderabad,Desktop,0,0,2,81,0,0
TXN100453,CUST1582,761.39,Card,Hyderabad,Mobile,0,0,0,179,0,0
TXN100454,CUST3075,849.15,NetBanking,Pune,Mobile,0,0,2,116,1,0
TXN100455,CUST2160,597.31,UPI,Chennai,Tablet,1,0,2,78,0,0
TXN100456,CUST3681,11015.18,Card,Bangalore,Mobile,0,0,2,250,0,0
TXN100457,CUST4516,6198.56,Card,Chennai,Mobile,0,0,0,119,1,0
TXN100458,CUST3867,1173.14,Card,Jaipur,Desktop,0,0,3,136,0,0
TXN100459,CUST3534,6215.31,UPI,Mumbai,Tablet,0,0,1,494,0,0
TXN100460,CUST2716,9656.23,UPI,Chennai,Desktop,0,0,2,233,0,0
TXN100461,CUST2247,273.14,Card,Bangalore,Desktop,0,0,2,422,0,0
TXN100462,CUST1284,1608.86,Card,Mumbai,Mobile,1,0,1,291,0,0
TXN100463,CUST1910,1840.98,UPI,Pune,Mobile,0,0,1,27,0,0
TXN100464,CUST4647,3052.1,Card,Kolkata,Desktop,0,0,0,365,0,0
TXN100465,CUST3628,1361.43,NetBanking,Bangalore,Desktop,1,1,1,2,0,0
TXN100466,CUST2492,1205.18,NetBanking,Chennai,Mobile,0,0,2,1690,0,1
TXN100467,CUST4422,5727.54,UPI,Chennai,Desktop,0,0,1,28,0,0
TXN100468,CUST3145,2494.99,NetBanking,Kolkata,Mobile,0,1,0,508,0,0
TXN100469,CUST4304,1141.01,Card,Chennai,Tablet,0,0,1,443,0,0
TXN100470,CUST2194,2960.03,Wallet,Bangalore,Mobile,0,0,2,102,0,0
TXN100471,CUST4151,6102.72,UPI,Pune,Desktop,0,0,2,143,2,1
TXN100472,CUST1343,4486.07,NetBanking,Mumbai,Desktop,0,1,1,258,2,1
TXN100473,CUST3465,172.58,Card,Pune,Mobile,0,0,2,47,0,0
TXN100474,CUST4982,408.85,Card,Hyderabad,Tablet,0,1,2,253,0,0
TXN100475,CUST1456,3670.65,Card,Mumbai,Desktop,0,0,2,242,1,0
TXN100476,CUST3821,5567.84,UPI,Jaipur,Desktop,0,0,2,454,0,0
TXN100477,CUST2402,1390.45,Card,Bangalore,Mobile,0,0,1,18,0,0
TXN100478,CUST4167,7516.09,UPI,Chennai,Desktop,0,0,0,66,0,0
TXN100479,CUST2331,11093.28,Card,Jaipur,Mobile,0,0,1,851,0,0
TXN100480,CUST1173,6122.32,Card,Hyderabad,Desktop,0,0,2,1658,0,0
TXN100481,CUST3862,16445.69,NetBanking,Hyderabad,Mobile,1,0,2,173,0,0
TXN100482,CUST2124,6456.18,UPI,Jaipur,Mobile,0,0,1,241,0,0
TXN100483,CUST3354,1432.8,Wallet,Pune,Mobile,0,0,1,293,0,0
TXN100484,CUST4191,3243.85,Card,Pune,Mobile,0,1,1,43,0,0
TXN100485,CUST3378,2680.75,Card,Chennai,Desktop,0,0,1,134,0,0
TXN100486,CUST4269,2237.74,NetBanking,Kolkata,Desktop,0,0,1,399,0,0
TXN100487,CUST3622,7872.57,Card,Kolkata,Desktop,0,0,0,213,0,0
TXN100488,CUST2388,8502.71,UPI,Jaipur,Mobile,0,1,1,699,0,0
TXN100489,CUST2990,10528.87,Card,Jaipur,Mobile,1,0,1,221,0,0
TXN100490,CUST4981,1559.71,UPI,Hyderabad,Tablet,0,0,0,282,0,0
TXN100491,CUST2464,3496.86,UPI,Kolkata,Mobile,0,0,1,100,0,0
TXN100492,CUST4263,13712.93,UPI,Jaipur,Desktop,0,0,1,42,0,0
TXN100493,CUST1040,891.29,UPI,Jaipur,Desktop,1,0,4,305,0,1
TXN100494,CUST4354,5458.67,NetBanking,Mumbai,Desktop,0,0,1,737,0,0
TXN100495,CUST4506,6861.47,Wallet,Bangalore,Tablet,0,0,0,42,0,0
TXN100496,CUST1384,3857.88,Card,Chennai,Mobile,0,0,1,176,0,0
TXN100497,CUST4232,4236.65,UPI,Mumbai,Desktop,1,1,0,1074,0,0
TXN100498,CUST1545,6977.03,Card,Chennai,Tablet,0,0,0,638,0,0
TXN100499,CUST1767,7130.72,NetBanking,Delhi,Mobile,0,0,0,241,0,0
TXN100500,CUST3465,7823.72,Card,Delhi,Desktop,0,0,1,365,0,0
TXN100501,CUST1517,13953.58,Wallet,Delhi,Mobile,0,0,3,634,0,0
TXN100502,CUST1001,1956.75,NetBanking,Hyderabad,Mobile,0,0,1,190,2,0
TXN100503,CUST3564,4442.87,Card,Bangalore,Desktop,0,1,1,61,0,0
TXN100504,CUST1383,795.49,Card,Pune,Desktop,0,0,0,416,0,0
TXN100505,CUST2690,7903.29,Card,Pune,Mobile,0,0,1,391,1,1
TXN100506,CUST2382,837.1,UPI,Jaipur,Desktop,0,0,3,926,0,0
TXN100507,CUST1146,2609.15,Card,Delhi,Mobile,0,0,1,403,0,0
TXN100508,CUST2943,3059.08,Card,Chennai,Mobile,0,0,2,504,0,0
TXN100509,CUST3709,12225.9,Card,Pune,Mobile,0,0,1,151,3,0
TXN100510,CUST3782,1261.85,UPI,Bangalore,Mobile,0,0,0,1,0,0
TXN100511,CUST2734,322.75,UPI,Hyderabad,Tablet,0,0,1,84,0,0
TXN100512,CUST4166,11144.75,Card,Mumbai,Mobile,0,0,3,199,0,0
TXN100513,CUST4679,53668.23,Wallet,Chennai,Desktop,0,0,1,252,0,0
TXN100514,CUST1149,32804.22,NetBanking,Hyderabad,Mobile,1,0,2,586,0,0
TXN100515,CUST2073,9711.71,NetBanking,Kolkata,Mobile,0,0,2,42,0,0
TXN100516,CUST4217,1728.03,NetBanking,Bangalore,Desktop,0,0,4,122,2,1
TXN100517,CUST4394,585.84,UPI,Hyderabad,Mobile,0,0,0,183,0,0
TXN100518,CUST1923,36009.28,UPI,Jaipur,Mobile,0,0,2,431,0,0
TXN100519,CUST4830,206.83,Card,Delhi,Mobile,0,0,0,97,0,0
TXN100520,CUST4818,2855.57,UPI,Jaipur,Desktop,0,0,4,561,0,0
TXN100521,CUST3557,3397.16,Card,Mumbai,Mobile,0,0,2,203,0,0
TXN100522,CUST3815,8410.75,Wallet,Bangalore,Mobile,0,0,1,138,0,0
TXN100523,CUST2102,9732.25,NetBanking,Chennai,Mobile,0,0,2,99,0,0
TXN100524,CUST4254,12700.71,UPI,Chennai,Mobile,0,0,2,450,0,0
TXN100525,CUST4034,11026.19,Card,Hyderabad,Mobile,0,0,1,40,0,0
TXN100526,CUST4131,3853.4,UPI,Hyderabad,Mobile,0,0,1,338,0,0
TXN100527,CUST3396,3193.79,Wallet,Chennai,Mobile,0,0,0,209,0,0
TXN100528,CUST3760,1272.23,Card,Mumbai,Mobile,0,0,1,714,0,0
TXN100529,CUST3851,20488.07,UPI,Delhi,Mobile,0,0,2,97,0,0
TXN100530,CUST3273,3968.14,Wallet,Kolkata,Mobile,0,0,3,201,1,0
TXN100531,CUST1082,3185.11,UPI,Hyderabad,Tablet,0,0,3,480,0,0
TXN100532,CUST4659,14488.86,UPI,Kolkata,Mobile,1,0,1,178,0,0
TXN100533,CUST4008,1482.47,Card,Mumbai,Mobile,1,0,2,26,2,1
TXN100534,CUST2369,5336.44,Card,Delhi,Tablet,0,0,0,103,0,0
TXN100535,CUST1686,2218.35,Card,Chennai,Mobile,0,0,0,124,0,0
TXN100536,CUST1142,1004.05,NetBanking,Jaipur,Mobile,0,0,0,628,0,0
TXN100537,CUST1918,13158.24,NetBanking,Kolkata,Mobile,1,1,2,108,0,0
TXN100538,CUST3425,25182.94,UPI,Bangalore,Mobile,0,0,3,62,0,0
TXN100539,CUST2029,7368.6,UPI,Kolkata,Mobile,0,0,0,497,0,0
TXN100540,CUST1373,2913.04,Card,Hyderabad,Mobile,0,0,2,147,0,0
TXN100541,CUST1040,3294.52,Card,Bangalore,Desktop,0,0,0,62,0,0
TXN100542,CUST4233,3555.04,Card,Chennai,Mobile,0,0,0,768,0,1
TXN100543,CUST3317,4275.88,NetBanking,Kolkata,Desktop,0,0,1,69,0,0
TXN100544,CUST3512,2000.69,Card,Kolkata,Mobile,1,0,0,1053,0,0
TXN100545,CUST3399,11065.38,Card,Mumbai,Tablet,0,0,1,178,0,0
TXN100546,CUST4379,8383.09,Card,Jaipur,Mobile,0,0,2,1304,0,0
TXN100547,CUST3642,436.91,UPI,Chennai,Desktop,0,0,0,616,0,0
TXN100548,CUST4569,10010.14,Card,Mumbai,Desktop,0,0,1,313,2,0
TXN100549,CUST2976,2565.66,UPI,Jaipur,Mobile,0,0,2,289,0,0
TXN100550,CUST2574,1766.13,Card,Pune,Mobile,0,0,4,218,1,0
TXN100551,CUST4184,1197.39,NetBanking,Mumbai,Mobile,0,0,2,393,0,0
TXN100552,CUST1379,624.34,Card,Jaipur,Mobile,0,0,0,1687,0,0
TXN100553,CUST4540,24102.26,NetBanking,Bangalore,Mobile,0,0,2,601,0,0
TXN100554,CUST3331,829.86,Card,Delhi,Mobile,0,0,3,322,0,0
TXN100555,CUST1243,3513.51,UPI,Bangalore,Desktop,0,0,1,263,0,0
TXN100556,CUST4090,1772.77,UPI,Chennai,Mobile,0,0,2,771,0,0
TXN100557,CUST1671,1154.81,NetBanking,Pune,Mobile,0,0,3,1151,0,0
TXN100558,CUST3297,2872.33,Card,Pune,Mobile,0,0,3,180,0,0
TXN100559,CUST3544,3012.71,Card,Mumbai,Tablet,0,0,2,359,0,0
TXN100560,CUST1807,6890.69,Card,Chennai,Tablet,0,1,0,735,0,0
TXN100561,CUST1869,939.04,Card,Bangalore,Tablet,0,0,1,239,0,0
TXN100562,CUST2400,3636.89,Card,Delhi,Mobile,1,0,2,102,0,0
TXN100563,CUST2702,444.52,Wallet,Jaipur,Mobile,1,0,2,532,0,0
TXN100564,CUST1055,544.76,Wallet,Chennai,Desktop,0,0,0,254,0,0
TXN100565,CUST3411,18550.52,UPI,Mumbai,Desktop,0,0,3,592,0,0
TXN100566,CUST1676,6234.17,Card,Mumbai,Mobile,0,0,1,256,0,0
TXN100567,CUST2083,781.93,Card,Pune,Desktop,0,0,3,188,0,0
TXN100568,CUST3867,2434.45,UPI,Hyderabad,Mobile,0,0,4,414,0,0
TXN100569,CUST3151,30121.39,UPI,Mumbai,Mobile,0,0,1,2139,0,0
TXN100570,CUST1787,12101.65,NetBanking,Pune,Desktop,0,0,0,218,0,0
TXN100571,CUST1231,4219.22,Card,Chennai,Mobile,0,0,1,93,0,0
TXN100572,CUST4560,1040.97,UPI,Delhi,Mobile,0,0,4,836,0,1
TXN100573,CUST2526,7299.4,Wallet,Chennai,Mobile,0,1,1,397,0,0
TXN100574,CUST4598,1202.62,UPI,Jaipur,Mobile,0,0,2,649,0,0
TXN100575,CUST1928,12037.67,Card,Hyderabad,Tablet,0,0,3,200,0,0
TXN100576,CUST2531,2824.58,Card,Delhi,Desktop,0,0,1,185,0,0
TXN100577,CUST2708,3289.22,Wallet,Bangalore,Desktop,0,1,2,145,0,0
TXN100578,CUST4236,8395.8,Wallet,Pune,Desktop,0,0,1,164,0,0
TXN100579,CUST4347,2301.24,UPI,Chennai,Desktop,0,0,1,64,0,0
TXN100580,CUST1249,1583.3,UPI,Pune,Mobile,1,0,0,66,0,0
TXN100581,CUST2530,393.31,NetBanking,Chennai,Desktop,0,0,2,141,0,0
TXN100582,CUST2218,2905.16,NetBanking,Hyderabad,Mobile,0,0,2,5,2,1
TXN100583,CUST3851,17832.5,Card,Bangalore,Desktop,0,0,1,364,0,0
TXN100584,CUST3977,21388.19,NetBanking,Mumbai,Desktop,0,0,3,50,0,0
TXN100585,CUST3138,3780.57,Card,Hyderabad,Mobile,0,0,2,574,0,0
TXN100586,CUST2745,622.88,Card,Pune,Desktop,1,1,2,1163,0,0
TXN100587,CUST2970,1498.43,UPI,Delhi,Desktop,0,0,1,163,0,0
TXN100588,CUST3426,2728.45,Wallet,Jaipur,Mobile,0,0,0,334,0,0
TXN100589,CUST3862,12903.4,UPI,Jaipur,Mobile,0,0,2,287,0,0
TXN100590,CUST1767,6467.6,Card,Pune,Tablet,0,0,0,537,0,0
TXN100591,CUST2159,5898.98,UPI,Delhi,Desktop,0,0,2,124,0,0
TXN100592,CUST3443,2521.8,NetBanking,Bangalore,Mobile,0,0,1,322,0,0
TXN100593,CUST1218,3476.0,UPI,Mumbai,Mobile,0,0,1,331,0,0
TXN100594,CUST3448,6814.29,UPI,Chennai,Desktop,1,1,2,963,1,1
TXN100595,CUST1748,4467.98,UPI,Pune,Mobile,0,0,0,300,1,0
TXN100596,CUST4516,2366.85,UPI,Delhi,Mobile,0,1,2,742,3,1
TXN100597,CUST3472,1970.87,Card,Kolkata,Mobile,0,0,0,258,0,0
TXN100598,CUST4872,2233.02,Card,Mumbai,Mobile,1,1,2,976,0,1
TXN100599,CUST4607,5278.75,Card,Kolkata,Mobile,0,0,2,1090,0,0
TXN100600,CUST1147,19899.78,Card,Delhi,Mobile,0,0,0,227,0,0
TXN100601,CUST4293,7951.77,NetBanking,Bangalore,Mobile,0,0,2,666,0,0
TXN100602,CUST1316,9241.04,Card,Delhi,Tablet,0,0,2,888,1,0
TXN100603,CUST1896,2305.28,Card,Hyderabad,Mobile,1,1,2,308,2,0
TXN100604,CUST3061,4127.92,Card,Kolkata,Mobile,0,0,3,844,1,0
TXN100605,CUST3632,22771.61,UPI,Chennai,Desktop,0,0,0,976,0,0
TXN100606,CUST1646,2097.6,Wallet,Chennai,Mobile,0,0,2,139,0,0
TXN100607,CUST1894,3944.41,Card,Delhi,Tablet,1,0,0,409,0,0
TXN100608,CUST1959,6788.55,UPI,Chennai,Mobile,0,0,1,297,0,0
TXN100609,CUST4624,3816.33,Card,Chennai,Tablet,0,0,2,657,0,0
TXN100610,CUST3085,4901.64,Card,Hyderabad,Mobile,0,0,1,742,0,0
TXN100611,CUST2057,2246.81,NetBanking,Hyderabad,Mobile,0,0,0,403,1,0
TXN100612,CUST3929,1298.92,UPI,Chennai,Mobile,0,0,2,27,1,0
TXN100613,CUST3865,56580.81,UPI,Hyderabad,Mobile,0,0,2,569,0,0
TXN100614,CUST1920,2932.79,Card,Delhi,Desktop,0,0,0,5,0,0
TXN100615,CUST1517,1167.14,NetBanking,Delhi,Mobile,0,1,2,69,0,0
TXN100616,CUST1028,2242.4,Card,Kolkata,Desktop,0,0,0,585,0,0
TXN100617,CUST2759,3373.25,Card,Delhi,Mobile,0,0,3,93,1,0
TXN100618,CUST1034,3232.68,Card,Delhi,Tablet,0,0,0,1716,3,1
TXN100619,CUST4990,1336.47,Card,Chennai,Desktop,0,0,2,110,0,0
TXN100620,CUST2617,531.0,UPI,Chennai,Mobile,0,0,0,876,0,0
TXN100621,CUST4586,741.79,Card,Pune,Desktop,0,0,0,165,1,0
TXN100622,CUST1425,1604.04,UPI,Hyderabad,Mobile,0,0,2,101,0,0
TXN100623,CUST2987,8430.97,Card,Kolkata,Tablet,0,0,3,904,0,0
TXN100624,CUST2540,1511.63,Card,Bangalore,Mobile,0,0,0,643,0,0
TXN100625,CUST2690,7325.1,UPI,Pune,Tablet,0,0,1,36,0,0
TXN100626,CUST2606,2889.15,Wallet,Chennai,Mobile,0,0,2,107,0,0
TXN100627,CUST2989,333.81,NetBanking,Kolkata,Desktop,0,0,2,225,3,1
TXN100628,CUST1445,5069.9,NetBanking,Mumbai,Mobile,0,0,1,759,0,0
TXN100629,CUST2739,2043.82,UPI,Delhi,Desktop,0,0,1,562,0,0
TXN100630,CUST1227,112237.75,NetBanking,Bangalore,Mobile,0,0,1,4,0,1
TXN100631,CUST4293,8378.31,Card,Delhi,Mobile,0,0,1,252,0,0
TXN100632,CUST2151,1497.26,UPI,Delhi,Desktop,0,0,3,319,0,0
TXN100633,CUST3261,5993.24,Card,Hyderabad,Mobile,0,0,0,282,0,0
TXN100634,CUST1352,8000.83,Card,Pune,Tablet,0,0,2,360,0,0
TXN100635,CUST1891,1106.53,UPI,Jaipur,Mobile,0,0,0,418,0,0
TXN100636,CUST3539,27794.42,Card,Pune,Desktop,0,0,0,212,0,0
TXN100637,CUST4124,8289.43,UPI,Chennai,Mobile,0,0,1,666,0,0
TXN100638,CUST4891,2393.1,UPI,Bangalore,Mobile,0,0,1,633,0,0
TXN100639,CUST1742,1471.35,NetBanking,Chennai,Tablet,0,0,0,247,3,0
TXN100640,CUST2075,1989.35,NetBanking,Hyderabad,Mobile,0,0,1,1564,0,0
TXN100641,CUST2045,10084.13,UPI,Delhi,Desktop,0,0,2,194,0,0
TXN100642,CUST1737,1595.78,Card,Jaipur,Mobile,1,1,2,541,0,1
TXN100643,CUST2317,8953.78,Card,Delhi,Desktop,0,0,4,439,0,0
TXN100644,CUST2533,25129.73,Card,Jaipur,Desktop,0,0,1,98,0,0
TXN100645,CUST4315,783.91,UPI,Jaipur,Mobile,0,0,2,105,0,0
TXN100646,CUST2712,3160.34,Wallet,Bangalore,Desktop,0,0,1,194,1,0
TXN100647,CUST2184,383.34,UPI,Pune,Mobile,0,0,0,404,0,0
TXN100648,CUST3751,389.5,Card,Delhi,Mobile,0,0,1,74,0,0
TXN100649,CUST3711,3491.66,NetBanking,Pune,Mobile,0,0,2,108,0,0
TXN100650,CUST3041,60282.47,NetBanking,Kolkata,Desktop,0,0,0,66,0,0
TXN100651,CUST4584,661.94,Card,Mumbai,Tablet,1,0,4,115,0,0
TXN100652,CUST1222,3100.33,NetBanking,Chennai,Mobile,0,0,2,1254,2,1
TXN100653,CUST3809,7993.79,NetBanking,Delhi,Mobile,0,0,0,1141,0,0
TXN100654,CUST4055,1131.93,Card,Chennai,Desktop,0,0,0,383,0,0
TXN100655,CUST4848,859.89,UPI,Bangalore,Mobile,0,0,1,499,2,0
TXN100656,CUST1681,701.29,NetBanking,Chennai,Mobile,0,0,1,269,0,0
TXN100657,CUST4635,1084.03,NetBanking,Jaipur,Desktop,0,0,1,38,0,0
TXN100658,CUST4023,2937.88,UPI,Kolkata,Tablet,0,0,0,163,0,0
TXN100659,CUST4938,3893.54,Card,Pune,Mobile,0,0,0,217,3,0
TXN100660,CUST4758,22368.43,NetBanking,Jaipur,Mobile,0,1,1,947,0,0
TXN100661,CUST2808,6852.58,UPI,Bangalore,Tablet,0,1,1,9,0,0
TXN100662,CUST4786,3561.66,Card,Jaipur,Desktop,1,1,3,2234,0,0
TXN100663,CUST2424,1633.57,Wallet,Delhi,Mobile,0,0,2,216,0,0
TXN100664,CUST3215,3112.17,Card,Bangalore,Mobile,0,0,0,427,1,0
TXN100665,CUST4305,3122.62,Card,Mumbai,Mobile,0,0,0,6,0,0
TXN100666,CUST2379,7242.55,Card,Bangalore,Mobile,0,0,0,915,0,0
TXN100667,CUST4858,8438.04,Card,Pune,Desktop,0,0,0,284,0,0
TXN100668,CUST3038,4246.36,NetBanking,Jaipur,Mobile,0,0,1,127,0,0
TXN100669,CUST4615,14185.53,Wallet,Pune,Mobile,0,0,1,38,0,0
TXN100670,CUST2591,4286.02,Card,Kolkata,Mobile,1,0,0,25,3,1
TXN100671,CUST2242,10295.34,NetBanking,Jaipur,Desktop,1,0,1,443,0,0
TXN100672,CUST4695,4936.3,Card,Chennai,Desktop,1,0,1,58,0,0
TXN100673,CUST1292,6707.18,Card,Pune,Mobile,0,1,4,355,0,0
TXN100674,CUST3269,6622.96,NetBanking,Delhi,Mobile,0,0,1,1091,0,0
TXN100675,CUST1627,1400.42,UPI,Hyderabad,Tablet,0,0,1,784,2,0
TXN100676,CUST3016,7155.92,Card,Delhi,Mobile,0,0,1,524,0,0
TXN100677,CUST2660,2022.2,UPI,Pune,Desktop,0,0,1,51,0,0
TXN100678,CUST3669,1469.96,UPI,Hyderabad,Mobile,0,0,1,136,0,0
TXN100679,CUST1146,2026.67,Card,Jaipur,Mobile,1,0,2,31,0,0
TXN100680,CUST1321,7399.8,UPI,Jaipur,Mobile,0,0,1,218,0,0
TXN100681,CUST3042,2784.64,NetBanking,Mumbai,Desktop,0,0,2,120,0,0
TXN100682,CUST4582,2927.14,Card,Hyderabad,Mobile,0,0,2,689,1,0
TXN100683,CUST2687,1649.95,Card,Bangalore,Mobile,0,0,1,600,0,0
TXN100684,CUST1433,6635.77,UPI,Bangalore,Mobile,0,0,1,31,0,0
TXN100685,CUST1243,1818.54,UPI,Hyderabad,Mobile,0,0,1,294,0,0
TXN100686,CUST4520,14703.48,UPI,Pune,Desktop,0,0,3,2209,0,0
TXN100687,CUST2120,1842.63,Card,Mumbai,Desktop,0,0,1,48,0,0
TXN100688,CUST4528,3968.61,Card,Hyderabad,Desktop,0,0,1,115,0,0
TXN100689,CUST4454,2315.0,Card,Jaipur,Mobile,0,0,1,219,1,0
TXN100690,CUST4808,4319.53,Card,Bangalore,Desktop,0,0,1,838,2,0
TXN100691,CUST3089,994.8,UPI,Kolkata,Mobile,0,0,1,722,0,0
TXN100692,CUST1076,5695.95,NetBanking,Delhi,Mobile,1,0,1,20,0,0
TXN100693,CUST2616,20381.18,Wallet,Jaipur,Desktop,1,0,1,438,2,1
TXN100694,CUST3724,5146.41,UPI,Hyderabad,Mobile,1,1,1,718,0,0
TXN100695,CUST1651,6170.78,Wallet,Mumbai,Mobile,0,0,2,823,0,0
TXN100696,CUST1152,9422.24,UPI,Hyderabad,Mobile,0,0,3,375,0,0
TXN100697,CUST2256,12603.21,Card,Bangalore,Tablet,1,1,0,24,2,1
TXN100698,CUST3710,1582.81,Card,Bangalore,Desktop,0,0,3,516,0,0
TXN100699,CUST3511,2040.99,NetBanking,Bangalore,Tablet,0,0,2,163,0,0
TXN100700,CUST2446,3753.55,UPI,Delhi,Mobile,0,0,0,427,0,0
TXN100701,CUST2826,2450.36,NetBanking,Bangalore,Mobile,0,0,1,209,0,0
TXN100702,CUST3648,13029.95,Wallet,Hyderabad,Mobile,0,1,0,280,0,0
TXN100703,CUST3284,1555.22,UPI,Pune,Desktop,0,1,0,60,0,0
TXN100704,CUST4622,13522.88,Card,Chennai,Mobile,0,0,0,143,0,0
TXN100705,CUST3148,5117.07,Card,Delhi,Mobile,1,0,0,5,0,1
TXN100706,CUST3579,8469.22,UPI,Delhi,Mobile,0,0,0,661,0,0
TXN100707,CUST2114,1952.59,Card,Hyderabad,Tablet,0,0,1,112,0,0
TXN100708,CUST4941,3704.64,Card,Chennai,Mobile,0,0,0,115,0,0
TXN100709,CUST4124,4508.31,Card,Hyderabad,Mobile,0,0,3,384,0,0
TXN100710,CUST1661,2311.53,Card,Chennai,Mobile,1,0,1,157,0,0
TXN100711,CUST2400,3845.97,Card,Mumbai,Desktop,0,0,0,173,0,0
TXN100712,CUST2971,3654.13,NetBanking,Bangalore,Desktop,1,1,1,1,0,0
TXN100713,CUST2513,2938.82,UPI,Chennai,Mobile,0,0,0,842,0,0
TXN100714,CUST3269,9333.94,UPI,Pune,Mobile,0,1,1,235,0,0
TXN100715,CUST2079,2601.8,Card,Mumbai,Mobile,0,0,1,275,0,0
TXN100716,CUST1411,4173.8,Card,Jaipur,Tablet,0,0,3,168,0,0
TXN100717,CUST1628,3770.27,UPI,Hyderabad,Tablet,0,0,0,327,0,0
TXN100718,CUST3237,1590.43,UPI,Chennai,Mobile,0,0,2,381,0,0
TXN100719,CUST3199,9033.87,NetBanking,Mumbai,Mobile,0,0,0,610,0,0
TXN100720,CUST4169,2421.58,NetBanking,Chennai,Desktop,0,0,1,1082,3,1
TXN100721,CUST1256,1939.68,Wallet,Delhi,Mobile,0,0,2,354,0,0
TXN100722,CUST1589,4797.33,Card,Bangalore,Mobile,0,0,1,109,0,0
TXN100723,CUST3389,2708.8,Card,Kolkata,Mobile,0,0,0,481,0,0
TXN100724,CUST1361,4478.01,UPI,Hyderabad,Mobile,0,0,2,180,0,0
TXN100725,CUST1687,19124.23,UPI,Chennai,Mobile,0,1,1,321,0,0
TXN100726,CUST3825,44732.61,NetBanking,Delhi,Desktop,1,1,2,21,0,1
TXN100727,CUST4135,7372.07,Wallet,Mumbai,Mobile,0,0,0,348,0,0
TXN100728,CUST2055,2152.99,Card,Jaipur,Mobile,0,0,2,403,0,0
TXN100729,CUST4851,700.36,UPI,Kolkata,Mobile,1,0,1,414,0,0
TXN100730,CUST2749,3550.2,Card,Chennai,Tablet,0,0,0,51,2,0
TXN100731,CUST3004,869.78,Card,Delhi,Mobile,1,0,1,421,0,0
TXN100732,CUST3825,9416.11,Card,Bangalore,Mobile,1,0,0,157,0,0
TXN100733,CUST1312,4208.21,Card,Pune,Mobile,0,0,2,157,1,0
TXN100734,CUST1127,3390.8,Wallet,Delhi,Mobile,0,0,2,322,0,0
TXN100735,CUST1984,5354.25,NetBanking,Mumbai,Mobile,0,0,2,386,0,0
TXN100736,CUST4896,1596.65,Card,Mumbai,Desktop,0,1,2,14,0,0
TXN100737,CUST4307,707.81,NetBanking,Delhi,Mobile,0,0,2,62,0,0
TXN100738,CUST1443,1012.59,Card,Jaipur,Mobile,0,0,2,375,1,0
TXN100739,CUST4678,15138.78,UPI,Delhi,Desktop,0,0,1,69,0,0
TXN100740,CUST2434,2265.89,UPI,Bangalore,Mobile,0,0,2,2578,0,0
TXN100741,CUST3752,2070.95,NetBanking,Hyderabad,Mobile,0,0,0,126,0,0
TXN100742,CUST3106,2101.13,NetBanking,Delhi,Mobile,1,1,0,40,0,0
TXN100743,CUST2921,7961.91,UPI,Mumbai,Desktop,0,0,2,292,0,0
TXN100744,CUST2734,4485.05,UPI,Delhi,Desktop,0,0,1,66,0,0
TXN100745,CUST2028,6578.53,Wallet,Kolkata,Desktop,0,0,1,724,0,0
TXN100746,CUST1583,9679.14,Card,Jaipur,Mobile,0,1,2,285,0,0
TXN100747,CUST2400,12514.8,Card,Hyderabad,Mobile,1,0,1,26,0,0
TXN100748,CUST3313,6373.77,UPI,Jaipur,Mobile,0,0,1,103,0,0
TXN100749,CUST4610,28972.8,Card,Hyderabad,Tablet,0,0,0,101,0,0
TXN100750,CUST2856,6047.1,UPI,Chennai,Mobile,1,0,5,56,0,0
TXN100751,CUST2787,2223.43,Wallet,Kolkata,Mobile,1,1,1,16,0,0
TXN100752,CUST1025,13434.18,Card,Delhi,Desktop,0,0,1,95,0,0
TXN100753,CUST4989,2332.9,NetBanking,Jaipur,Desktop,0,0,1,102,3,1
TXN100754,CUST4150,5625.13,UPI,Delhi,Tablet,0,0,1,475,0,1
TXN100755,CUST1966,1957.12,NetBanking,Mumbai,Mobile,0,0,1,37,0,0
TXN100756,CUST4400,1294.3,UPI,Mumbai,Mobile,0,0,2,126,0,0
TXN100757,CUST1185,9849.76,NetBanking,Mumbai,Mobile,1,0,3,553,1,0
TXN100758,CUST2620,1717.93,Card,Jaipur,Desktop,0,0,2,757,0,0
TXN100759,CUST2473,965.17,NetBanking,Pune,Mobile,0,0,0,246,0,0
TXN100760,CUST2016,6025.11,UPI,Delhi,Mobile,0,0,0,302,1,0
TXN100761,CUST3712,6156.07,Card,Bangalore,Mobile,0,0,0,304,0,0
TXN100762,CUST4313,6107.65,UPI,Mumbai,Mobile,0,1,1,17,0,0
TXN100763,CUST3793,2381.6,NetBanking,Jaipur,Mobile,0,0,2,89,0,0
TXN100764,CUST2787,4781.76,Card,Mumbai,Desktop,0,0,2,464,0,0
TXN100765,CUST4874,12330.68,UPI,Mumbai,Mobile,0,0,1,1329,0,0
TXN100766,CUST4546,48707.08,UPI,Pune,Desktop,0,0,2,167,0,0
TXN100767,CUST3659,2709.62,UPI,Mumbai,Desktop,0,0,3,130,0,0
TXN100768,CUST1986,1109.83,Card,Delhi,Tablet,0,0,1,389,0,0
TXN100769,CUST1813,2237.07,UPI,Hyderabad,Desktop,0,1,0,404,0,0
TXN100770,CUST3222,3509.17,NetBanking,Mumbai,Mobile,0,0,1,114,0,0
TXN100771,CUST3106,320.06,UPI,Kolkata,Mobile,0,0,1,134,2,1
TXN100772,CUST3347,3549.31,Card,Pune,Tablet,0,0,0,1053,0,0
TXN100773,CUST1388,8852.71,UPI,Jaipur,Mobile,0,0,2,82,3,0
TXN100774,CUST2008,2935.54,UPI,Jaipur,Desktop,0,0,3,243,0,0
TXN100775,CUST1307,6504.2,Card,Pune,Mobile,0,0,0,131,2,0
TXN100776,CUST1292,5348.01,UPI,Delhi,Mobile,0,0,2,109,0,0
TXN100777,CUST3510,3074.64,Wallet,Pune,Mobile,0,0,1,398,1,0
TXN100778,CUST2419,463.4,Wallet,Pune,Desktop,0,0,3,47,0,0
TXN100779,CUST3794,2168.47,UPI,Jaipur,Mobile,0,0,1,809,2,1
TXN100780,CUST3698,3071.72,UPI,Hyderabad,Desktop,0,1,1,508,0,0
TXN100781,CUST1481,2560.39,UPI,Kolkata,Desktop,0,0,0,593,0,0
TXN100782,CUST1254,15836.9,UPI,Mumbai,Mobile,0,0,0,307,0,0
TXN100783,CUST3549,4799.83,Wallet,Bangalore,Mobile,0,0,1,37,0,0
TXN100784,CUST3027,69331.43,Wallet,Hyderabad,Mobile,0,0,1,600,0,0
TXN100785,CUST3381,2022.35,Card,Mumbai,Desktop,0,1,1,660,0,0
TXN100786,CUST4874,1209.79,NetBanking,Kolkata,Mobile,0,0,2,460,0,1
TXN100787,CUST1403,33520.81,NetBanking,Jaipur,Desktop,0,0,1,381,0,0
TXN100788,CUST4427,7825.22,UPI,Delhi,Desktop,0,0,0,67,0,0
TXN100789,CUST4863,4745.46,UPI,Bangalore,Tablet,0,0,1,254,0,0
TXN100790,CUST3802,2287.18,UPI,Mumbai,Mobile,0,0,0,865,1,1
TXN100791,CUST2791,592.36,Card,Delhi,Mobile,0,1,2,1324,0,0
TXN100792,CUST1461,2721.11,Card,Chennai,Tablet,0,0,0,194,0,0
TXN100793,CUST1006,4107.0,NetBanking,Kolkata,Mobile,0,0,2,1078,1,0
TXN100794,CUST1961,10165.56,NetBanking,Delhi,Mobile,0,0,1,6,0,0
TXN100795,CUST3488,4068.84,Card,Bangalore,Desktop,0,1,1,389,3,1
TXN100796,CUST4566,4703.16,Wallet,Jaipur,Mobile,0,0,2,333,0,0
TXN100797,CUST2167,1825.62,UPI,Jaipur,Mobile,1,1,1,757,0,0
TXN100798,CUST3629,6956.47,Card,Mumbai,Desktop,0,0,3,184,0,0
TXN100799,CUST1865,364.97,Card,Hyderabad,Tablet,0,0,0,384,0,0
TXN100800,CUST2614,19841.9,Card,Mumbai,Mobile,0,1,0,23,0,0
TXN100801,CUST3518,1756.51,Card,Kolkata,Mobile,0,1,2,371,1,1
TXN100802,CUST1185,4101.22,Card,Hyderabad,Tablet,0,0,2,2,0,0
TXN100803,CUST4402,14904.51,UPI,Delhi,Tablet,0,1,0,321,0,0
TXN100804,CUST2016,182.1,Card,Pune,Desktop,0,0,1,123,0,0
TXN100805,CUST1239,1071.3,UPI,Bangalore,Tablet,0,0,1,20,0,1
TXN100806,CUST2430,802.2,Card,Bangalore,Desktop,0,1,2,442,0,0
TXN100807,CUST3993,9258.9,NetBanking,Mumbai,Desktop,0,0,0,303,0,0
TXN100808,CUST1901,561.48,Wallet,Delhi,Mobile,0,0,3,461,0,0
TXN100809,CUST4560,12822.98,UPI,Jaipur,Mobile,0,0,1,133,0,0
TXN100810,CUST4886,2248.61,Card,Mumbai,Desktop,0,0,2,38,0,0
TXN100811,CUST2091,1682.86,Card,Delhi,Desktop,0,0,1,106,0,0
TXN100812,CUST3195,15970.24,UPI,Mumbai,Mobile,0,1,1,400,0,0
TXN100813,CUST2801,952.37,UPI,Pune,Mobile,0,0,1,877,0,1
TXN100814,CUST2346,459.66,Wallet,Chennai,Desktop,0,0,1,114,0,0
TXN100815,CUST2358,6399.16,NetBanking,Kolkata,Mobile,0,1,4,92,0,0
TXN100816,CUST2923,12626.15,Card,Bangalore,Desktop,0,0,0,83,0,1
TXN100817,CUST3900,2886.02,Card,Hyderabad,Mobile,0,0,0,35,0,0
TXN100818,CUST2247,510.03,Card,Pune,Tablet,0,0,1,51,0,0
TXN100819,CUST4767,723.5,Wallet,Chennai,Desktop,0,0,2,128,1,0
TXN100820,CUST2713,7064.87,UPI,Bangalore,Tablet,0,0,1,7,0,1
TXN100821,CUST3944,3172.87,Card,Pune,Tablet,0,0,0,434,0,0
TXN100822,CUST3099,6733.44,Card,Kolkata,Tablet,0,0,1,36,0,0
TXN100823,CUST4829,1957.76,Card,Delhi,Desktop,0,0,2,730,0,0
TXN100824,CUST4474,6412.38,UPI,Delhi,Desktop,0,0,0,261,0,0
TXN100825,CUST4789,1156.66,Card,Mumbai,Desktop,0,0,2,240,3,1
TXN100826,CUST1295,1597.3,Card,Delhi,Mobile,1,0,2,71,1,1
TXN100827,CUST4379,11894.04,UPI,Kolkata,Mobile,0,0,2,532,0,0
TXN100828,CUST4683,5929.15,UPI,Mumbai,Mobile,1,0,1,303,0,0
TXN100829,CUST4162,8384.92,UPI,Delhi,Mobile,1,0,1,164,1,0
TXN100830,CUST2271,734.57,UPI,Jaipur,Desktop,0,0,3,254,0,0
TXN100831,CUST1178,8734.52,Card,Bangalore,Mobile,0,0,2,175,0,0
TXN100832,CUST1396,3307.59,Wallet,Hyderabad,Desktop,0,0,1,300,2,0
TXN100833,CUST2032,3156.76,Card,Jaipur,Mobile,0,0,1,245,0,1
TXN100834,CUST3793,5080.44,Card,Delhi,Desktop,0,0,0,192,0,0
TXN100835,CUST3110,12546.77,Card,Hyderabad,Desktop,0,1,0,494,0,0
TXN100836,CUST1942,567.36,Card,Mumbai,Mobile,0,0,1,352,0,0
TXN100837,CUST2226,5766.12,UPI,Mumbai,Desktop,0,0,2,378,0,0
TXN100838,CUST2892,6674.71,Card,Delhi,Mobile,1,1,0,389,2,1
TXN100839,CUST2876,38384.13,UPI,Mumbai,Mobile,0,0,0,1765,0,0
TXN100840,CUST4016,923.07,Card,Delhi,Desktop,0,0,3,349,2,0
TXN100841,CUST3443,1584.9,UPI,Hyderabad,Mobile,0,0,0,280,0,0
TXN100842,CUST3849,5608.85,Wallet,Mumbai,Desktop,0,1,1,170,0,0
TXN100843,CUST1943,893.11,Card,Kolkata,Mobile,0,0,1,103,0,0
TXN100844,CUST4088,5034.25,UPI,Hyderabad,Tablet,1,1,3,445,0,0
TXN100845,CUST3240,9013.45,UPI,Bangalore,Desktop,0,0,1,833,0,0
TXN100846,CUST1308,1899.41,UPI,Chennai,Mobile,0,0,1,804,0,0
TXN100847,CUST4103,3388.57,UPI,Jaipur,Mobile,1,1,0,1215,0,1
TXN100848,CUST3405,5974.58,UPI,Pune,Mobile,1,0,1,329,0,0
TXN100849,CUST4601,1346.77,Card,Chennai,Desktop,0,0,0,673,0,0
TXN100850,CUST1092,3409.8,UPI,Pune,Mobile,0,0,2,214,0,0
TXN100851,CUST2695,11814.48,Card,Delhi,Mobile,1,0,0,346,0,0
TXN100852,CUST2190,396.42,UPI,Pune,Tablet,0,1,1,1486,0,0
TXN100853,CUST1335,2776.62,NetBanking,Jaipur,Mobile,0,0,2,89,0,0
TXN100854,CUST3503,6040.15,Card,Pune,Tablet,0,0,1,1153,0,0
TXN100855,CUST3293,16671.0,Card,Bangalore,Desktop,0,0,1,176,1,1
TXN100856,CUST3582,3195.18,NetBanking,Pune,Mobile,0,0,1,345,0,0
TXN100857,CUST3641,32837.12,UPI,Pune,Desktop,0,0,3,644,0,0
TXN100858,CUST4128,1864.8,Card,Chennai,Mobile,0,0,0,1086,0,0
TXN100859,CUST4584,1905.33,UPI,Bangalore,Mobile,1,0,4,835,0,1
TXN100860,CUST3759,4414.84,Card,Mumbai,Desktop,1,0,1,408,0,0
TXN100861,CUST3131,2269.45,UPI,Chennai,Tablet,0,0,2,143,0,0
TXN100862,CUST4237,3502.15,UPI,Mumbai,Mobile,0,1,2,208,1,1
TXN100863,CUST4271,2749.23,Card,Kolkata,Desktop,0,0,1,147,0,0
TXN100864,CUST3434,2984.6,UPI,Mumbai,Tablet,0,0,1,22,0,1
TXN100865,CUST1283,299.05,UPI,Delhi,Desktop,0,0,1,1267,0,0
TXN100866,CUST4519,20993.86,Card,Mumbai,Mobile,0,0,3,1293,0,0
TXN100867,CUST3731,1968.89,UPI,Mumbai,Mobile,0,0,2,1309,2,0
TXN100868,CUST4571,1684.62,Wallet,Delhi,Mobile,0,0,1,281,0,0
TXN100869,CUST3899,15377.37,Card,Chennai,Mobile,0,0,2,595,3,1
TXN100870,CUST4969,278.19,UPI,Chennai,Desktop,0,0,1,129,0,0
TXN100871,CUST4795,11492.71,NetBanking,Hyderabad,Mobile,1,1,1,11,0,1
TXN100872,CUST2921,1524.48,NetBanking,Kolkata,Tablet,0,0,3,767,0,0
TXN100873,CUST3678,4792.79,Card,Bangalore,Mobile,0,0,2,28,0,0
TXN100874,CUST2183,2738.95,UPI,Kolkata,Mobile,0,0,1,911,0,0
TXN100875,CUST3837,4127.21,Card,Bangalore,Tablet,1,1,6,40,0,1
TXN100876,CUST4091,37148.63,NetBanking,Pune,Mobile,0,0,1,146,0,0
TXN100877,CUST2863,8937.52,UPI,Chennai,Desktop,0,0,0,86,0,0
TXN100878,CUST2718,16064.99,Card,Chennai,Desktop,0,0,1,211,0,0
TXN100879,CUST3487,17541.62,UPI,Pune,Mobile,0,0,3,302,0,0
TXN100880,CUST1732,1158.28,UPI,Pune,Mobile,0,0,2,29,0,0
TXN100881,CUST1916,4470.26,Card,Chennai,Tablet,1,0,1,60,0,0
TXN100882,CUST4829,11644.92,Card,Jaipur,Mobile,1,0,1,318,0,0
TXN100883,CUST3737,19696.44,Card,Mumbai,Mobile,0,0,2,715,0,0
TXN100884,CUST1857,1730.81,NetBanking,Delhi,Tablet,0,0,0,31,0,0
TXN100885,CUST3745,16954.49,UPI,Delhi,Desktop,0,0,2,335,0,0
TXN100886,CUST3780,19964.72,Card,Mumbai,Tablet,0,0,0,74,0,0
TXN100887,CUST1423,4508.67,NetBanking,Jaipur,Desktop,0,0,1,242,3,0
TXN100888,CUST1967,17123.09,Card,Delhi,Desktop,0,0,0,435,0,0
TXN100889,CUST2611,283.42,Card,Kolkata,Mobile,1,1,0,656,0,0
TXN100890,CUST4857,247.15,Wallet,Delhi,Mobile,0,0,2,40,0,1
TXN100891,CUST3231,2766.35,Card,Hyderabad,Tablet,0,0,0,562,0,0
TXN100892,CUST3469,8034.64,NetBanking,Kolkata,Mobile,0,0,0,343,0,0
TXN100893,CUST4753,4138.47,Card,Jaipur,Mobile,0,0,3,937,0,0
TXN100894,CUST4852,6651.78,Card,Jaipur,Desktop,0,0,0,260,0,0
TXN100895,CUST2804,5754.39,Card,Kolkata,Mobile,0,0,3,1444,0,0
TXN100896,CUST4995,3149.63,Card,Hyderabad,Mobile,0,0,0,283,0,0
TXN100897,CUST4636,2513.5,UPI,Mumbai,Desktop,0,0,1,191,0,0
TXN100898,CUST4411,7705.25,UPI,Chennai,Desktop,0,0,1,431,0,0
TXN100899,CUST3863,7378.61,Card,Kolkata,Mobile,0,0,3,347,0,0
TXN100900,CUST4390,11209.95,UPI,Hyderabad,Tablet,0,0,3,676,0,0
TXN100901,CUST2459,2393.01,Card,Delhi,Desktop,0,0,1,486,0,0
TXN100902,CUST2124,1581.97,Card,Chennai,Mobile,0,1,1,96,0,0
TXN100903,CUST2260,4739.29,Wallet,Hyderabad,Mobile,0,0,1,762,0,0
TXN100904,CUST4468,2276.88,UPI,Chennai,Mobile,0,0,2,547,0,0
TXN100905,CUST4436,1649.56,Card,Kolkata,Mobile,0,1,1,318,0,0
TXN100906,CUST1427,4148.03,UPI,Kolkata,Mobile,0,0,1,67,0,0
TXN100907,CUST2260,7596.71,Wallet,Hyderabad,Mobile,0,0,1,18,0,0
TXN100908,CUST2307,1326.03,Card,Pune,Mobile,0,0,4,410,0,0
TXN100909,CUST1921,12128.82,Card,Bangalore,Desktop,1,1,1,191,0,0
TXN100910,CUST4310,3944.87,Wallet,Chennai,Mobile,0,0,1,1015,0,0
TXN100911,CUST3805,8157.15,Card,Pune,Tablet,0,0,2,716,0,1
TXN100912,CUST2632,1539.61,Card,Delhi,Mobile,1,0,2,971,1,0
TXN100913,CUST1480,5337.91,UPI,Mumbai,Desktop,0,0,0,208,0,0
TXN100914,CUST1623,3826.95,Card,Bangalore,Mobile,0,0,2,342,0,0
TXN100915,CUST2173,1766.33,Card,Delhi,Desktop,0,1,1,513,0,1
TXN100916,CUST4170,3588.35,Card,Delhi,Mobile,0,0,2,1035,0,0
TXN100917,CUST1960,6064.89,NetBanking,Bangalore,Mobile,0,0,1,430,0,0
TXN100918,CUST1546,2186.56,Card,Bangalore,Mobile,0,0,2,169,0,0
TXN100919,CUST1537,3003.06,Card,Pune,Mobile,0,0,0,122,0,0
TXN100920,CUST4726,17184.68,Wallet,Pune,Mobile,1,0,0,260,0,0
TXN100921,CUST4836,4731.61,Wallet,Chennai,Desktop,0,0,4,212,0,0
TXN100922,CUST1889,4203.51,Card,Jaipur,Mobile,0,0,2,252,0,0
TXN100923,CUST3768,1265.45,Card,Delhi,Mobile,0,0,0,236,0,0
TXN100924,CUST2912,5311.91,Card,Chennai,Mobile,0,0,0,643,0,0
TXN100925,CUST4867,2317.82,Card,Bangalore,Mobile,0,0,1,381,0,0
TXN100926,CUST4301,3091.44,Card,Pune,Mobile,0,0,0,1048,0,0
TXN100927,CUST1515,1417.54,Card,Pune,Tablet,0,0,1,1126,0,0
TXN100928,CUST3133,3860.4,UPI,Bangalore,Mobile,0,0,0,218,0,0
TXN100929,CUST3719,799.14,NetBanking,Chennai,Desktop,1,0,1,41,0,0
TXN100930,CUST2489,775.68,UPI,Chennai,Mobile,0,0,1,578,0,0
TXN100931,CUST1422,122864.34,UPI,Jaipur,Desktop,0,0,3,1067,0,0
TXN100932,CUST3884,5216.27,Card,Hyderabad,Desktop,1,0,0,295,0,0
TXN100933,CUST1202,2625.88,Card,Kolkata,Mobile,0,0,0,207,0,0
TXN100934,CUST1085,2241.66,UPI,Bangalore,Mobile,0,0,1,282,0,1
TXN100935,CUST4263,5101.35,Card,Mumbai,Desktop,0,0,2,422,0,0
TXN100936,CUST3795,2549.39,Card,Jaipur,Mobile,1,1,4,94,0,0
TXN100937,CUST3779,4087.44,Card,Hyderabad,Mobile,0,1,0,239,0,0
TXN100938,CUST1014,6493.34,UPI,Hyderabad,Desktop,0,0,2,410,0,0
TXN100939,CUST2619,513.24,UPI,Delhi,Mobile,0,0,2,660,0,0
TXN100940,CUST3909,295.4,Card,Pune,Mobile,0,0,2,406,0,0
TXN100941,CUST2388,2368.39,UPI,Kolkata,Mobile,1,0,2,1061,0,0
TXN100942,CUST3878,974.44,Wallet,Bangalore,Mobile,0,0,0,486,0,0
TXN100943,CUST4973,6071.48,NetBanking,Mumbai,Mobile,0,0,2,71,0,0
TXN100944,CUST4462,2554.1,Card,Jaipur,Tablet,0,0,2,320,0,0
TXN100945,CUST2522,8076.36,Card,Jaipur,Mobile,0,0,1,69,0,0
TXN100946,CUST2572,3526.43,UPI,Delhi,Mobile,0,0,0,60,0,0
TXN100947,CUST1956,11949.69,Card,Chennai,Desktop,0,0,1,803,0,0
TXN100948,CUST3056,2815.02,UPI,Delhi,Mobile,0,0,1,591,0,0
TXN100949,CUST3435,9958.51,Card,Mumbai,Mobile,0,0,1,812,0,0
TXN100950,CUST2338,4253.86,UPI,Jaipur,Desktop,0,0,2,189,0,0
TXN100951,CUST2766,2543.39,UPI,Hyderabad,Desktop,0,0,3,438,0,1
TXN100952,CUST4471,10937.17,UPI,Delhi,Tablet,0,0,1,223,0,0
TXN100953,CUST2227,7842.81,Card,Mumbai,Desktop,0,0,1,296,0,0
TXN100954,CUST3081,8720.78,Card,Delhi,Mobile,0,0,1,305,0,0
TXN100955,CUST3309,1408.66,UPI,Mumbai,Tablet,0,0,1,19,0,0
TXN100956,CUST2508,512.13,NetBanking,Pune,Tablet,1,0,2,155,0,0
TXN100957,CUST4611,5654.28,Card,Mumbai,Mobile,0,0,1,129,0,0
TXN100958,CUST3324,9316.38,Card,Mumbai,Mobile,0,0,3,441,0,0
TXN100959,CUST2508,6202.13,Card,Kolkata,Mobile,0,0,0,1467,0,0
TXN100960,CUST3311,4480.74,UPI,Jaipur,Desktop,1,0,1,4,0,0
TXN100961,CUST3947,14516.0,UPI,Jaipur,Mobile,0,0,2,568,0,0
TXN100962,CUST1791,18705.3,UPI,Kolkata,Desktop,0,0,2,533,0,0
TXN100963,CUST3619,1781.8,NetBanking,Hyderabad,Desktop,1,0,1,30,0,0
TXN100964,CUST4444,6816.95,Card,Chennai,Mobile,0,0,1,127,0,1
TXN100965,CUST1504,1332.16,Card,Pune,Mobile,0,0,2,332,0,0
TXN100966,CUST2405,10880.11,UPI,Pune,Desktop,0,0,5,268,0,1
TXN100967,CUST1194,2090.94,Card,Mumbai,Desktop,1,0,1,1055,0,0
TXN100968,CUST1613,5702.2,UPI,Mumbai,Mobile,0,0,1,96,0,0
TXN100969,CUST2828,2842.4,Card,Bangalore,Mobile,0,0,0,119,0,0
TXN100970,CUST4265,5806.81,Wallet,Kolkata,Desktop,0,0,2,749,0,0
TXN100971,CUST2569,6455.56,Card,Pune,Desktop,0,0,0,491,0,0
TXN100972,CUST3159,35302.7,UPI,Mumbai,Mobile,0,0,3,923,0,0
TXN100973,CUST4968,3132.79,Card,Hyderabad,Desktop,0,0,2,496,0,0
TXN100974,CUST1436,1959.79,Card,Hyderabad,Desktop,0,0,1,547,0,0
TXN100975,CUST1295,3626.25,Card,Mumbai,Mobile,0,0,0,1093,0,0
TXN100976,CUST1754,6775.32,Card,Chennai,Tablet,0,0,0,344,0,0
TXN100977,CUST4277,4946.88,Card,Hyderabad,Desktop,0,0,0,1623,0,0
TXN100978,CUST1241,15351.35,NetBanking,Chennai,Mobile,0,0,3,245,0,0
TXN100979,CUST3453,666.39,UPI,Chennai,Tablet,0,0,1,264,0,0
TXN100980,CUST3127,2992.43,UPI,Bangalore,Desktop,0,0,1,403,0,0
TXN100981,CUST3813,2856.78,UPI,Chennai,Mobile,0,0,1,580,0,0
TXN100982,CUST3949,7425.08,Card,Delhi,Desktop,0,0,1,541,0,0
TXN100983,CUST1172,847.57,Card,Pune,Mobile,0,0,1,67,2,0
TXN100984,CUST4067,4588.95,NetBanking,Mumbai,Desktop,0,0,1,133,0,0
TXN100985,CUST1462,1017.38,Card,Kolkata,Desktop,0,0,1,77,0,0
TXN100986,CUST1069,6132.99,Card,Delhi,Mobile,0,0,1,354,0,0
TXN100987,CUST2565,8741.09,Card,Chennai,Desktop,0,0,0,1276,0,0
TXN100988,CUST4202,4707.86,Card,Delhi,Desktop,0,1,2,413,0,0
TXN100989,CUST1226,2915.67,Card,Chennai,Mobile,0,0,1,132,0,0
TXN100990,CUST3861,762.41,NetBanking,Delhi,Mobile,0,0,1,2,1,0
TXN100991,CUST3074,2472.07,UPI,Mumbai,Desktop,1,1,2,41,0,0
TXN100992,CUST4721,47042.72,NetBanking,Kolkata,Desktop,0,0,1,154,0,1
TXN100993,CUST2530,2483.8,Card,Kolkata,Mobile,1,0,0,24,0,0
TXN100994,CUST2646,3118.87,UPI,Delhi,Mobile,0,0,2,916,0,0
TXN100995,CUST3765,4521.86,Wallet,Pune,Desktop,0,1,1,1658,1,0
TXN100996,CUST1688,6547.37,Wallet,Chennai,Mobile,1,0,2,5,0,0
TXN100997,CUST4290,15305.18,UPI,Pune,Desktop,0,0,0,165,2,0
TXN100998,CUST4618,3874.05,Card,Hyderabad,Desktop,0,0,1,78,0,0
TXN100999,CUST1679,5095.35,UPI,Kolkata,Mobile,0,0,1,205,0,0
TXN101000,CUST4802,2589.54,Card,Pune,Tablet,0,0,3,468,0,0
TXN101001,CUST3621,196.24,UPI,Mumbai,Desktop,0,0,2,1685,0,0
TXN101002,CUST4336,9380.92,Card,Delhi,Desktop,0,0,1,190,0,0
TXN101003,CUST2851,14335.35,NetBanking,Chennai,Mobile,0,0,2,77,0,0
TXN101004,CUST3762,4296.36,UPI,Bangalore,Mobile,0,0,1,165,0,0
TXN101005,CUST4200,2194.92,NetBanking,Chennai,Mobile,0,0,0,169,0,0
TXN101006,CUST4753,1713.81,Card,Hyderabad,Mobile,0,0,1,68,1,1
TXN101007,CUST1939,918.26,UPI,Chennai,Desktop,0,0,2,94,0,1
TXN101008,CUST2688,16807.84,NetBanking,Delhi,Desktop,1,0,1,226,0,0
TXN101009,CUST1217,3681.1,NetBanking,Mumbai,Mobile,0,0,1,244,0,0
TXN101010,CUST1827,5671.69,UPI,Jaipur,Desktop,0,0,2,2,0,0
TXN101011,CUST1713,4580.42,UPI,Chennai,Mobile,0,0,1,418,2,1
TXN101012,CUST1452,11498.23,NetBanking,Delhi,Tablet,0,0,2,356,0,0
TXN101013,CUST2921,1627.62,Card,Delhi,Mobile,0,0,1,13,0,0
TXN101014,CUST4184,9674.99,Card,Bangalore,Mobile,0,0,3,157,0,0
TXN101015,CUST1851,719.19,Card,Pune,Desktop,0,0,0,46,0,0
TXN101016,CUST4240,2865.85,Card,Pune,Mobile,0,0,3,112,0,0
TXN101017,CUST2822,1455.95,Wallet,Delhi,Mobile,1,1,2,1146,0,0
TXN101018,CUST3026,1132.33,UPI,Jaipur,Desktop,0,0,0,124,0,0
TXN101019,CUST1810,10847.65,Card,Mumbai,Mobile,0,0,1,204,0,0
TXN101020,CUST3235,1420.12,Card,Chennai,Mobile,0,1,1,633,0,0
TXN101021,CUST3182,3365.77,Card,Chennai,Mobile,0,0,1,83,0,0
TXN101022,CUST1329,11109.89,Card,Jaipur,Mobile,0,0,2,115,0,0
TXN101023,CUST2407,28052.65,Card,Pune,Tablet,0,0,0,437,0,0
TXN101024,CUST1639,13609.72,UPI,Jaipur,Mobile,0,0,2,108,0,0
TXN101025,CUST3989,4460.95,UPI,Pune,Tablet,0,0,4,122,0,0
TXN101026,CUST3524,1268.39,NetBanking,Chennai,Tablet,0,0,0,538,1,0
TXN101027,CUST4935,5103.87,Card,Chennai,Desktop,0,0,2,161,0,0
TXN101028,CUST2339,8736.7,UPI,Kolkata,Desktop,0,0,0,133,0,0
TXN101029,CUST2295,2189.21,UPI,Chennai,Mobile,0,0,1,339,0,0
TXN101030,CUST2070,884.01,UPI,Delhi,Mobile,0,0,1,220,0,0
TXN101031,CUST1271,9261.12,Card,Mumbai,Desktop,1,0,1,16,2,1
TXN101032,CUST3622,1675.61,Card,Delhi,Mobile,0,0,0,554,0,0
TXN101033,CUST3563,7666.36,Card,Kolkata,Mobile,1,0,1,12,0,0
TXN101034,CUST3790,3402.01,UPI,Mumbai,Desktop,0,0,2,363,0,0
TXN101035,CUST3052,4438.43,UPI,Hyderabad,Mobile,1,0,0,46,0,0
TXN101036,CUST1385,26653.15,Wallet,Delhi,Mobile,0,1,0,308,0,0
TXN101037,CUST2374,4331.63,Wallet,Hyderabad,Desktop,0,0,3,274,1,0
TXN101038,CUST4645,1358.52,Card,Bangalore,Mobile,1,0,1,535,0,0
TXN101039,CUST3877,3726.47,Card,Pune,Mobile,0,0,2,545,0,0
TXN101040,CUST1209,5137.06,UPI,Pune,Mobile,0,0,1,870,0,0
TXN101041,CUST4118,4347.02,UPI,Pune,Desktop,0,0,1,10,0,0
TXN101042,CUST3547,2132.63,UPI,Bangalore,Tablet,0,0,1,938,0,0
TXN101043,CUST3652,2983.23,UPI,Delhi,Mobile,0,0,1,485,0,0
TXN101044,CUST1260,6022.62,Card,Kolkata,Desktop,0,0,0,1331,0,0
TXN101045,CUST2084,5733.85,Card,Jaipur,Mobile,0,0,1,185,0,0
TXN101046,CUST1168,8978.86,NetBanking,Chennai,Desktop,0,0,1,363,1,0
TXN101047,CUST3269,3921.19,NetBanking,Mumbai,Mobile,0,1,0,59,1,1
TXN101048,CUST4606,2755.65,Card,Chennai,Mobile,0,0,0,583,1,0
TXN101049,CUST2274,1850.46,UPI,Bangalore,Desktop,0,0,1,234,0,0
TXN101050,CUST3499,2992.41,Card,Mumbai,Mobile,0,0,1,35,1,0
TXN101051,CUST4060,1170.91,NetBanking,Bangalore,Desktop,0,0,1,499,0,0
TXN101052,CUST3226,1541.1,UPI,Jaipur,Tablet,0,0,3,702,0,0
TXN101053,CUST3969,5565.11,UPI,Kolkata,Tablet,1,1,2,79,0,0
TXN101054,CUST2067,3946.34,UPI,Hyderabad,Mobile,0,0,2,483,0,0
TXN101055,CUST2626,1281.92,Card,Hyderabad,Tablet,0,0,0,122,0,0
TXN101056,CUST2477,2768.35,Card,Kolkata,Mobile,0,0,1,858,0,0
TXN101057,CUST1865,1035.72,NetBanking,Chennai,Mobile,0,0,0,24,0,0
TXN101058,CUST1761,3739.97,Card,Mumbai,Desktop,0,0,1,263,0,0
TXN101059,CUST3340,3880.54,UPI,Hyderabad,Mobile,0,0,2,511,0,0
TXN101060,CUST2796,46317.41,UPI,Chennai,Mobile,0,0,0,788,3,1
TXN101061,CUST2398,28444.68,Card,Jaipur,Mobile,0,1,1,333,0,1
TXN101062,CUST4902,31099.86,Wallet,Hyderabad,Mobile,0,0,0,1,0,0
TXN101063,CUST4323,4099.47,Card,Bangalore,Mobile,0,0,0,463,0,0
TXN101064,CUST4844,3834.37,UPI,Chennai,Mobile,0,0,1,71,0,0
TXN101065,CUST4467,2909.52,Card,Kolkata,Mobile,0,0,1,31,0,0
TXN101066,CUST4449,621.46,Card,Pune,Desktop,0,0,2,678,0,0
TXN101067,CUST2526,5288.99,NetBanking,Mumbai,Mobile,0,1,0,407,0,0
TXN101068,CUST1390,15659.04,Card,Bangalore,Mobile,0,0,1,688,0,0
TXN101069,CUST2541,1986.1,UPI,Mumbai,Tablet,0,0,0,293,2,0
TXN101070,CUST1465,465.21,UPI,Mumbai,Tablet,0,0,1,350,0,0
TXN101071,CUST1604,615.12,Wallet,Mumbai,Mobile,1,1,2,342,0,0
TXN101072,CUST1137,14254.15,NetBanking,Kolkata,Mobile,0,0,1,159,0,0
TXN101073,CUST1653,5672.98,Wallet,Delhi,Desktop,0,0,1,292,0,0
TXN101074,CUST3384,2608.71,Card,Delhi,Mobile,0,0,2,239,0,0
TXN101075,CUST4482,4130.99,UPI,Jaipur,Desktop,0,0,1,149,0,0
TXN101076,CUST3145,8420.43,NetBanking,Delhi,Tablet,1,0,1,1,0,0
TXN101077,CUST3670,269.15,UPI,Jaipur,Desktop,1,0,2,39,0,0
TXN101078,CUST3611,605.51,UPI,Hyderabad,Desktop,0,0,1,1231,0,0
TXN101079,CUST4682,659.24,Card,Kolkata,Tablet,0,0,1,71,0,0
TXN101080,CUST3786,2296.47,UPI,Hyderabad,Mobile,0,0,1,1165,0,0
TXN101081,CUST4126,668.13,Card,Jaipur,Mobile,0,0,1,122,0,0
TXN101082,CUST1014,668.53,Card,Delhi,Tablet,0,0,1,40,2,0
TXN101083,CUST1044,790.48,Card,Bangalore,Mobile,0,0,2,277,2,0
TXN101084,CUST1699,2913.03,Wallet,Jaipur,Mobile,0,0,2,611,0,0
TXN101085,CUST1163,4528.74,NetBanking,Chennai,Mobile,1,1,1,5,0,0
TXN101086,CUST2041,6800.64,UPI,Kolkata,Mobile,0,0,0,834,0,0
TXN101087,CUST1386,9312.23,Card,Bangalore,Mobile,0,0,0,985,0,0
TXN101088,CUST1852,1537.99,UPI,Bangalore,Mobile,0,0,4,618,0,0
TXN101089,CUST2205,4666.39,Card,Bangalore,Desktop,0,0,0,12,0,0
TXN101090,CUST4172,3396.0,UPI,Mumbai,Desktop,0,0,0,4,0,0
TXN101091,CUST1423,5331.04,NetBanking,Pune,Mobile,0,0,4,15,0,0
TXN101092,CUST2955,6498.83,Card,Delhi,Mobile,0,0,1,817,0,0
TXN101093,CUST4523,347.68,Card,Delhi,Mobile,0,0,0,319,0,0
TXN101094,CUST4876,6696.11,Card,Hyderabad,Tablet,0,0,2,135,3,1
TXN101095,CUST1419,4276.51,NetBanking,Mumbai,Mobile,0,0,1,311,0,0
TXN101096,CUST1816,4183.98,UPI,Bangalore,Mobile,1,0,1,117,1,0
TXN101097,CUST1307,43804.92,UPI,Mumbai,Mobile,0,0,0,384,0,0
TXN101098,CUST3588,14374.74,UPI,Bangalore,Desktop,1,1,1,983,0,0
TXN101099,CUST4967,5008.93,UPI,Delhi,Mobile,0,0,1,533,0,0
TXN101100,CUST4316,1668.3,UPI,Jaipur,Mobile,0,0,0,493,0,0
TXN101101,CUST3041,943.28,NetBanking,Bangalore,Mobile,0,0,2,398,0,0
TXN101102,CUST1403,33057.67,Card,Pune,Desktop,0,0,1,322,0,0
TXN101103,CUST4610,2602.48,UPI,Delhi,Mobile,0,0,1,393,0,0
TXN101104,CUST2115,5563.66,Card,Bangalore,Mobile,0,0,1,134,0,0
TXN101105,CUST4176,2035.23,Card,Bangalore,Mobile,0,0,2,672,0,0
TXN101106,CUST3722,1146.63,Wallet,Mumbai,Mobile,0,0,0,441,0,0
TXN101107,CUST2889,4988.35,Wallet,Hyderabad,Desktop,0,0,2,380,0,0
TXN101108,CUST2373,11796.56,NetBanking,Hyderabad,Desktop,0,0,1,1546,0,0
TXN101109,CUST2946,936.57,Wallet,Mumbai,Desktop,0,1,2,74,0,1
TXN101110,CUST3867,4700.19,UPI,Jaipur,Mobile,0,0,2,475,0,0
TXN101111,CUST2042,4385.94,Card,Mumbai,Desktop,0,0,0,596,2,0
TXN101112,CUST4188,1143.37,UPI,Chennai,Mobile,0,0,2,683,0,0
TXN101113,CUST3221,2125.8,UPI,Delhi,Tablet,0,0,0,241,2,0
TXN101114,CUST3201,551.78,Card,Bangalore,Tablet,0,0,2,598,1,0
TXN101115,CUST3048,4043.14,Card,Jaipur,Mobile,0,1,1,92,0,1
TXN101116,CUST1973,11740.59,Card,Chennai,Mobile,0,0,1,157,0,0
TXN101117,CUST3401,3080.2,Card,Pune,Tablet,0,1,2,598,0,0
TXN101118,CUST3990,518.67,UPI,Kolkata,Desktop,0,1,1,1662,0,0
TXN101119,CUST3042,1583.97,NetBanking,Kolkata,Mobile,0,0,2,17,1,0
TXN101120,CUST3482,2610.61,UPI,Jaipur,Mobile,0,0,3,1005,0,0
TXN101121,CUST2097,6857.39,UPI,Jaipur,Mobile,0,0,1,314,1,0
TXN101122,CUST4504,1597.25,UPI,Kolkata,Mobile,0,0,1,159,0,0
TXN101123,CUST3812,20840.66,NetBanking,Chennai,Mobile,0,0,0,202,0,0
TXN101124,CUST1193,5432.55,UPI,Bangalore,Mobile,1,0,0,57,1,0
TXN101125,CUST2232,15117.02,Card,Hyderabad,Desktop,0,0,0,481,0,0
TXN101126,CUST4986,2413.85,NetBanking,Mumbai,Tablet,0,0,2,340,0,0
TXN101127,CUST1169,933.49,Card,Jaipur,Mobile,0,0,0,1024,0,0
TXN101128,CUST3880,9316.59,UPI,Delhi,Desktop,0,0,0,1250,0,0
TXN101129,CUST1742,5228.04,Card,Chennai,Mobile,0,0,1,164,1,0
TXN101130,CUST3445,4269.56,Card,Bangalore,Desktop,0,0,1,717,0,0
TXN101131,CUST2086,40077.99,Card,Jaipur,Desktop,0,0,0,192,1,0
TXN101132,CUST4570,11750.42,Wallet,Chennai,Desktop,0,0,3,239,0,0
TXN101133,CUST3035,5357.53,UPI,Chennai,Mobile,0,0,1,167,0,0
TXN101134,CUST3512,12687.87,Wallet,Hyderabad,Mobile,0,1,1,34,0,0
TXN101135,CUST3821,1574.21,Card,Mumbai,Mobile,0,0,2,520,0,0
TXN101136,CUST4076,618.7,NetBanking,Pune,Mobile,0,0,1,552,0,0
TXN101137,CUST4895,563.45,NetBanking,Pune,Desktop,1,0,3,1094,0,0
TXN101138,CUST1906,1720.61,UPI,Delhi,Desktop,0,0,3,111,1,1
TXN101139,CUST3806,3551.19,NetBanking,Bangalore,Tablet,0,0,4,676,0,0
TXN101140,CUST1978,2388.87,Card,Kolkata,Mobile,0,1,1,708,0,0
TXN101141,CUST4489,1663.74,NetBanking,Hyderabad,Tablet,0,0,0,184,0,0
TXN101142,CUST2468,1596.04,Card,Hyderabad,Desktop,0,0,1,216,0,0
TXN101143,CUST1954,799.15,UPI,Mumbai,Mobile,0,0,1,701,0,0
TXN101144,CUST4747,5776.38,Wallet,Kolkata,Mobile,0,0,4,484,0,0
TXN101145,CUST1423,11914.72,Card,Jaipur,Mobile,0,1,1,548,0,0
TXN101146,CUST3267,4487.39,UPI,Delhi,Mobile,0,0,3,466,0,0
TXN101147,CUST2331,16603.79,UPI,Hyderabad,Mobile,0,0,1,235,0,0
TXN101148,CUST4173,7673.96,Card,Bangalore,Mobile,0,0,0,117,0,0
TXN101149,CUST2538,12179.39,Card,Mumbai,Desktop,0,0,1,15,1,0
TXN101150,CUST2092,2600.98,UPI,Bangalore,Mobile,1,0,0,144,0,0
TXN101151,CUST4830,10902.8,NetBanking,Delhi,Desktop,0,0,1,312,2,0
TXN101152,CUST4169,2921.39,UPI,Delhi,Mobile,0,0,1,381,3,0
TXN101153,CUST4121,15961.82,Card,Pune,Desktop,0,0,1,201,0,0
TXN101154,CUST3210,1493.49,Card,Jaipur,Desktop,0,0,0,221,0,0
TXN101155,CUST2843,366.17,NetBanking,Jaipur,Mobile,0,0,1,142,0,0
TXN101156,CUST4168,2691.76,Card,Mumbai,Desktop,0,0,2,145,1,0
TXN101157,CUST4030,8975.36,Card,Pune,Tablet,0,0,4,131,0,0
TXN101158,CUST3939,7287.25,UPI,Pune,Mobile,0,0,1,337,0,0
TXN101159,CUST4683,2614.05,Card,Pune,Mobile,0,1,1,382,0,0
TXN101160,CUST1267,14364.51,Card,Mumbai,Desktop,0,0,0,728,2,0
TXN101161,CUST1060,10793.33,UPI,Chennai,Tablet,1,0,1,199,0,0
TXN101162,CUST3769,5420.03,Card,Hyderabad,Desktop,0,0,0,441,0,0
TXN101163,CUST1696,20073.74,UPI,Chennai,Desktop,0,0,2,675,1,1
TXN101164,CUST2489,2523.37,Card,Mumbai,Desktop,0,0,1,908,0,0
TXN101165,CUST4829,3678.4,UPI,Hyderabad,Desktop,0,0,0,237,1,0
TXN101166,CUST4236,1945.19,Card,Mumbai,Mobile,0,0,1,401,0,0
TXN101167,CUST3543,2309.22,UPI,Kolkata,Mobile,0,0,2,211,0,0
TXN101168,CUST2716,15056.79,Card,Hyderabad,Desktop,1,1,0,139,0,0
TXN101169,CUST4909,4436.49,NetBanking,Jaipur,Desktop,0,0,1,214,0,0
TXN101170,CUST1635,10472.0,UPI,Kolkata,Mobile,0,0,1,24,1,1
TXN101171,CUST1489,1053.39,Wallet,Kolkata,Mobile,0,0,2,796,1,0
TXN101172,CUST3565,2112.85,Card,Bangalore,Mobile,0,0,1,847,0,0
TXN101173,CUST1529,1163.12,UPI,Kolkata,Mobile,0,0,1,1315,0,0
TXN101174,CUST3788,3735.51,Card,Mumbai,Mobile,0,0,1,345,0,0
TXN101175,CUST3265,1293.32,Wallet,Kolkata,Mobile,0,0,1,20,0,0
TXN101176,CUST4510,4214.66,NetBanking,Mumbai,Mobile,0,0,1,66,0,0
TXN101177,CUST3457,15328.49,Card,Mumbai,Mobile,0,0,0,291,0,0
TXN101178,CUST2067,18240.33,Card,Delhi,Mobile,0,1,2,1210,0,0
TXN101179,CUST2203,6830.59,Card,Chennai,Tablet,0,0,0,419,0,0
TXN101180,CUST4148,19489.5,UPI,Pune,Desktop,0,0,1,24,0,0
TXN101181,CUST3820,4180.02,NetBanking,Delhi,Desktop,0,0,0,432,0,0
TXN101182,CUST4091,3727.29,UPI,Kolkata,Mobile,0,0,2,134,1,0
TXN101183,CUST3477,6119.55,Card,Bangalore,Mobile,0,0,2,376,0,0
TXN101184,CUST1846,4904.23,Card,Delhi,Mobile,0,0,0,1475,0,0
TXN101185,CUST3010,6999.59,UPI,Kolkata,Mobile,0,0,5,283,0,0
TXN101186,CUST1584,4447.68,NetBanking,Hyderabad,Mobile,0,0,1,95,0,0
TXN101187,CUST4938,9549.46,Card,Jaipur,Tablet,0,0,0,151,0,0
TXN101188,CUST4109,8656.86,Card,Pune,Mobile,0,1,0,501,0,0
TXN101189,CUST3617,5825.13,Card,Delhi,Mobile,1,0,4,33,0,0
TXN101190,CUST3944,3218.2,UPI,Hyderabad,Tablet,0,0,2,357,1,0
TXN101191,CUST3443,754.6,Card,Mumbai,Mobile,1,0,1,198,0,0
TXN101192,CUST4353,2064.69,Card,Pune,Desktop,0,0,1,212,0,0
TXN101193,CUST2143,3142.52,Wallet,Delhi,Desktop,0,0,3,288,0,0
TXN101194,CUST2328,3682.07,Wallet,Jaipur,Mobile,0,1,0,22,0,0
TXN101195,CUST1454,2414.87,NetBanking,Jaipur,Mobile,1,0,0,73,0,0
TXN101196,CUST4456,16855.68,UPI,Chennai,Desktop,0,0,1,114,2,0
TXN101197,CUST1816,5705.94,UPI,Bangalore,Desktop,0,0,2,1154,0,0
TXN101198,CUST1106,12908.53,Card,Chennai,Mobile,0,0,1,145,0,0
TXN101199,CUST3966,6631.18,UPI,Jaipur,Mobile,0,0,1,82,0,0
TXN101200,CUST2967,476.2,Wallet,Delhi,Desktop,0,0,1,1461,0,0
TXN101201,CUST3029,1891.73,UPI,Mumbai,Desktop,0,0,1,670,0,0
TXN101202,CUST2457,958.17,Card,Kolkata,Desktop,0,0,0,139,0,0
TXN101203,CUST1818,4206.25,Card,Kolkata,Desktop,0,0,1,843,0,0
TXN101204,CUST1993,3473.56,NetBanking,Bangalore,Tablet,0,0,1,107,0,0
TXN101205,CUST4118,12105.38,NetBanking,Mumbai,Desktop,0,0,3,371,0,0
TXN101206,CUST2132,29306.1,UPI,Kolkata,Mobile,0,0,0,480,0,0
TXN101207,CUST1048,809.96,NetBanking,Chennai,Mobile,1,0,0,2,0,0
TXN101208,CUST4392,17464.87,NetBanking,Pune,Mobile,1,0,2,229,0,0
TXN101209,CUST3108,1346.75,Card,Jaipur,Mobile,0,0,1,280,1,0
TXN101210,CUST3390,10608.74,Card,Pune,Desktop,1,1,1,40,0,0
TXN101211,CUST2234,2380.33,UPI,Mumbai,Mobile,0,0,1,1158,0,0
TXN101212,CUST4692,1175.59,UPI,Bangalore,Mobile,1,0,3,1,0,1
TXN101213,CUST4985,1743.43,UPI,Jaipur,Mobile,0,0,3,669,0,0
TXN101214,CUST2493,4567.25,Card,Jaipur,Mobile,0,1,2,414,0,0
TXN101215,CUST1890,622.85,Card,Jaipur,Desktop,0,0,1,230,0,0
TXN101216,CUST2879,16820.54,UPI,Hyderabad,Desktop,0,0,0,169,0,0
TXN101217,CUST1233,7426.29,UPI,Pune,Desktop,0,0,0,126,0,0
TXN101218,CUST4249,4149.07,UPI,Bangalore,Mobile,0,0,0,845,0,0
TXN101219,CUST1939,8411.36,Card,Delhi,Mobile,0,0,1,94,0,0
TXN101220,CUST1355,1142.54,NetBanking,Pune,Desktop,0,0,3,79,0,0
TXN101221,CUST4392,5300.33,UPI,Delhi,Tablet,0,0,4,522,0,0
TXN101222,CUST1411,943.59,Card,Pune,Mobile,0,0,1,993,1,0
TXN101223,CUST4258,1561.67,Card,Hyderabad,Desktop,0,0,0,341,2,0
TXN101224,CUST2864,13722.46,Card,Kolkata,Desktop,0,0,4,683,0,0
TXN101225,CUST4200,1129.71,Card,Jaipur,Mobile,0,1,1,63,0,0
TXN101226,CUST4434,1517.27,UPI,Delhi,Desktop,1,0,4,24,1,0
TXN101227,CUST3583,7723.16,UPI,Mumbai,Desktop,0,0,0,11,0,0
TXN101228,CUST3504,243.31,UPI,Pune,Mobile,1,0,2,20,1,1
TXN101229,CUST2282,18474.1,UPI,Hyderabad,Desktop,0,0,1,170,0,0
TXN101230,CUST2561,5213.05,UPI,Mumbai,Desktop,0,0,0,802,0,0
TXN101231,CUST4961,1817.5,Card,Jaipur,Tablet,0,0,0,147,0,0
TXN101232,CUST2964,7959.37,NetBanking,Chennai,Mobile,0,0,1,331,0,0
TXN101233,CUST1224,3875.79,UPI,Kolkata,Mobile,1,0,1,94,0,0
TXN101234,CUST1140,1571.69,Wallet,Chennai,Tablet,0,0,2,3097,0,0
TXN101235,CUST1999,271.5,Card,Jaipur,Desktop,0,0,0,679,0,0
TXN101236,CUST4384,4474.28,Card,Hyderabad,Mobile,0,0,1,193,0,0
TXN101237,CUST4277,2584.02,Card,Jaipur,Mobile,0,0,3,515,0,0
TXN101238,CUST3359,20928.2,Card,Hyderabad,Mobile,0,0,1,287,0,0
TXN101239,CUST3700,1828.29,UPI,Delhi,Mobile,0,0,1,667,1,0
TXN101240,CUST2253,3856.38,Card,Kolkata,Desktop,1,0,2,1,0,0
TXN101241,CUST3415,733.45,Card,Kolkata,Desktop,0,1,3,828,0,0
TXN101242,CUST1614,37175.92,NetBanking,Pune,Desktop,0,0,0,247,0,0
TXN101243,CUST2043,2820.37,UPI,Chennai,Mobile,0,0,1,464,0,0
TXN101244,CUST3482,1308.63,UPI,Jaipur,Desktop,1,0,0,3,0,0
TXN101245,CUST4745,2199.24,Card,Hyderabad,Mobile,0,0,1,316,0,0
TXN101246,CUST1784,2573.16,Card,Pune,Mobile,0,0,0,42,0,0
TXN101247,CUST4465,623.28,UPI,Pune,Mobile,0,0,2,45,0,0
TXN101248,CUST4703,2456.87,Card,Jaipur,Mobile,0,1,2,2552,0,0
TXN101249,CUST3477,3164.66,Card,Mumbai,Mobile,0,1,1,433,0,0
TXN101250,CUST2120,1539.95,UPI,Kolkata,Mobile,0,0,2,256,0,0
TXN101251,CUST2909,3212.75,NetBanking,Pune,Desktop,1,0,1,40,0,0
TXN101252,CUST2308,10482.83,Wallet,Kolkata,Desktop,0,0,1,99,0,0
TXN101253,CUST1893,22460.42,UPI,Delhi,Mobile,0,0,2,134,1,0
TXN101254,CUST2070,3387.11,Wallet,Jaipur,Mobile,0,0,2,199,1,0
TXN101255,CUST3869,83592.38,Wallet,Kolkata,Desktop,0,0,1,143,1,1
TXN101256,CUST1059,3150.97,UPI,Mumbai,Mobile,0,1,1,205,0,0
TXN101257,CUST2399,1341.72,Card,Hyderabad,Mobile,0,0,2,25,0,0
TXN101258,CUST4694,19082.72,UPI,Hyderabad,Mobile,0,0,1,458,0,0
TXN101259,CUST3695,5585.87,UPI,Hyderabad,Mobile,0,0,1,30,0,0
TXN101260,CUST2607,3364.67,Card,Chennai,Desktop,1,1,0,34,1,0
TXN101261,CUST4303,223.59,Card,Chennai,Mobile,1,1,1,54,0,0
TXN101262,CUST3871,614.37,UPI,Delhi,Mobile,0,0,0,731,0,0
TXN101263,CUST1342,18263.86,Card,Jaipur,Desktop,0,0,3,1934,0,0
TXN101264,CUST2702,3246.7,UPI,Kolkata,Mobile,0,0,0,959,0,0
TXN101265,CUST4101,4710.99,Wallet,Jaipur,Mobile,0,0,1,553,0,0
TXN101266,CUST2418,1279.89,UPI,Jaipur,Desktop,0,0,2,595,0,0
TXN101267,CUST4850,5913.28,Card,Kolkata,Mobile,0,0,1,421,0,0
TXN101268,CUST4807,3708.38,Card,Pune,Mobile,0,0,1,466,0,0
TXN101269,CUST3776,10604.56,Card,Hyderabad,Mobile,0,0,0,1083,0,0
TXN101270,CUST2931,2413.58,UPI,Bangalore,Desktop,0,0,0,40,0,0
TXN101271,CUST2696,4392.53,UPI,Pune,Mobile,0,0,1,258,0,0
TXN101272,CUST2219,7221.38,Card,Jaipur,Desktop,0,1,3,87,0,0
TXN101273,CUST3097,4131.28,UPI,Chennai,Mobile,0,0,1,17,0,0
TXN101274,CUST2382,6168.76,Card,Hyderabad,Mobile,0,0,0,292,0,0
TXN101275,CUST3431,5717.26,Card,Bangalore,Mobile,0,0,2,348,0,0
TXN101276,CUST3774,531.68,NetBanking,Bangalore,Tablet,0,0,0,248,0,0
TXN101277,CUST1061,13219.67,NetBanking,Hyderabad,Desktop,0,0,0,15,0,0
TXN101278,CUST4893,5500.86,Card,Mumbai,Mobile,1,1,1,5,0,0
TXN101279,CUST4741,14188.97,Wallet,Bangalore,Mobile,0,1,1,411,0,0
TXN101280,CUST3417,405.91,UPI,Jaipur,Mobile,0,1,2,722,3,1
TXN101281,CUST3645,63508.62,Card,Chennai,Tablet,1,0,2,442,1,1
TXN101282,CUST3218,3141.67,UPI,Kolkata,Mobile,0,0,2,90,0,0
TXN101283,CUST2988,8290.18,NetBanking,Delhi,Mobile,0,0,1,79,0,0
TXN101284,CUST2160,13685.0,Card,Jaipur,Mobile,1,1,2,14,0,0
TXN101285,CUST3323,2875.66,Wallet,Delhi,Mobile,0,0,2,463,0,0
TXN101286,CUST3851,1684.45,NetBanking,Delhi,Desktop,1,0,1,102,0,0
TXN101287,CUST3946,1615.35,Wallet,Jaipur,Desktop,0,1,3,110,0,1
TXN101288,CUST2923,2624.8,NetBanking,Hyderabad,Mobile,0,0,1,112,0,0
TXN101289,CUST3874,1076.79,NetBanking,Hyderabad,Mobile,0,0,1,357,0,0
TXN101290,CUST1334,17581.61,Card,Bangalore,Tablet,0,0,4,573,0,0
TXN101291,CUST3808,574.02,Card,Delhi,Tablet,0,0,3,624,0,0
TXN101292,CUST4661,400.23,Card,Delhi,Mobile,0,0,0,276,0,0
TXN101293,CUST2153,11638.31,Card,Pune,Desktop,0,0,2,513,0,0
TXN101294,CUST4101,1685.33,UPI,Mumbai,Desktop,1,0,1,11,2,1
TXN101295,CUST1666,11110.72,UPI,Delhi,Mobile,0,0,2,299,0,0
TXN101296,CUST4595,1295.83,Card,Mumbai,Mobile,0,1,1,332,0,0
TXN101297,CUST2987,651.73,UPI,Chennai,Mobile,0,0,1,927,1,1
TXN101298,CUST3805,823.85,Card,Kolkata,Mobile,0,0,1,323,0,0
TXN101299,CUST4552,2235.35,Card,Mumbai,Desktop,0,0,1,75,0,0
TXN101300,CUST1941,1675.11,UPI,Pune,Mobile,0,0,1,200,0,0
TXN101301,CUST1133,5910.32,Wallet,Chennai,Mobile,0,0,2,217,0,0
TXN101302,CUST1431,2172.55,Wallet,Bangalore,Mobile,0,1,1,144,0,0
TXN101303,CUST1407,1708.77,Card,Pune,Tablet,0,0,1,158,0,0
TXN101304,CUST1840,8016.96,UPI,Kolkata,Mobile,0,0,0,529,0,0
TXN101305,CUST4323,9528.41,Wallet,Hyderabad,Mobile,0,0,5,190,0,0
TXN101306,CUST4192,2638.33,Card,Mumbai,Desktop,0,1,2,158,0,0
TXN101307,CUST4582,5479.21,Wallet,Bangalore,Desktop,0,0,1,219,0,0
TXN101308,CUST2125,5520.42,NetBanking,Bangalore,Mobile,0,0,1,57,0,0
TXN101309,CUST1833,1730.89,Card,Jaipur,Desktop,0,1,1,164,0,0
TXN101310,CUST4899,7096.27,Card,Jaipur,Mobile,1,0,0,194,0,0
TXN101311,CUST3444,6025.09,Card,Hyderabad,Mobile,0,0,2,423,0,0
TXN101312,CUST1816,2284.75,Card,Delhi,Tablet,0,0,1,1090,0,0
TXN101313,CUST2819,1961.17,Card,Kolkata,Mobile,0,0,2,1066,0,0
TXN101314,CUST3203,1769.18,Wallet,Jaipur,Mobile,0,0,0,499,0,0
TXN101315,CUST1467,42514.15,Card,Chennai,Mobile,0,0,0,210,0,0
TXN101316,CUST3495,1585.28,Card,Hyderabad,Mobile,0,0,0,203,1,0
TXN101317,CUST1272,1187.08,Card,Bangalore,Tablet,0,0,0,271,0,0
TXN101318,CUST1552,1320.73,Card,Bangalore,Mobile,0,0,1,168,1,0
TXN101319,CUST2017,1360.76,UPI,Mumbai,Mobile,0,0,1,232,0,0
TXN101320,CUST3947,966.87,Card,Kolkata,Mobile,0,0,2,213,0,0
TXN101321,CUST3058,1623.32,UPI,Kolkata,Desktop,0,0,1,498,0,0
TXN101322,CUST4935,883.92,Card,Delhi,Mobile,0,0,1,343,0,0
TXN101323,CUST2347,7556.64,Card,Pune,Mobile,0,0,0,1162,0,0
TXN101324,CUST3478,14261.9,Card,Kolkata,Mobile,0,1,0,215,0,0
TXN101325,CUST1699,24976.7,UPI,Jaipur,Desktop,1,0,0,367,2,0
TXN101326,CUST3734,660.12,Wallet,Kolkata,Mobile,1,1,0,50,0,0
TXN101327,CUST2360,4713.21,UPI,Chennai,Mobile,0,0,1,133,0,0
TXN101328,CUST2744,3638.41,UPI,Jaipur,Mobile,0,0,1,320,0,0
TXN101329,CUST3812,1556.54,Wallet,Kolkata,Mobile,0,0,3,496,2,0
TXN101330,CUST1581,3336.33,UPI,Mumbai,Mobile,0,0,1,1265,0,0
TXN101331,CUST3701,3310.53,UPI,Kolkata,Mobile,0,0,2,607,0,1
TXN101332,CUST2105,331.54,UPI,Kolkata,Desktop,0,0,0,134,0,0
TXN101333,CUST2271,2885.64,UPI,Jaipur,Mobile,0,0,1,104,0,0
TXN101334,CUST1202,757.18,Card,Bangalore,Mobile,0,0,3,177,0,0
TXN101335,CUST4377,429.54,UPI,Jaipur,Tablet,0,0,1,56,0,0
TXN101336,CUST3232,2275.35,NetBanking,Mumbai,Mobile,0,0,2,165,0,0
TXN101337,CUST3723,3941.32,UPI,Bangalore,Mobile,0,0,3,290,0,0
TXN101338,CUST1085,1348.12,Card,Delhi,Desktop,0,0,1,474,0,0
TXN101339,CUST4614,9150.52,Card,Kolkata,Mobile,0,0,1,85,0,0
TXN101340,CUST1387,9353.97,UPI,Pune,Desktop,0,0,2,489,0,0
TXN101341,CUST4041,14118.22,Card,Pune,Desktop,0,0,0,523,0,0
TXN101342,CUST2458,7714.66,UPI,Bangalore,Desktop,0,0,3,441,0,0
TXN101343,CUST1183,2277.03,UPI,Pune,Mobile,0,0,1,240,2,1
TXN101344,CUST3916,8941.04,Card,Bangalore,Mobile,0,0,1,530,0,0
TXN101345,CUST3447,6053.39,Card,Bangalore,Mobile,0,0,1,106,0,0
TXN101346,CUST1358,1500.23,Card,Pune,Mobile,0,1,1,79,0,0
TXN101347,CUST4938,933.84,Card,Pune,Mobile,0,0,2,1095,1,0
TXN101348,CUST4039,809.3,UPI,Bangalore,Tablet,0,0,1,288,0,0
TXN101349,CUST4908,2279.32,UPI,Bangalore,Desktop,1,0,1,666,0,0
TXN101350,CUST2289,7591.08,Wallet,Hyderabad,Mobile,0,0,0,10,0,1
TXN101351,CUST4996,3946.59,UPI,Delhi,Desktop,1,0,1,703,1,0
TXN101352,CUST3820,14898.6,NetBanking,Hyderabad,Mobile,0,0,1,524,0,0
TXN101353,CUST2470,20589.56,NetBanking,Chennai,Mobile,0,0,0,41,0,0
TXN101354,CUST3654,18536.84,UPI,Hyderabad,Mobile,0,0,2,404,0,0
TXN101355,CUST3236,11906.09,Card,Pune,Mobile,1,1,0,93,0,1
TXN101356,CUST2157,1950.88,UPI,Jaipur,Desktop,0,0,2,478,0,0
TXN101357,CUST2747,12874.04,UPI,Bangalore,Mobile,0,0,1,389,0,0
TXN101358,CUST4643,221.14,Wallet,Delhi,Mobile,0,0,1,455,0,0
TXN101359,CUST2423,5817.45,UPI,Chennai,Desktop,0,0,0,541,0,0
TXN101360,CUST2706,1342.36,NetBanking,Pune,Mobile,0,0,2,118,0,0
TXN101361,CUST2862,11117.91,Card,Jaipur,Desktop,0,0,1,354,0,0
TXN101362,CUST2491,4846.22,UPI,Mumbai,Mobile,0,0,1,437,0,0
TXN101363,CUST3614,4572.07,UPI,Bangalore,Mobile,0,0,2,331,0,0
TXN101364,CUST1411,4841.82,UPI,Jaipur,Tablet,0,0,3,196,0,0
TXN101365,CUST2846,4626.52,UPI,Jaipur,Desktop,0,0,1,1131,0,0
TXN101366,CUST4992,8618.97,Card,Kolkata,Tablet,0,0,1,31,1,0
TXN101367,CUST4438,2175.35,UPI,Delhi,Mobile,0,0,0,820,0,0
TXN101368,CUST3780,502.84,UPI,Pune,Mobile,0,0,2,753,0,0
TXN101369,CUST3499,2795.96,Wallet,Bangalore,Mobile,0,0,1,207,0,0
TXN101370,CUST3646,2225.55,Wallet,Hyderabad,Mobile,0,0,2,870,0,0
TXN101371,CUST1523,917.6,UPI,Chennai,Desktop,0,0,0,766,0,0
TXN101372,CUST4256,3484.76,UPI,Jaipur,Mobile,0,0,1,523,0,0
TXN101373,CUST4055,1161.02,Card,Pune,Mobile,0,1,2,248,0,0
TXN101374,CUST3574,6845.34,Card,Chennai,Tablet,0,0,1,27,0,0
TXN101375,CUST1152,4047.85,Card,Jaipur,Desktop,0,1,1,905,0,0
TXN101376,CUST2429,35726.1,Card,Bangalore,Mobile,0,0,0,228,1,0
TXN101377,CUST2755,20333.71,Card,Mumbai,Desktop,1,0,1,213,0,0
TXN101378,CUST1005,4871.86,Card,Chennai,Mobile,0,0,1,70,0,0
TXN101379,CUST1613,15532.52,Card,Hyderabad,Desktop,0,0,0,320,0,0
TXN101380,CUST3360,725.59,NetBanking,Delhi,Mobile,0,0,1,422,0,0
TXN101381,CUST2894,6602.59,Card,Kolkata,Desktop,0,0,5,810,0,0
TXN101382,CUST3151,2759.48,Card,Mumbai,Desktop,0,0,1,310,1,1
TXN101383,CUST1235,23266.98,Card,Kolkata,Mobile,1,0,3,490,0,0
TXN101384,CUST4782,1034.99,Card,Mumbai,Desktop,0,0,2,183,0,0
TXN101385,CUST2882,1883.92,NetBanking,Pune,Desktop,0,0,0,83,0,0
TXN101386,CUST3483,4870.9,Card,Bangalore,Mobile,0,1,2,1117,0,0
TXN101387,CUST3167,3474.97,UPI,Mumbai,Mobile,1,0,2,7,1,1
TXN101388,CUST3791,739.27,Card,Bangalore,Tablet,0,0,0,65,0,0
TXN101389,CUST1802,1273.94,UPI,Mumbai,Desktop,1,0,0,17,0,0
TXN101390,CUST2303,1297.95,Card,Bangalore,Mobile,0,0,0,190,0,0
TXN101391,CUST4302,1795.1,NetBanking,Kolkata,Mobile,0,0,0,10,0,0
TXN101392,CUST3727,6001.16,UPI,Chennai,Mobile,0,0,0,1849,1,0
TXN101393,CUST4440,745.13,UPI,Delhi,Tablet,0,0,2,319,0,0
TXN101394,CUST2132,5460.04,NetBanking,Jaipur,Desktop,0,0,1,1,0,0
TXN101395,CUST2321,4065.73,Wallet,Pune,Desktop,0,0,1,397,0,0
TXN101396,CUST1721,11134.6,UPI,Jaipur,Desktop,0,0,2,92,2,1
TXN101397,CUST4494,3480.9,Card,Pune,Mobile,0,0,0,492,1,0
TXN101398,CUST1229,7524.84,Card,Delhi,Desktop,0,0,2,350,0,0
TXN101399,CUST2436,5373.4,Card,Kolkata,Desktop,0,0,1,813,0,0
TXN101400,CUST3577,4862.29,Card,Bangalore,Mobile,0,0,2,297,0,0
TXN101401,CUST1611,821.52,UPI,Chennai,Mobile,0,0,0,155,0,0
TXN101402,CUST2274,12978.88,UPI,Kolkata,Desktop,0,0,2,754,0,0
TXN101403,CUST3182,2705.98,Card,Delhi,Tablet,0,0,0,267,0,0
TXN101404,CUST1924,19449.79,Card,Mumbai,Desktop,0,1,2,846,0,0
TXN101405,CUST2866,15852.39,UPI,Pune,Mobile,0,0,4,146,0,0
TXN101406,CUST4114,3155.35,Card,Delhi,Desktop,0,0,2,949,0,0
TXN101407,CUST1229,10627.12,Card,Mumbai,Tablet,0,0,1,253,0,0
TXN101408,CUST1815,11616.31,Wallet,Delhi,Mobile,0,0,2,240,0,0
TXN101409,CUST4645,10275.87,NetBanking,Pune,Mobile,0,0,1,120,0,0
TXN101410,CUST4871,785.71,Card,Pune,Mobile,0,0,3,157,0,0
TXN101411,CUST2503,17410.82,Card,Bangalore,Mobile,0,0,0,97,0,0
TXN101412,CUST2500,4912.17,UPI,Bangalore,Mobile,0,0,0,197,1,0
TXN101413,CUST3138,20452.04,UPI,Hyderabad,Mobile,0,1,0,888,0,0
TXN101414,CUST1182,2812.2,NetBanking,Delhi,Tablet,1,1,0,642,2,1
TXN101415,CUST3946,7128.63,NetBanking,Kolkata,Mobile,0,0,2,618,0,0
TXN101416,CUST3259,1512.4,Card,Kolkata,Mobile,1,0,3,263,0,1
TXN101417,CUST3449,594.59,Card,Delhi,Mobile,0,0,2,1040,0,0
TXN101418,CUST4124,6108.33,Card,Mumbai,Mobile,1,1,1,109,2,1
TXN101419,CUST2263,6507.95,UPI,Kolkata,Mobile,0,0,1,149,0,0
TXN101420,CUST1219,17238.22,NetBanking,Jaipur,Mobile,0,0,0,64,0,0
TXN101421,CUST4793,3041.88,Card,Pune,Mobile,0,0,1,1063,0,0
TXN101422,CUST1925,2000.38,Wallet,Hyderabad,Desktop,0,0,0,583,0,0
TXN101423,CUST3974,1527.19,UPI,Pune,Desktop,0,0,2,303,0,0
TXN101424,CUST2008,10236.22,UPI,Bangalore,Mobile,0,0,0,59,0,0
TXN101425,CUST2820,748.85,Card,Pune,Tablet,0,0,0,257,0,0
TXN101426,CUST1847,1797.14,NetBanking,Hyderabad,Mobile,0,0,0,441,0,0
TXN101427,CUST2736,4460.3,UPI,Chennai,Desktop,0,0,1,487,0,0
TXN101428,CUST1585,20022.62,Card,Jaipur,Desktop,0,0,0,379,0,0
TXN101429,CUST1773,1446.92,Card,Chennai,Desktop,0,0,1,480,2,0
TXN101430,CUST4550,4549.69,NetBanking,Bangalore,Mobile,0,0,0,91,0,0
TXN101431,CUST1534,11958.09,UPI,Kolkata,Desktop,0,0,0,334,0,0
TXN101432,CUST2638,7254.27,UPI,Mumbai,Mobile,0,0,0,444,0,0
TXN101433,CUST2936,7160.86,UPI,Mumbai,Mobile,0,1,1,341,3,1
TXN101434,CUST1452,4138.66,Card,Mumbai,Mobile,1,0,1,22,2,1
TXN101435,CUST2397,5507.59,UPI,Bangalore,Desktop,1,0,0,179,0,0
TXN101436,CUST4832,2323.73,NetBanking,Delhi,Desktop,0,0,3,86,0,0
TXN101437,CUST4485,5331.12,Wallet,Delhi,Desktop,0,0,0,712,3,0
TXN101438,CUST1352,11412.51,UPI,Chennai,Desktop,0,0,2,240,0,0
TXN101439,CUST3953,9566.04,Card,Kolkata,Mobile,1,0,0,139,0,0
TXN101440,CUST2270,1148.4,UPI,Chennai,Desktop,0,0,1,1262,0,0
TXN101441,CUST1980,5876.32,Card,Chennai,Desktop,0,0,1,1220,0,1
TXN101442,CUST2908,13556.36,UPI,Chennai,Desktop,0,0,1,1173,0,1
TXN101443,CUST3043,1257.44,Wallet,Pune,Desktop,0,0,3,1622,0,0
TXN101444,CUST3773,1437.7,Card,Chennai,Mobile,0,1,1,218,0,0
TXN101445,CUST2863,1651.89,UPI,Jaipur,Mobile,0,0,2,114,0,0
TXN101446,CUST2366,3748.9,UPI,Jaipur,Tablet,0,0,2,366,0,0
TXN101447,CUST1542,2241.16,Card,Chennai,Mobile,1,1,2,49,1,1
TXN101448,CUST2078,1731.36,NetBanking,Delhi,Mobile,0,0,0,253,1,0
TXN101449,CUST1733,14472.05,Card,Kolkata,Desktop,0,0,1,241,1,1
TXN101450,CUST3318,6656.81,NetBanking,Bangalore,Desktop,0,0,2,152,0,0
TXN101451,CUST3317,78961.65,NetBanking,Jaipur,Desktop,0,0,2,329,0,0
TXN101452,CUST3001,870.72,Card,Delhi,Mobile,0,0,2,485,0,0
TXN101453,CUST1298,2648.5,UPI,Mumbai,Mobile,0,1,1,73,0,0
TXN101454,CUST1916,626.93,UPI,Kolkata,Mobile,1,1,1,316,1,0
TXN101455,CUST4653,6971.0,UPI,Pune,Mobile,0,0,1,323,0,0
TXN101456,CUST1285,2217.48,Card,Delhi,Tablet,0,0,1,198,1,0
TXN101457,CUST2505,2447.7,NetBanking,Delhi,Mobile,1,0,2,474,0,0
TXN101458,CUST4873,4938.21,UPI,Hyderabad,Mobile,0,0,2,41,2,0
TXN101459,CUST2873,3773.66,Wallet,Delhi,Mobile,0,0,1,462,0,0
TXN101460,CUST4667,4286.3,Card,Hyderabad,Desktop,0,0,2,126,0,0
TXN101461,CUST2563,6307.36,UPI,Chennai,Desktop,1,0,0,27,2,1
TXN101462,CUST4860,1130.86,NetBanking,Chennai,Desktop,0,0,1,303,0,0
TXN101463,CUST4605,3239.99,Card,Hyderabad,Mobile,0,0,2,168,0,0
TXN101464,CUST4681,9887.62,NetBanking,Pune,Desktop,0,0,0,338,0,0
TXN101465,CUST2106,47939.4,Card,Pune,Desktop,0,0,2,16,3,1
TXN101466,CUST4196,27821.59,Card,Bangalore,Tablet,0,1,3,394,0,0
TXN101467,CUST1266,1521.95,Card,Pune,Mobile,0,0,2,747,0,0
TXN101468,CUST3663,12119.34,UPI,Mumbai,Mobile,0,0,4,617,1,0
TXN101469,CUST3261,2949.41,Wallet,Kolkata,Mobile,0,0,2,82,0,0
TXN101470,CUST1077,7503.32,Wallet,Kolkata,Mobile,0,0,0,79,0,0
TXN101471,CUST1710,1220.54,UPI,Bangalore,Mobile,0,1,2,938,0,0
TXN101472,CUST4569,7320.98,Wallet,Pune,Desktop,0,0,1,158,0,0
TXN101473,CUST2376,5880.09,UPI,Hyderabad,Mobile,0,0,1,42,0,0
TXN101474,CUST1832,17420.03,Card,Chennai,Desktop,0,0,1,290,0,0
TXN101475,CUST2110,27771.52,Card,Chennai,Mobile,0,0,1,664,0,0
TXN101476,CUST4918,1436.39,Card,Pune,Mobile,0,0,1,339,0,0
TXN101477,CUST2985,11544.8,UPI,Jaipur,Tablet,1,0,2,33,2,1
TXN101478,CUST2363,1548.68,Card,Kolkata,Mobile,0,0,1,1376,0,0
TXN101479,CUST4872,1510.54,Card,Chennai,Desktop,0,0,1,112,0,0
TXN101480,CUST2786,1466.96,Card,Pune,Desktop,0,0,0,1263,1,0
TXN101481,CUST4322,39824.95,UPI,Mumbai,Tablet,0,0,1,878,0,0
TXN101482,CUST2226,6541.15,NetBanking,Chennai,Mobile,1,1,1,255,0,0
TXN101483,CUST1819,3894.73,NetBanking,Chennai,Mobile,1,1,0,497,1,1
TXN101484,CUST1059,2211.32,Card,Jaipur,Desktop,0,0,3,310,0,0
TXN101485,CUST2767,596.99,Card,Hyderabad,Mobile,0,0,1,579,0,0
TXN101486,CUST1733,1092.24,Card,Kolkata,Mobile,0,0,0,409,0,0
TXN101487,CUST3866,1740.11,Card,Chennai,Mobile,0,0,3,173,0,0
TXN101488,CUST2289,10766.68,Card,Mumbai,Desktop,1,0,0,44,3,1
TXN101489,CUST1107,211.48,NetBanking,Jaipur,Desktop,0,0,1,301,2,0
TXN101490,CUST3927,1447.53,Card,Jaipur,Mobile,0,0,1,161,3,0
TXN101491,CUST2292,840.83,Card,Mumbai,Mobile,0,0,0,624,0,0
TXN101492,CUST3620,5303.69,Card,Chennai,Mobile,0,1,3,5,3,1
TXN101493,CUST2222,7738.66,UPI,Mumbai,Desktop,0,0,0,79,0,0
TXN101494,CUST3940,6425.07,UPI,Bangalore,Mobile,0,0,0,211,0,0
TXN101495,CUST1466,24843.41,Card,Pune,Mobile,0,1,0,239,0,1
TXN101496,CUST3683,9812.7,Card,Mumbai,Mobile,0,0,1,897,0,1
TXN101497,CUST2249,1098.01,Card,Mumbai,Desktop,0,0,1,309,0,0
TXN101498,CUST4678,7177.13,Card,Bangalore,Mobile,0,1,0,103,0,0
TXN101499,CUST1832,98188.4,Card,Pune,Desktop,0,0,0,223,0,0
TXN101500,CUST2065,2181.13,UPI,Bangalore,Desktop,0,1,0,548,0,0
TXN101501,CUST4749,3303.1,Wallet,Chennai,Mobile,0,0,0,19,0,0
TXN101502,CUST1863,1552.83,Wallet,Delhi,Mobile,0,0,0,379,0,0
TXN101503,CUST2375,5297.03,Card,Mumbai,Mobile,1,0,0,172,0,0
TXN101504,CUST2204,5633.8,Card,Hyderabad,Mobile,0,0,0,338,0,0
TXN101505,CUST4740,7996.69,Card,Kolkata,Mobile,0,0,3,120,1,0
TXN101506,CUST1605,3217.83,UPI,Delhi,Mobile,0,0,2,101,0,0
TXN101507,CUST3850,1461.09,NetBanking,Kolkata,Mobile,0,0,2,353,0,0
TXN101508,CUST4039,551.87,Card,Pune,Desktop,0,0,2,128,0,0
TXN101509,CUST2171,5421.83,Card,Bangalore,Desktop,0,0,1,200,0,0
TXN101510,CUST1954,19249.14,UPI,Delhi,Desktop,1,1,1,39,1,1
TXN101511,CUST2343,1179.94,UPI,Mumbai,Mobile,0,0,1,335,0,0
TXN101512,CUST1025,22374.77,Card,Mumbai,Desktop,0,0,1,400,0,0
TXN101513,CUST3042,25031.29,UPI,Kolkata,Desktop,0,0,1,989,0,0
TXN101514,CUST1167,3905.39,Card,Chennai,Mobile,0,0,1,177,0,0
TXN101515,CUST1591,8055.9,Card,Kolkata,Mobile,1,1,0,106,0,0
TXN101516,CUST4553,1499.7,Card,Kolkata,Mobile,1,0,4,158,0,0
TXN101517,CUST2587,2558.49,UPI,Kolkata,Mobile,0,0,0,235,0,0
TXN101518,CUST4157,1297.99,NetBanking,Kolkata,Desktop,0,0,0,302,0,0
TXN101519,CUST4572,2471.88,Card,Pune,Mobile,0,0,1,46,0,0
TXN101520,CUST3099,33050.59,Card,Mumbai,Mobile,0,0,1,464,0,0
TXN101521,CUST3567,4137.68,Card,Pune,Tablet,0,0,3,326,0,0
TXN101522,CUST4614,1316.58,UPI,Kolkata,Mobile,0,0,0,217,0,0
TXN101523,CUST2113,387.05,NetBanking,Kolkata,Desktop,1,0,1,30,0,0
TXN101524,CUST4561,27755.05,Card,Hyderabad,Desktop,0,0,1,264,2,1
TXN101525,CUST1639,5982.01,Card,Bangalore,Tablet,0,0,0,345,0,0
TXN101526,CUST4568,1271.6,Card,Mumbai,Tablet,0,0,2,47,0,0
TXN101527,CUST4790,1795.6,Card,Bangalore,Mobile,1,0,0,250,0,0
TXN101528,CUST3572,4809.04,Card,Delhi,Mobile,0,0,1,107,0,0
TXN101529,CUST4534,34117.5,Card,Delhi,Desktop,0,0,1,312,0,0
TXN101530,CUST1057,452.42,Card,Bangalore,Mobile,0,0,0,175,0,0
TXN101531,CUST4422,1373.68,Wallet,Chennai,Mobile,1,0,0,23,0,0
TXN101532,CUST1595,4350.3,Card,Mumbai,Mobile,0,0,2,106,3,0
TXN101533,CUST4636,1562.7,UPI,Chennai,Desktop,0,0,2,9,0,0
TXN101534,CUST3352,1116.6,UPI,Pune,Mobile,0,0,0,321,0,0
TXN101535,CUST1211,7047.93,UPI,Bangalore,Mobile,0,0,1,266,0,0
TXN101536,CUST2851,11179.46,Card,Jaipur,Desktop,0,0,2,36,0,0
TXN101537,CUST4421,3540.97,Wallet,Jaipur,Desktop,0,0,1,566,2,0
TXN101538,CUST1216,1865.75,UPI,Delhi,Mobile,0,1,2,43,0,0
TXN101539,CUST4135,7926.17,UPI,Hyderabad,Mobile,0,0,0,1111,0,0
TXN101540,CUST4403,946.43,Card,Jaipur,Mobile,0,0,3,697,0,0
TXN101541,CUST3722,5585.43,Card,Kolkata,Mobile,0,0,3,143,0,0
TXN101542,CUST3327,3461.38,NetBanking,Delhi,Mobile,0,0,3,1058,0,0
TXN101543,CUST3294,7455.15,Card,Hyderabad,Mobile,0,0,1,72,1,0
TXN101544,CUST4127,4397.04,UPI,Delhi,Mobile,0,0,1,598,0,0
TXN101545,CUST1669,2405.79,UPI,Mumbai,Mobile,0,0,3,77,0,0
TXN101546,CUST2668,1906.49,UPI,Bangalore,Mobile,0,0,0,516,0,0
TXN101547,CUST3115,6690.64,UPI,Hyderabad,Desktop,0,0,0,678,0,0
TXN101548,CUST4770,2037.96,Wallet,Kolkata,Mobile,0,0,0,370,0,0
TXN101549,CUST2974,7542.57,Card,Pune,Desktop,0,1,2,189,0,0
TXN101550,CUST1053,5654.7,Card,Bangalore,Desktop,0,0,2,645,0,0
TXN101551,CUST4083,2105.88,UPI,Bangalore,Mobile,0,0,0,359,3,0
TXN101552,CUST1642,2452.12,Card,Pune,Desktop,0,0,1,166,0,0
TXN101553,CUST2504,8266.17,Wallet,Mumbai,Desktop,0,0,2,120,0,0
TXN101554,CUST2749,15626.51,Card,Chennai,Desktop,0,0,1,209,0,0
TXN101555,CUST2185,17546.18,UPI,Bangalore,Mobile,0,0,1,452,0,0
TXN101556,CUST1202,376.92,Card,Delhi,Mobile,0,0,1,667,0,0
TXN101557,CUST2448,168.35,Card,Delhi,Desktop,0,0,0,84,0,0
TXN101558,CUST1064,1054.73,Wallet,Hyderabad,Mobile,0,0,1,644,0,0
TXN101559,CUST4463,4674.65,NetBanking,Hyderabad,Desktop,0,0,2,267,0,0
TXN101560,CUST2453,3316.12,Card,Kolkata,Desktop,0,0,3,658,0,0
TXN101561,CUST2130,1024.2,NetBanking,Jaipur,Mobile,0,0,1,1730,0,0
TXN101562,CUST4596,16630.22,Card,Jaipur,Mobile,0,0,1,421,0,0
TXN101563,CUST4138,7196.53,Wallet,Jaipur,Desktop,0,0,2,74,0,0
TXN101564,CUST3963,38829.47,UPI,Mumbai,Mobile,0,0,0,277,0,0
TXN101565,CUST4036,22219.86,Wallet,Kolkata,Mobile,0,1,1,170,0,0
TXN101566,CUST2385,10885.92,Card,Jaipur,Desktop,0,0,0,627,0,0
TXN101567,CUST1948,24965.67,UPI,Chennai,Mobile,0,0,4,833,0,0
TXN101568,CUST3862,1949.73,UPI,Jaipur,Mobile,0,0,0,1079,0,0
TXN101569,CUST3265,6159.67,UPI,Pune,Desktop,1,0,2,551,0,0
TXN101570,CUST3954,9446.52,Card,Bangalore,Mobile,0,1,0,257,0,1
TXN101571,CUST4417,35172.58,Card,Pune,Desktop,0,0,2,222,0,0
TXN101572,CUST2052,4478.05,Card,Kolkata,Mobile,0,1,0,40,1,0
TXN101573,CUST3512,20492.82,Card,Mumbai,Desktop,0,0,1,392,1,0
TXN101574,CUST2239,845.7,UPI,Kolkata,Mobile,0,0,0,588,0,0
TXN101575,CUST3912,1420.15,Wallet,Delhi,Desktop,0,1,0,1231,0,0
TXN101576,CUST4462,2551.55,Card,Hyderabad,Desktop,0,0,2,538,0,0
TXN101577,CUST1036,4696.52,Wallet,Delhi,Mobile,0,1,1,606,0,0
TXN101578,CUST1980,3771.55,NetBanking,Delhi,Desktop,0,0,0,991,2,0
TXN101579,CUST3552,2153.8,Wallet,Chennai,Desktop,0,0,1,539,0,0
TXN101580,CUST2213,341.61,Card,Bangalore,Mobile,0,0,1,428,0,0
TXN101581,CUST4069,1838.63,Wallet,Bangalore,Mobile,0,0,1,668,0,0
TXN101582,CUST3072,5868.02,Card,Delhi,Mobile,0,0,0,84,0,0
TXN101583,CUST3533,15325.73,NetBanking,Kolkata,Mobile,0,0,3,872,1,0
TXN101584,CUST1116,1537.35,Card,Jaipur,Mobile,0,0,2,420,0,0
TXN101585,CUST1713,3258.18,UPI,Pune,Mobile,0,0,2,173,0,0
TXN101586,CUST4867,22063.23,Card,Kolkata,Mobile,0,0,1,418,0,0
TXN101587,CUST3784,111214.55,NetBanking,Kolkata,Mobile,0,1,0,250,0,0
TXN101588,CUST2801,5348.95,Wallet,Pune,Desktop,0,0,3,143,3,0
TXN101589,CUST4926,5375.62,UPI,Kolkata,Tablet,0,0,2,617,0,0
TXN101590,CUST1029,2245.14,Card,Jaipur,Mobile,0,0,2,97,0,0
TXN101591,CUST3489,3234.81,UPI,Pune,Desktop,0,0,1,1072,0,0
TXN101592,CUST3298,12085.08,Card,Bangalore,Mobile,0,0,0,569,1,0
TXN101593,CUST1243,11615.01,UPI,Mumbai,Mobile,0,0,1,72,1,0
TXN101594,CUST1027,379.14,NetBanking,Chennai,Mobile,0,1,0,4,1,0
TXN101595,CUST3514,2830.7,UPI,Hyderabad,Mobile,0,0,4,117,2,0
TXN101596,CUST2268,2629.96,Card,Jaipur,Mobile,0,0,0,229,0,0
TXN101597,CUST2931,897.71,UPI,Mumbai,Mobile,0,0,0,269,0,0
TXN101598,CUST1609,17113.98,Card,Jaipur,Desktop,0,0,0,2,0,0
TXN101599,CUST1007,765.44,Card,Hyderabad,Mobile,0,0,3,18,1,1
TXN101600,CUST4275,13841.9,NetBanking,Bangalore,Desktop,0,0,0,439,0,0
TXN101601,CUST4501,1216.05,UPI,Mumbai,Mobile,0,0,0,65,0,0
TXN101602,CUST1452,4040.05,Card,Bangalore,Mobile,0,0,2,172,0,0
TXN101603,CUST2245,1806.79,Card,Jaipur,Tablet,0,0,1,56,0,0
TXN101604,CUST3277,1867.02,NetBanking,Hyderabad,Mobile,0,0,0,450,0,0
TXN101605,CUST3675,11714.1,Card,Hyderabad,Mobile,0,0,3,157,0,0
TXN101606,CUST2417,336.76,NetBanking,Mumbai,Mobile,1,0,3,258,0,1
TXN101607,CUST2271,437.3,NetBanking,Hyderabad,Mobile,0,0,1,207,0,0
TXN101608,CUST4828,1536.03,Card,Hyderabad,Desktop,0,0,0,49,0,0
TXN101609,CUST1912,2741.19,Card,Chennai,Desktop,0,0,0,390,0,0
TXN101610,CUST2015,7061.43,Card,Bangalore,Desktop,0,0,2,296,0,0
TXN101611,CUST1046,10526.67,NetBanking,Mumbai,Mobile,0,0,1,450,1,0
TXN101612,CUST4388,9621.8,Card,Hyderabad,Desktop,1,1,0,5,0,1
TXN101613,CUST4744,637.92,UPI,Delhi,Mobile,0,0,1,160,0,0
TXN101614,CUST3813,6034.79,Card,Jaipur,Mobile,0,0,2,214,0,0
TXN101615,CUST2513,763.76,Card,Delhi,Desktop,0,1,1,540,2,1
TXN101616,CUST4470,18311.24,Card,Kolkata,Desktop,0,0,1,70,0,0
TXN101617,CUST4986,2086.28,Card,Pune,Tablet,0,0,1,825,0,0
TXN101618,CUST1733,15809.78,NetBanking,Kolkata,Mobile,0,0,2,572,0,0
TXN101619,CUST3267,724.43,Wallet,Hyderabad,Mobile,0,0,4,233,0,0
TXN101620,CUST1466,5276.19,UPI,Pune,Mobile,0,0,0,61,0,0
TXN101621,CUST4012,1409.17,UPI,Chennai,Desktop,0,0,0,92,0,0
TXN101622,CUST1835,628.81,Wallet,Bangalore,Mobile,1,1,1,502,0,1
TXN101623,CUST1879,2890.22,NetBanking,Kolkata,Desktop,1,0,0,1341,0,1
TXN101624,CUST3471,3377.66,UPI,Hyderabad,Mobile,0,0,1,473,0,0
TXN101625,CUST2540,1452.71,Card,Pune,Tablet,0,0,2,949,0,0
TXN101626,CUST2938,230.89,UPI,Delhi,Tablet,0,1,2,14,0,1
TXN101627,CUST4823,5143.77,Wallet,Kolkata,Mobile,0,0,0,69,0,1
TXN101628,CUST3835,8591.93,Card,Mumbai,Mobile,0,0,2,765,0,0
TXN101629,CUST2741,7768.47,UPI,Chennai,Mobile,0,0,2,83,0,0
TXN101630,CUST4983,532.06,UPI,Mumbai,Mobile,0,0,1,504,0,0
TXN101631,CUST1086,926.68,UPI,Mumbai,Mobile,0,1,2,744,0,0
TXN101632,CUST2316,2291.09,NetBanking,Pune,Mobile,0,0,0,33,1,0
TXN101633,CUST1582,3354.66,Card,Jaipur,Mobile,0,0,2,83,0,0
TXN101634,CUST3513,2443.3,Card,Jaipur,Mobile,0,0,0,51,0,0
TXN101635,CUST1083,7461.41,Card,Pune,Mobile,0,0,3,1078,0,0
TXN101636,CUST1921,6252.26,Wallet,Bangalore,Desktop,0,0,1,58,0,0
TXN101637,CUST2342,16383.84,Card,Pune,Desktop,0,0,2,257,0,1
TXN101638,CUST1309,8900.75,Card,Bangalore,Tablet,0,0,0,97,0,0
TXN101639,CUST2471,4689.0,Wallet,Jaipur,Mobile,0,0,0,61,0,0
TXN101640,CUST3738,22678.44,Wallet,Mumbai,Desktop,0,0,1,190,0,0
TXN101641,CUST1897,1211.69,UPI,Delhi,Mobile,0,0,1,28,0,0
TXN101642,CUST3538,2214.44,UPI,Bangalore,Mobile,0,0,0,441,0,0
TXN101643,CUST2312,906.75,NetBanking,Hyderabad,Desktop,0,0,1,49,1,0
TXN101644,CUST2541,2165.3,UPI,Hyderabad,Desktop,0,1,0,594,0,0
TXN101645,CUST3999,2913.85,Card,Pune,Desktop,0,0,1,123,1,0
TXN101646,CUST3331,438.64,UPI,Delhi,Mobile,0,0,1,102,0,0
TXN101647,CUST3555,9506.0,Card,Kolkata,Tablet,0,0,5,176,0,0
TXN101648,CUST2545,3315.33,NetBanking,Pune,Desktop,0,0,2,227,0,0
TXN101649,CUST2818,11077.89,UPI,Jaipur,Tablet,0,0,3,236,0,0
TXN101650,CUST3149,1680.1,Card,Delhi,Mobile,0,0,0,102,0,0
TXN101651,CUST4150,2624.4,Wallet,Delhi,Mobile,1,1,2,431,0,0
TXN101652,CUST4114,1345.21,Card,Bangalore,Mobile,1,0,2,3110,0,0
TXN101653,CUST2336,7669.89,UPI,Kolkata,Desktop,0,0,0,743,0,0
TXN101654,CUST2198,1828.87,Card,Chennai,Tablet,0,1,0,562,0,0
TXN101655,CUST1860,2860.99,Wallet,Chennai,Mobile,0,0,0,800,0,0
TXN101656,CUST4468,8339.47,Card,Chennai,Desktop,0,0,1,2121,0,0
TXN101657,CUST2652,16828.89,Card,Kolkata,Mobile,0,0,0,107,0,0
TXN101658,CUST4567,1469.41,NetBanking,Chennai,Desktop,1,0,2,119,0,1
TXN101659,CUST1734,6324.57,Card,Jaipur,Tablet,0,1,0,697,0,1
TXN101660,CUST4863,6559.59,Card,Bangalore,Mobile,0,0,1,159,1,0
TXN101661,CUST3926,2256.03,UPI,Chennai,Mobile,0,0,2,371,0,0
TXN101662,CUST4770,4599.47,UPI,Delhi,Tablet,0,0,1,124,0,0
TXN101663,CUST4662,17651.71,Card,Delhi,Mobile,0,1,0,627,0,0
TXN101664,CUST4306,8413.98,UPI,Mumbai,Tablet,0,0,0,1,0,0
TXN101665,CUST2190,3799.53,Card,Kolkata,Desktop,0,0,3,490,0,0
TXN101666,CUST4145,6544.94,NetBanking,Kolkata,Mobile,0,0,0,448,1,0
TXN101667,CUST1633,5282.05,Card,Hyderabad,Desktop,0,0,2,240,0,0
TXN101668,CUST3886,7472.82,UPI,Chennai,Mobile,0,0,1,831,0,0
TXN101669,CUST2647,19774.56,UPI,Pune,Mobile,0,0,3,1872,0,0
TXN101670,CUST2451,3415.79,UPI,Bangalore,Tablet,0,0,1,1566,3,0
TXN101671,CUST4914,69506.76,Card,Delhi,Desktop,0,0,0,80,0,0
TXN101672,CUST2134,1519.96,NetBanking,Hyderabad,Mobile,0,1,1,488,0,0
TXN101673,CUST4976,1445.68,Card,Mumbai,Mobile,0,0,3,316,0,0
TXN101674,CUST2484,2727.47,Card,Delhi,Desktop,0,0,1,582,0,0
TXN101675,CUST3049,4647.34,UPI,Pune,Mobile,0,0,0,514,0,0
TXN101676,CUST3323,2117.79,UPI,Mumbai,Desktop,0,0,4,599,0,0
TXN101677,CUST2503,1782.86,Card,Pune,Mobile,0,1,1,169,0,0
TXN101678,CUST2725,1944.94,Card,Delhi,Mobile,0,0,0,134,0,0
TXN101679,CUST2990,7398.95,Wallet,Jaipur,Desktop,0,0,3,941,1,1
TXN101680,CUST1924,6059.1,Card,Hyderabad,Mobile,0,0,0,177,0,0
TXN101681,CUST4895,10809.66,Card,Jaipur,Desktop,0,0,1,252,0,0
TXN101682,CUST1622,1580.24,Card,Pune,Mobile,0,0,0,223,1,0
TXN101683,CUST2478,3193.93,Card,Bangalore,Tablet,1,0,2,177,0,0
TXN101684,CUST1970,14140.42,UPI,Jaipur,Tablet,0,0,1,232,0,0
TXN101685,CUST3674,4599.45,UPI,Hyderabad,Tablet,0,1,1,110,0,0
TXN101686,CUST4839,902.88,Card,Delhi,Mobile,0,0,0,354,0,0
TXN101687,CUST4739,2045.53,Card,Pune,Desktop,0,0,1,39,0,0
TXN101688,CUST3643,2024.61,Wallet,Bangalore,Desktop,0,0,0,218,0,0
TXN101689,CUST2859,6037.18,Card,Pune,Mobile,0,0,1,423,0,0
TXN101690,CUST4294,4322.64,NetBanking,Pune,Mobile,0,0,1,177,0,0
TXN101691,CUST1568,2681.82,Card,Jaipur,Tablet,0,0,0,270,0,0
TXN101692,CUST3211,6019.99,NetBanking,Bangalore,Mobile,1,0,1,438,3,0
TXN101693,CUST4213,3774.37,Card,Jaipur,Mobile,0,0,1,146,1,0
TXN101694,CUST3299,1046.51,UPI,Mumbai,Tablet,0,0,1,867,1,0
TXN101695,CUST2421,2345.59,Card,Hyderabad,Desktop,0,0,3,209,0,0
TXN101696,CUST3523,8199.66,Wallet,Jaipur,Tablet,0,0,0,37,3,0
TXN101697,CUST3838,12536.07,Card,Mumbai,Desktop,0,0,5,329,0,0
TXN101698,CUST2978,8195.47,Card,Pune,Mobile,0,0,0,875,0,0
TXN101699,CUST2623,4982.65,UPI,Hyderabad,Desktop,0,1,0,347,2,1
TXN101700,CUST1804,641.27,Card,Bangalore,Mobile,0,0,2,177,0,0
TXN101701,CUST2106,828.49,Card,Delhi,Tablet,1,1,0,20,0,0
TXN101702,CUST2221,4009.03,UPI,Jaipur,Desktop,0,0,2,180,0,0
TXN101703,CUST4424,18237.87,Card,Jaipur,Mobile,0,0,1,105,0,0
TXN101704,CUST1943,1417.59,UPI,Kolkata,Mobile,0,0,0,152,0,0
TXN101705,CUST1154,2532.64,NetBanking,Kolkata,Mobile,0,0,2,58,0,1
TXN101706,CUST1474,3986.77,UPI,Kolkata,Desktop,0,0,1,265,0,0
TXN101707,CUST3345,2849.39,NetBanking,Pune,Tablet,0,0,1,124,0,0
TXN101708,CUST4606,12536.3,Card,Chennai,Mobile,0,1,3,163,0,0
TXN101709,CUST2176,6628.01,Card,Chennai,Mobile,0,0,2,655,0,0
TXN101710,CUST4989,500.29,NetBanking,Jaipur,Desktop,0,1,1,274,3,1
TXN101711,CUST4527,4249.24,Card,Pune,Mobile,0,0,0,908,0,0
TXN101712,CUST4160,10684.73,NetBanking,Hyderabad,Desktop,0,0,1,1271,0,0
TXN101713,CUST2200,220.45,NetBanking,Hyderabad,Mobile,0,0,1,361,0,0
TXN101714,CUST3219,377.59,UPI,Hyderabad,Desktop,0,0,1,650,3,0
TXN101715,CUST3169,3686.12,Card,Chennai,Mobile,0,1,2,62,0,0
TXN101716,CUST1898,1635.34,UPI,Kolkata,Desktop,0,0,0,231,0,0
TXN101717,CUST2453,3235.93,UPI,Jaipur,Desktop,0,1,2,699,0,0
TXN101718,CUST2400,3009.77,Card,Kolkata,Mobile,1,0,1,105,1,0
TXN101719,CUST4939,4695.41,Card,Pune,Mobile,0,0,1,172,0,0
TXN101720,CUST2668,7742.38,Card,Jaipur,Mobile,0,0,2,343,0,1
TXN101721,CUST2379,9044.41,UPI,Mumbai,Desktop,0,0,0,828,0,0
TXN101722,CUST2904,15548.99,UPI,Hyderabad,Tablet,0,1,0,39,0,0
TXN101723,CUST3092,9924.0,NetBanking,Pune,Mobile,0,0,1,251,0,0
TXN101724,CUST2423,4326.6,Card,Pune,Desktop,0,0,1,85,2,0
TXN101725,CUST4991,1720.0,Wallet,Hyderabad,Mobile,0,0,0,340,0,0
TXN101726,CUST1663,2305.24,NetBanking,Jaipur,Desktop,0,0,3,44,0,0
TXN101727,CUST1406,646.23,NetBanking,Kolkata,Mobile,0,0,0,1604,0,0
TXN101728,CUST2833,577.7,Card,Pune,Mobile,0,0,1,69,0,0
TXN101729,CUST3803,1939.12,UPI,Hyderabad,Mobile,0,0,2,26,0,0
TXN101730,CUST2120,8577.55,Card,Bangalore,Mobile,0,0,2,21,0,1
TXN101731,CUST2306,347.44,Card,Pune,Mobile,1,0,0,266,0,0
TXN101732,CUST3185,5536.63,Card,Pune,Desktop,0,1,1,523,0,0
TXN101733,CUST1223,1809.1,Card,Kolkata,Tablet,0,0,1,544,0,0
TXN101734,CUST2131,6324.78,Wallet,Jaipur,Mobile,0,0,2,171,0,0
TXN101735,CUST4848,2229.35,UPI,Bangalore,Mobile,0,0,2,206,0,0
TXN101736,CUST3530,2404.2,Card,Bangalore,Desktop,0,0,1,83,0,0
TXN101737,CUST2165,1432.24,NetBanking,Mumbai,Tablet,0,0,2,79,0,0
TXN101738,CUST4774,11681.8,UPI,Mumbai,Desktop,0,0,1,740,0,0
TXN101739,CUST1375,7282.16,UPI,Delhi,Tablet,0,0,1,254,0,0
TXN101740,CUST3164,9202.43,NetBanking,Bangalore,Desktop,0,0,1,135,0,0
TXN101741,CUST4581,1248.2,Card,Hyderabad,Desktop,0,0,2,203,0,0
TXN101742,CUST2701,6271.68,Card,Bangalore,Tablet,0,0,1,115,0,0
TXN101743,CUST4622,34137.22,UPI,Jaipur,Desktop,0,0,0,111,0,0
TXN101744,CUST4074,6443.26,Card,Pune,Mobile,0,0,1,202,0,0
TXN101745,CUST1068,4700.33,UPI,Jaipur,Mobile,0,1,2,36,0,0
TXN101746,CUST4150,8916.53,UPI,Hyderabad,Mobile,0,0,2,761,3,1
TXN101747,CUST4836,692.71,NetBanking,Bangalore,Mobile,0,0,0,105,0,0
TXN101748,CUST2869,3353.96,Card,Hyderabad,Mobile,0,0,0,81,0,0
TXN101749,CUST3423,2084.35,Card,Pune,Mobile,0,0,2,535,1,0
TXN101750,CUST1472,6288.56,Wallet,Hyderabad,Mobile,0,1,1,394,0,0
TXN101751,CUST1574,3763.89,UPI,Bangalore,Desktop,0,0,0,10,0,0
TXN101752,CUST1666,1667.9,Wallet,Pune,Mobile,0,0,2,199,0,0
TXN101753,CUST3764,718.72,Card,Mumbai,Desktop,0,0,1,105,0,0
TXN101754,CUST3157,5609.4,UPI,Chennai,Desktop,0,0,2,277,0,0
TXN101755,CUST4056,30590.38,NetBanking,Bangalore,Mobile,0,0,2,506,2,0
TXN101756,CUST3899,2757.8,Card,Mumbai,Mobile,0,0,1,212,0,0
TXN101757,CUST4878,2011.65,UPI,Mumbai,Mobile,0,0,1,47,2,1
TXN101758,CUST3955,631.66,Card,Mumbai,Desktop,0,0,1,69,0,0
TXN101759,CUST2119,19718.65,NetBanking,Jaipur,Mobile,0,0,0,647,0,0
TXN101760,CUST2959,5102.97,Card,Hyderabad,Mobile,0,0,0,225,0,0
TXN101761,CUST4540,4299.82,UPI,Delhi,Mobile,0,0,1,6,0,0
TXN101762,CUST1789,1452.68,Card,Bangalore,Mobile,0,0,1,174,0,0
TXN101763,CUST4739,5949.35,Card,Pune,Tablet,0,0,1,18,0,0
TXN101764,CUST1493,4249.82,Card,Bangalore,Desktop,1,1,2,22,0,0
TXN101765,CUST4493,51906.85,UPI,Hyderabad,Desktop,0,1,2,24,0,0
TXN101766,CUST3383,5894.39,Wallet,Mumbai,Desktop,0,0,2,116,0,0
TXN101767,CUST2282,7938.01,Card,Delhi,Desktop,0,0,1,534,0,0
TXN101768,CUST4068,8520.03,Wallet,Jaipur,Desktop,0,0,1,623,0,0
TXN101769,CUST3345,6381.85,Card,Hyderabad,Mobile,0,0,1,779,0,0
TXN101770,CUST4152,9505.99,NetBanking,Jaipur,Desktop,0,0,1,271,0,0
TXN101771,CUST4849,2975.35,Card,Kolkata,Mobile,0,0,2,528,0,0
TXN101772,CUST3469,27122.86,NetBanking,Pune,Mobile,0,0,1,516,0,0
TXN101773,CUST3517,932.27,NetBanking,Bangalore,Mobile,1,0,2,254,0,0
TXN101774,CUST2340,3667.44,NetBanking,Mumbai,Tablet,0,0,1,6,0,0
TXN101775,CUST1847,18495.19,Card,Jaipur,Mobile,0,0,2,64,0,0
TXN101776,CUST2831,5696.26,Card,Kolkata,Desktop,0,0,3,188,0,0
TXN101777,CUST3212,3046.6,Card,Delhi,Desktop,0,0,2,264,3,1
TXN101778,CUST4109,4033.15,Card,Chennai,Desktop,0,0,1,49,0,0
TXN101779,CUST1591,5636.28,Card,Jaipur,Mobile,0,1,1,454,0,0
TXN101780,CUST2957,13353.42,Card,Delhi,Mobile,0,0,0,49,0,0
TXN101781,CUST1910,7404.66,Card,Chennai,Mobile,0,0,2,583,3,1
TXN101782,CUST4811,17457.18,Card,Delhi,Desktop,0,0,0,300,0,0
TXN101783,CUST4739,6972.15,NetBanking,Delhi,Mobile,0,0,1,479,0,0
TXN101784,CUST4306,647.15,UPI,Pune,Mobile,0,0,1,79,0,0
TXN101785,CUST4112,2336.63,Wallet,Mumbai,Mobile,0,0,1,109,1,0
TXN101786,CUST1619,2915.18,UPI,Hyderabad,Mobile,0,0,0,91,0,0
TXN101787,CUST3132,1135.4,UPI,Hyderabad,Mobile,0,0,0,1075,0,0
TXN101788,CUST3730,2805.02,UPI,Delhi,Mobile,0,1,1,1343,1,0
TXN101789,CUST3400,5331.29,UPI,Jaipur,Mobile,1,1,0,217,0,0
TXN101790,CUST4759,1496.8,Card,Kolkata,Mobile,0,0,1,231,3,1
TXN101791,CUST3271,3915.42,Card,Hyderabad,Mobile,0,0,1,390,0,0
TXN101792,CUST3917,7390.86,NetBanking,Mumbai,Mobile,1,0,0,47,0,0
TXN101793,CUST1106,2956.87,Card,Jaipur,Mobile,0,0,0,202,0,0
TXN101794,CUST3071,1226.17,UPI,Kolkata,Mobile,1,0,1,80,0,0
TXN101795,CUST3531,7738.64,UPI,Chennai,Mobile,0,0,3,16,0,1
TXN101796,CUST4826,6048.13,Wallet,Delhi,Desktop,0,1,0,36,0,0
TXN101797,CUST3367,6782.24,UPI,Kolkata,Desktop,0,0,2,358,0,0
TXN101798,CUST2001,2756.47,Card,Chennai,Desktop,1,0,0,317,0,0
TXN101799,CUST2525,29610.41,Card,Kolkata,Mobile,0,0,4,368,0,0
TXN101800,CUST3950,1500.13,UPI,Bangalore,Desktop,0,0,0,841,0,0
TXN101801,CUST2325,1240.29,UPI,Pune,Mobile,0,0,1,876,0,0
TXN101802,CUST4713,8170.61,Wallet,Delhi,Mobile,0,0,1,1634,0,0
TXN101803,CUST4153,10132.53,NetBanking,Jaipur,Mobile,0,0,0,298,0,0
TXN101804,CUST4452,7733.28,NetBanking,Delhi,Mobile,0,0,2,1186,0,0
TXN101805,CUST1779,701.89,Card,Jaipur,Mobile,0,0,1,51,0,0
TXN101806,CUST2008,4738.01,Wallet,Chennai,Desktop,0,0,0,297,0,0
TXN101807,CUST1942,6237.56,Card,Jaipur,Mobile,0,0,1,394,0,0
TXN101808,CUST3449,2117.31,Wallet,Jaipur,Tablet,0,0,3,151,0,0
TXN101809,CUST1223,411.26,Wallet,Mumbai,Mobile,0,0,3,1892,0,0
TXN101810,CUST3486,1482.66,Wallet,Delhi,Mobile,1,1,0,57,0,0
TXN101811,CUST4111,685.58,Card,Delhi,Mobile,0,0,2,1195,0,0
TXN101812,CUST2186,1988.76,Card,Chennai,Desktop,0,0,0,259,0,0
TXN101813,CUST3472,2564.4,NetBanking,Delhi,Mobile,0,1,2,429,0,0
TXN101814,CUST4253,2041.95,Card,Chennai,Mobile,0,0,0,74,0,0
TXN101815,CUST1164,3322.91,Card,Pune,Mobile,0,0,3,540,0,0
TXN101816,CUST2617,17356.31,UPI,Chennai,Mobile,0,0,0,1323,0,0
TXN101817,CUST4059,2719.31,Wallet,Delhi,Tablet,1,0,0,52,1,0
TXN101818,CUST1798,4638.91,UPI,Chennai,Mobile,1,1,1,208,0,0
TXN101819,CUST2918,2065.8,Card,Bangalore,Desktop,0,0,0,366,0,0
TXN101820,CUST4330,2194.24,Card,Pune,Desktop,0,0,2,770,0,0
TXN101821,CUST2284,4465.51,UPI,Chennai,Mobile,1,0,4,102,0,0
TXN101822,CUST1278,5529.08,Wallet,Pune,Desktop,0,0,0,164,0,0
TXN101823,CUST2256,19116.31,NetBanking,Pune,Desktop,0,0,1,349,0,0
TXN101824,CUST1276,3942.16,Card,Bangalore,Mobile,0,0,1,354,1,0
TXN101825,CUST2591,9045.98,UPI,Chennai,Mobile,0,0,2,415,0,0
TXN101826,CUST3210,1005.68,NetBanking,Bangalore,Mobile,0,1,1,8,0,0
TXN101827,CUST4032,1159.8,Card,Mumbai,Desktop,0,0,2,751,0,0
TXN101828,CUST4481,7191.01,UPI,Kolkata,Mobile,0,0,0,50,0,0
TXN101829,CUST4409,6662.95,Card,Hyderabad,Desktop,0,0,4,267,0,0
TXN101830,CUST3599,2076.99,NetBanking,Bangalore,Desktop,1,0,0,167,0,0
TXN101831,CUST1513,7463.07,UPI,Jaipur,Desktop,0,0,1,990,0,1
TXN101832,CUST3188,2475.7,Card,Bangalore,Mobile,0,0,2,792,0,0
TXN101833,CUST2584,2584.88,NetBanking,Hyderabad,Desktop,0,0,1,285,0,0
TXN101834,CUST3418,5453.91,NetBanking,Chennai,Tablet,0,0,1,165,0,0
TXN101835,CUST2536,6176.54,UPI,Bangalore,Desktop,0,0,0,598,0,0
TXN101836,CUST2876,4013.01,UPI,Bangalore,Mobile,0,0,2,932,0,0
TXN101837,CUST4074,3497.82,Card,Hyderabad,Desktop,0,0,2,1410,0,0
TXN101838,CUST3419,2394.54,NetBanking,Hyderabad,Mobile,0,0,1,381,0,0
TXN101839,CUST2247,485.26,Card,Pune,Desktop,0,0,2,36,1,0
TXN101840,CUST1950,1088.78,Card,Jaipur,Tablet,0,0,1,381,0,0
TXN101841,CUST1238,4626.54,NetBanking,Bangalore,Desktop,0,0,2,95,0,1
TXN101842,CUST1111,3023.07,UPI,Mumbai,Desktop,0,0,1,912,0,1
TXN101843,CUST2010,12304.94,UPI,Chennai,Mobile,0,0,1,1911,0,0
TXN101844,CUST1045,9240.54,Card,Chennai,Desktop,0,0,3,150,0,0
TXN101845,CUST3094,2523.02,Card,Pune,Desktop,1,0,1,3,0,0
TXN101846,CUST4827,713.3,Card,Pune,Mobile,0,0,2,484,0,0
TXN101847,CUST2353,12903.62,Card,Hyderabad,Mobile,0,0,3,86,0,0
TXN101848,CUST2324,2553.84,UPI,Hyderabad,Mobile,1,0,2,520,0,0
TXN101849,CUST1561,3553.66,UPI,Chennai,Mobile,0,0,2,268,0,0
TXN101850,CUST2998,3203.14,UPI,Chennai,Mobile,0,0,1,55,0,0
TXN101851,CUST2064,2293.56,Card,Hyderabad,Desktop,0,0,3,174,0,0
TXN101852,CUST2526,6649.58,UPI,Bangalore,Desktop,0,0,0,922,0,0
TXN101853,CUST1722,18591.19,NetBanking,Bangalore,Mobile,0,0,1,254,0,0
TXN101854,CUST3264,11144.06,Card,Pune,Mobile,1,0,4,1,0,0
TXN101855,CUST3998,9829.37,Card,Bangalore,Tablet,0,0,2,504,0,0
TXN101856,CUST2012,3241.4,Card,Jaipur,Mobile,0,0,1,271,0,0
TXN101857,CUST1107,4739.89,Wallet,Chennai,Mobile,0,0,0,501,0,0
TXN101858,CUST1956,12198.07,UPI,Kolkata,Mobile,0,0,0,468,0,0
TXN101859,CUST4727,2421.54,Card,Hyderabad,Desktop,0,0,1,368,0,0
TXN101860,CUST3915,11743.19,UPI,Kolkata,Mobile,0,0,1,202,0,0
TXN101861,CUST1116,735.27,UPI,Pune,Desktop,0,0,0,813,0,0
TXN101862,CUST3695,7719.94,NetBanking,Mumbai,Desktop,0,1,1,347,1,0
TXN101863,CUST2661,2313.58,Card,Kolkata,Mobile,0,0,1,175,0,0
TXN101864,CUST2829,4174.29,Card,Chennai,Desktop,0,0,0,302,2,0
TXN101865,CUST1635,1139.25,Card,Chennai,Tablet,0,0,1,1157,0,0
TXN101866,CUST4252,22563.07,Card,Kolkata,Mobile,1,0,0,262,0,0
TXN101867,CUST2982,21763.31,Card,Hyderabad,Mobile,0,0,0,280,0,0
TXN101868,CUST3139,4842.99,Card,Delhi,Mobile,0,0,0,437,0,0
TXN101869,CUST1885,5029.33,Wallet,Mumbai,Desktop,0,1,0,84,1,0
TXN101870,CUST3769,1798.25,NetBanking,Pune,Mobile,0,0,0,143,0,0
TXN101871,CUST3280,7001.69,Card,Hyderabad,Desktop,1,1,0,17,0,0
TXN101872,CUST1796,6325.21,UPI,Delhi,Mobile,0,0,3,913,0,0
TXN101873,CUST2780,2296.4,Card,Kolkata,Mobile,0,0,1,80,0,0
TXN101874,CUST4663,4637.94,Card,Bangalore,Desktop,0,0,0,1118,0,0
TXN101875,CUST1029,2899.87,NetBanking,Kolkata,Desktop,0,0,1,3102,0,0
TXN101876,CUST1392,10862.72,Card,Chennai,Tablet,0,1,0,287,0,0
TXN101877,CUST1641,2269.08,UPI,Hyderabad,Desktop,0,0,0,3178,0,0
TXN101878,CUST3983,4594.37,Card,Jaipur,Desktop,0,0,0,83,0,0
TXN101879,CUST1887,60093.65,Card,Kolkata,Mobile,0,0,2,12,0,0
TXN101880,CUST4083,5079.0,Wallet,Hyderabad,Desktop,0,0,1,527,0,0
TXN101881,CUST2982,6497.23,UPI,Delhi,Mobile,0,0,3,725,0,0
TXN101882,CUST2488,7971.26,UPI,Chennai,Mobile,0,0,4,151,0,0
TXN101883,CUST2579,5680.64,Card,Chennai,Mobile,0,0,1,799,0,0
TXN101884,CUST1095,1855.55,UPI,Chennai,Mobile,0,0,2,319,0,0
TXN101885,CUST1672,8648.88,Card,Jaipur,Tablet,0,0,2,211,0,0
TXN101886,CUST4206,650.41,Card,Chennai,Desktop,0,0,0,239,0,0
TXN101887,CUST3366,2606.67,UPI,Chennai,Mobile,0,0,0,152,0,0
TXN101888,CUST2631,6313.22,Wallet,Pune,Desktop,0,0,0,212,0,1
TXN101889,CUST2201,679.59,UPI,Mumbai,Mobile,0,0,1,193,0,1
TXN101890,CUST4707,225.44,Card,Bangalore,Desktop,0,0,3,963,0,0
TXN101891,CUST2163,14272.88,Card,Delhi,Mobile,0,0,3,779,0,0
TXN101892,CUST4388,2206.66,UPI,Jaipur,Mobile,0,0,1,157,0,0
TXN101893,CUST2201,16271.88,NetBanking,Mumbai,Desktop,0,0,1,2527,0,0
TXN101894,CUST2188,1884.04,Card,Jaipur,Tablet,0,1,0,698,0,0
TXN101895,CUST3902,7733.66,UPI,Hyderabad,Mobile,0,1,5,840,0,0
TXN101896,CUST1448,861.04,UPI,Chennai,Desktop,0,0,0,380,0,0
TXN101897,CUST3069,14256.6,Card,Hyderabad,Mobile,0,0,1,181,0,1
TXN101898,CUST3978,25317.23,NetBanking,Mumbai,Desktop,0,0,0,611,0,0
TXN101899,CUST1290,2044.59,Card,Chennai,Mobile,1,1,0,26,0,1
TXN101900,CUST2012,2553.65,Wallet,Mumbai,Mobile,0,0,2,36,0,0
TXN101901,CUST4417,1598.99,UPI,Delhi,Mobile,0,0,1,431,2,1
TXN101902,CUST4987,2437.73,Card,Chennai,Mobile,0,1,1,495,0,0
TXN101903,CUST4074,13414.58,Card,Hyderabad,Desktop,0,0,1,878,0,0
TXN101904,CUST3760,9334.39,Card,Delhi,Mobile,0,0,1,692,0,0
TXN101905,CUST4141,16931.14,Wallet,Hyderabad,Tablet,0,0,1,35,0,0
TXN101906,CUST3148,517.9,Card,Delhi,Mobile,1,1,1,29,1,1
TXN101907,CUST1176,761.11,Wallet,Pune,Desktop,0,0,0,451,0,0
TXN101908,CUST2751,3412.18,UPI,Chennai,Desktop,0,1,0,310,0,0
TXN101909,CUST3466,942.16,Card,Mumbai,Tablet,0,0,1,1280,0,0
TXN101910,CUST1405,6172.59,UPI,Mumbai,Mobile,0,1,1,150,0,0
TXN101911,CUST1287,2916.72,NetBanking,Kolkata,Tablet,1,0,0,134,0,0
TXN101912,CUST2090,2228.98,Wallet,Delhi,Mobile,0,0,1,53,0,0
TXN101913,CUST1868,926.25,NetBanking,Bangalore,Mobile,0,0,0,511,0,0
TXN101914,CUST2849,3424.43,NetBanking,Jaipur,Desktop,0,0,1,845,0,0
TXN101915,CUST1805,1023.54,Card,Delhi,Mobile,0,0,0,611,3,0
TXN101916,CUST3319,3077.82,UPI,Jaipur,Mobile,0,0,0,574,0,0
TXN101917,CUST2462,3978.12,UPI,Jaipur,Mobile,1,1,1,575,0,0
TXN101918,CUST1477,17701.08,Card,Jaipur,Mobile,0,0,3,905,0,0
TXN101919,CUST2525,774.96,NetBanking,Bangalore,Desktop,0,0,2,304,0,0
TXN101920,CUST4531,33357.93,Card,Jaipur,Desktop,0,0,0,497,0,0
TXN101921,CUST4540,8226.41,Card,Chennai,Mobile,0,0,2,1412,1,0
TXN101922,CUST2506,6370.8,NetBanking,Pune,Mobile,1,0,0,82,0,1
TXN101923,CUST2884,9828.19,NetBanking,Mumbai,Mobile,0,0,3,110,0,1
TXN101924,CUST1956,13909.66,UPI,Jaipur,Mobile,0,1,1,258,0,1
TXN101925,CUST3609,2097.64,Wallet,Bangalore,Mobile,0,0,2,163,0,0
TXN101926,CUST4383,580.43,NetBanking,Jaipur,Desktop,0,0,0,187,0,0
TXN101927,CUST2666,4506.69,UPI,Chennai,Desktop,0,0,0,271,0,0
TXN101928,CUST4074,8509.76,Card,Jaipur,Mobile,0,0,0,11,0,0
TXN101929,CUST4911,3986.66,Card,Chennai,Mobile,0,1,1,23,3,1
TXN101930,CUST3340,28903.75,UPI,Bangalore,Tablet,0,1,1,727,0,0
TXN101931,CUST1360,6977.46,Card,Pune,Desktop,0,0,1,4,0,0
TXN101932,CUST2508,2583.29,UPI,Pune,Desktop,0,0,1,540,0,0
TXN101933,CUST3317,1385.4,UPI,Chennai,Mobile,0,0,1,153,0,0
TXN101934,CUST1836,7467.55,NetBanking,Kolkata,Mobile,0,0,0,87,0,0
TXN101935,CUST4589,8108.23,Card,Jaipur,Mobile,0,0,0,237,0,0
TXN101936,CUST1276,2203.7,Card,Jaipur,Mobile,0,0,1,349,0,0
TXN101937,CUST4428,432.92,Card,Jaipur,Desktop,0,0,0,473,0,0
TXN101938,CUST2826,350.98,Wallet,Chennai,Desktop,0,0,2,449,0,0
TXN101939,CUST4313,3132.04,Card,Chennai,Mobile,0,0,1,173,0,0
TXN101940,CUST1584,1208.99,Card,Mumbai,Desktop,0,1,0,114,0,0
TXN101941,CUST4264,8006.52,Card,Bangalore,Mobile,0,0,3,36,0,0
TXN101942,CUST1093,2732.54,UPI,Delhi,Mobile,0,0,0,375,0,0
TXN101943,CUST1055,3063.13,NetBanking,Mumbai,Mobile,1,0,0,162,0,0
TXN101944,CUST4652,4037.91,Card,Hyderabad,Mobile,0,0,1,802,0,0
TXN101945,CUST2856,2711.29,UPI,Delhi,Mobile,0,0,0,53,0,1
TXN101946,CUST2128,10692.81,UPI,Pune,Mobile,0,0,0,540,0,1
TXN101947,CUST3867,5209.76,UPI,Hyderabad,Tablet,0,1,1,505,0,0
TXN101948,CUST3335,3869.38,Card,Jaipur,Mobile,0,0,0,667,3,1
TXN101949,CUST1530,16683.79,Card,Bangalore,Mobile,0,0,2,404,1,0
TXN101950,CUST2721,3302.44,UPI,Pune,Desktop,1,0,0,55,0,0
TXN101951,CUST4699,3939.95,NetBanking,Jaipur,Mobile,1,1,0,187,0,0
TXN101952,CUST2104,4974.97,Wallet,Chennai,Mobile,0,0,1,780,3,1
TXN101953,CUST3114,6826.4,NetBanking,Delhi,Desktop,0,0,4,283,0,0
TXN101954,CUST3244,16672.2,Card,Delhi,Mobile,0,0,2,415,0,1
TXN101955,CUST3275,2907.5,Card,Hyderabad,Desktop,0,0,2,265,0,0
TXN101956,CUST1945,541.17,UPI,Hyderabad,Tablet,0,0,1,414,0,0
TXN101957,CUST2028,16055.07,NetBanking,Kolkata,Desktop,0,0,0,508,0,0
TXN101958,CUST4713,27894.79,UPI,Chennai,Mobile,0,0,3,196,0,0
TXN101959,CUST2212,12088.41,Card,Jaipur,Mobile,0,0,0,822,0,0
TXN101960,CUST2049,31147.54,Card,Delhi,Tablet,0,0,2,177,3,1
TXN101961,CUST2424,3560.9,UPI,Hyderabad,Desktop,0,0,1,510,0,0
TXN101962,CUST1748,1280.53,UPI,Hyderabad,Tablet,0,0,1,40,0,0
TXN101963,CUST1970,1747.65,Wallet,Bangalore,Mobile,1,0,1,52,0,0
TXN101964,CUST1025,29349.98,Card,Chennai,Desktop,1,1,2,8,0,1
TXN101965,CUST3080,2559.93,UPI,Jaipur,Mobile,0,0,0,425,0,0
TXN101966,CUST1924,21997.12,Card,Pune,Desktop,0,0,0,200,0,0
TXN101967,CUST3183,4405.28,Card,Bangalore,Mobile,0,0,1,560,1,0
TXN101968,CUST1468,5169.65,NetBanking,Bangalore,Mobile,1,0,0,183,0,0
TXN101969,CUST4316,10788.86,Wallet,Mumbai,Mobile,0,1,0,107,0,0
TXN101970,CUST2702,2018.7,NetBanking,Jaipur,Mobile,1,0,0,146,1,0
TXN101971,CUST3186,1564.05,Card,Mumbai,Mobile,0,0,1,2616,3,1
TXN101972,CUST4116,9026.19,UPI,Mumbai,Mobile,0,0,1,359,0,0
TXN101973,CUST2565,5715.42,UPI,Hyderabad,Mobile,0,0,0,142,0,0
TXN101974,CUST1268,772.11,NetBanking,Hyderabad,Mobile,0,0,3,295,0,0
TXN101975,CUST4483,3084.58,NetBanking,Bangalore,Mobile,0,0,2,60,0,0
TXN101976,CUST3241,2413.44,Card,Chennai,Desktop,1,0,2,1670,0,0
TXN101977,CUST4206,2092.86,UPI,Chennai,Desktop,0,1,1,3,0,0
TXN101978,CUST2372,664.72,UPI,Chennai,Mobile,0,1,1,409,0,0
TXN101979,CUST3547,7420.2,Card,Mumbai,Mobile,1,1,0,227,0,0
TXN101980,CUST4416,4853.83,Card,Mumbai,Mobile,0,0,1,698,0,0
TXN101981,CUST3221,1186.11,Card,Hyderabad,Tablet,0,0,1,398,0,0
TXN101982,CUST2226,9724.0,Card,Mumbai,Desktop,0,0,1,704,0,0
TXN101983,CUST2236,6889.67,Card,Jaipur,Mobile,0,0,1,405,0,0
TXN101984,CUST2135,4834.62,Card,Bangalore,Mobile,0,1,1,126,0,0
TXN101985,CUST2007,2301.37,UPI,Mumbai,Mobile,0,0,3,1124,3,1
TXN101986,CUST4818,10775.17,Card,Bangalore,Tablet,0,0,1,275,0,0
TXN101987,CUST4908,3274.84,Wallet,Delhi,Mobile,0,0,1,47,0,0
TXN101988,CUST3256,194.45,Wallet,Jaipur,Tablet,0,0,2,243,0,0
TXN101989,CUST4826,2454.88,UPI,Bangalore,Desktop,0,0,0,198,0,0
TXN101990,CUST3062,2233.76,Card,Kolkata,Mobile,0,0,0,145,0,0
TXN101991,CUST1425,19752.23,Card,Kolkata,Mobile,0,1,0,173,0,0
TXN101992,CUST3848,11721.87,Card,Chennai,Mobile,0,0,1,176,0,0
TXN101993,CUST2160,1810.43,Wallet,Chennai,Desktop,0,0,3,1898,1,0
TXN101994,CUST4680,8792.14,Card,Chennai,Desktop,0,0,0,242,0,0
TXN101995,CUST1296,16090.71,UPI,Bangalore,Mobile,0,0,0,49,0,0
TXN101996,CUST3908,1183.37,Card,Jaipur,Desktop,0,0,4,663,0,0
TXN101997,CUST3164,5651.29,Card,Mumbai,Mobile,1,0,0,929,0,0
TXN101998,CUST4225,1901.16,UPI,Kolkata,Mobile,0,0,2,177,0,0
TXN101999,CUST1384,4051.43,UPI,Kolkata,Mobile,0,0,2,298,0,0
TXN102000,CUST2512,2711.92,Wallet,Hyderabad,Tablet,0,0,2,506,0,0
TXN102001,CUST3646,22190.25,Wallet,Mumbai,Desktop,0,0,2,431,0,0
TXN102002,CUST2589,10514.7,UPI,Delhi,Desktop,0,0,0,619,1,0
TXN102003,CUST2073,12364.22,UPI,Pune,Mobile,0,0,1,386,0,0
TXN102004,CUST4735,202.56,Card,Bangalore,Mobile,1,0,1,51,0,0
TXN102005,CUST4360,2287.58,UPI,Pune,Desktop,0,0,0,87,3,0
TXN102006,CUST2497,1625.4,Card,Bangalore,Mobile,0,1,2,217,0,0
TXN102007,CUST1115,8588.42,Card,Chennai,Mobile,0,0,1,33,0,0
TXN102008,CUST1398,447.53,Card,Jaipur,Mobile,0,0,2,869,0,0
TXN102009,CUST1266,80224.21,NetBanking,Hyderabad,Mobile,0,0,0,1024,0,0
TXN102010,CUST3431,3847.85,Card,Kolkata,Mobile,0,0,0,1018,0,0
TXN102011,CUST2510,1392.88,Card,Mumbai,Mobile,0,0,2,985,0,0
TXN102012,CUST3200,9089.94,UPI,Delhi,Tablet,0,0,1,932,0,0
TXN102013,CUST2290,10340.12,Card,Chennai,Desktop,0,0,1,726,1,0
TXN102014,CUST4397,1802.1,UPI,Bangalore,Desktop,0,0,0,9,0,0
TXN102015,CUST2774,4505.98,UPI,Mumbai,Mobile,1,0,2,35,0,0
TXN102016,CUST1600,5354.78,UPI,Pune,Tablet,0,1,0,1570,0,0
TXN102017,CUST2794,1536.81,Card,Hyderabad,Mobile,0,0,1,115,0,0
TXN102018,CUST3848,14577.35,Card,Kolkata,Mobile,0,0,2,77,1,0
TXN102019,CUST3269,2429.67,Card,Jaipur,Mobile,0,0,2,108,0,1
TXN102020,CUST1151,3527.88,NetBanking,Jaipur,Mobile,0,0,2,284,0,0
TXN102021,CUST1803,2244.07,NetBanking,Mumbai,Mobile,0,1,0,59,0,0
TXN102022,CUST4766,2019.16,Card,Hyderabad,Mobile,0,0,2,12,0,0
TXN102023,CUST1972,6927.46,UPI,Jaipur,Mobile,0,0,0,108,0,0
TXN102024,CUST1791,2718.72,UPI,Delhi,Mobile,0,0,6,45,0,0
TXN102025,CUST1496,459.65,Card,Bangalore,Tablet,0,0,0,297,0,0
TXN102026,CUST4009,1790.95,Card,Mumbai,Mobile,0,0,2,60,0,0
TXN102027,CUST1853,4521.74,NetBanking,Mumbai,Mobile,0,0,0,377,0,0
TXN102028,CUST4146,2601.25,UPI,Delhi,Mobile,0,0,2,93,0,0
TXN102029,CUST1928,3453.46,UPI,Pune,Desktop,0,0,2,523,0,0
TXN102030,CUST1906,1427.84,Card,Hyderabad,Desktop,0,0,0,91,0,0
TXN102031,CUST4517,2070.23,NetBanking,Bangalore,Mobile,0,0,2,67,0,0
TXN102032,CUST1107,6202.66,UPI,Chennai,Tablet,0,0,1,30,0,0
TXN102033,CUST2047,11467.12,UPI,Chennai,Mobile,0,0,1,29,0,0
TXN102034,CUST1359,2259.49,Card,Delhi,Mobile,0,0,0,267,0,0
TXN102035,CUST4952,5633.05,Card,Jaipur,Mobile,1,0,0,434,0,0
TXN102036,CUST1016,431.57,Card,Bangalore,Mobile,0,0,2,421,0,0
TXN102037,CUST1644,897.38,UPI,Mumbai,Mobile,0,0,2,616,0,0
TXN102038,CUST4296,581.73,Wallet,Bangalore,Mobile,0,0,1,166,0,0
TXN102039,CUST4177,3168.67,UPI,Mumbai,Mobile,0,0,0,220,0,0
TXN102040,CUST1665,4582.55,Card,Kolkata,Mobile,0,1,2,156,0,0
TXN102041,CUST1622,1194.48,UPI,Pune,Desktop,0,0,1,116,2,1
TXN102042,CUST4155,8206.74,Card,Delhi,Tablet,0,1,2,211,1,0
TXN102043,CUST4230,6283.18,Card,Chennai,Mobile,0,0,0,291,0,0
TXN102044,CUST2078,328.5,Card,Kolkata,Desktop,0,0,0,220,0,0
TXN102045,CUST1024,5952.74,Card,Mumbai,Tablet,0,0,2,218,0,0
TXN102046,CUST3118,6350.5,UPI,Bangalore,Mobile,0,1,0,243,1,0
TXN102047,CUST1465,3273.45,Card,Kolkata,Desktop,0,0,1,93,0,1
TXN102048,CUST1845,4526.87,Wallet,Pune,Mobile,0,0,0,433,0,0
TXN102049,CUST3028,1007.78,NetBanking,Chennai,Mobile,0,0,1,51,0,0
TXN102050,CUST3708,6717.24,UPI,Kolkata,Mobile,0,0,2,837,0,0
TXN102051,CUST2996,17468.07,Card,Bangalore,Mobile,0,0,3,218,0,0
TXN102052,CUST4213,1365.0,Card,Chennai,Mobile,0,0,4,290,0,0
TXN102053,CUST2154,4623.11,UPI,Bangalore,Desktop,0,0,0,305,2,1
TXN102054,CUST2864,23873.23,NetBanking,Bangalore,Desktop,0,0,1,23,0,0
TXN102055,CUST3099,20693.91,UPI,Pune,Mobile,0,0,0,38,0,0
TXN102056,CUST4694,3874.23,UPI,Kolkata,Mobile,0,0,1,497,0,0
TXN102057,CUST1356,4747.82,Card,Hyderabad,Desktop,0,0,1,365,0,0
TXN102058,CUST2580,27392.84,Wallet,Bangalore,Mobile,0,0,0,438,0,0
TXN102059,CUST4437,20235.79,Card,Hyderabad,Tablet,0,0,1,633,0,0
TXN102060,CUST3929,1836.15,NetBanking,Kolkata,Mobile,0,0,1,45,1,0
TXN102061,CUST4865,3971.02,Wallet,Chennai,Desktop,0,0,3,434,0,0
TXN102062,CUST3661,7092.68,Card,Delhi,Tablet,1,0,1,8,0,0
TXN102063,CUST2660,48323.58,NetBanking,Hyderabad,Mobile,0,0,0,572,0,0
TXN102064,CUST2726,5110.51,Card,Mumbai,Mobile,0,0,0,801,0,0
TXN102065,CUST1199,15856.36,Card,Mumbai,Mobile,0,0,2,1198,0,0
TXN102066,CUST1056,7560.31,Card,Pune,Desktop,0,0,5,1148,0,0
TXN102067,CUST3613,3393.62,NetBanking,Kolkata,Mobile,0,0,1,359,0,0
TXN102068,CUST4641,2243.78,Wallet,Chennai,Mobile,0,0,2,693,0,0
TXN102069,CUST4122,1444.38,Card,Chennai,Mobile,1,1,3,135,0,1
TXN102070,CUST2842,1667.86,Card,Pune,Desktop,0,0,1,169,0,0
TXN102071,CUST2941,6356.84,Card,Mumbai,Mobile,1,1,0,455,0,0
TXN102072,CUST4447,1539.46,UPI,Mumbai,Desktop,0,0,2,132,0,0
TXN102073,CUST4607,1017.47,Card,Delhi,Mobile,0,0,1,138,0,0
TXN102074,CUST3920,6406.76,NetBanking,Pune,Mobile,0,0,3,143,1,0
TXN102075,CUST3560,9964.7,Card,Kolkata,Mobile,0,0,0,137,0,0
TXN102076,CUST1308,2805.69,Card,Hyderabad,Desktop,0,0,1,206,0,0
TXN102077,CUST1278,10290.21,UPI,Chennai,Mobile,0,0,1,134,0,1
TXN102078,CUST1648,3612.92,UPI,Hyderabad,Tablet,0,0,1,836,0,0
TXN102079,CUST4772,9466.66,Card,Mumbai,Mobile,0,0,1,538,0,0
TXN102080,CUST1713,3238.6,Card,Mumbai,Desktop,1,1,0,296,0,0
TXN102081,CUST1390,1200.96,Card,Delhi,Tablet,0,0,0,478,0,0
TXN102082,CUST4662,3093.4,UPI,Delhi,Desktop,0,0,0,969,0,0
TXN102083,CUST1284,2282.84,Card,Hyderabad,Desktop,0,0,2,142,0,0
TXN102084,CUST1255,2146.66,Card,Chennai,Mobile,0,0,0,74,1,0
TXN102085,CUST2055,666.19,NetBanking,Jaipur,Mobile,0,0,0,386,0,0
TXN102086,CUST1224,8758.62,UPI,Bangalore,Mobile,0,1,0,65,0,0
TXN102087,CUST3074,1816.84,Card,Delhi,Mobile,0,0,1,64,0,0
TXN102088,CUST3628,3466.3,NetBanking,Chennai,Tablet,0,0,1,455,0,0
TXN102089,CUST3157,1329.84,NetBanking,Delhi,Mobile,0,0,0,641,0,0
TXN102090,CUST4088,6164.76,NetBanking,Jaipur,Mobile,0,0,4,746,0,0
TXN102091,CUST1012,473.32,Card,Mumbai,Desktop,0,0,4,67,0,0
TXN102092,CUST2562,7780.79,NetBanking,Chennai,Desktop,0,1,1,4,0,0
TXN102093,CUST2816,2063.76,UPI,Mumbai,Mobile,0,0,1,639,0,0
TXN102094,CUST4096,974.2,UPI,Hyderabad,Mobile,0,0,0,280,0,0
TXN102095,CUST3072,17390.87,NetBanking,Bangalore,Mobile,0,0,3,68,0,0
TXN102096,CUST1131,1983.46,Card,Bangalore,Mobile,0,0,1,122,0,0
TXN102097,CUST4498,9112.08,Card,Delhi,Mobile,0,0,1,723,0,0
TXN102098,CUST4932,2862.7,Card,Kolkata,Mobile,0,1,1,841,0,0
TXN102099,CUST3377,3408.76,Card,Bangalore,Mobile,0,0,1,413,0,0
TXN102100,CUST4108,3950.95,UPI,Jaipur,Desktop,0,1,0,175,0,0
TXN102101,CUST1398,1884.97,Card,Kolkata,Mobile,0,0,2,15,0,0
TXN102102,CUST3460,7935.35,Card,Jaipur,Mobile,0,0,0,293,1,0
TXN102103,CUST2032,5816.44,Card,Bangalore,Desktop,0,0,0,195,0,0
TXN102104,CUST3204,2171.12,Card,Bangalore,Desktop,0,0,0,976,0,0
TXN102105,CUST3618,5018.94,NetBanking,Mumbai,Desktop,1,1,4,724,0,1
TXN102106,CUST3672,2985.32,Wallet,Delhi,Desktop,0,0,1,884,0,0
TXN102107,CUST3465,8422.9,Card,Chennai,Desktop,0,0,0,715,0,0
TXN102108,CUST1851,992.87,NetBanking,Bangalore,Mobile,0,0,1,897,0,0
TXN102109,CUST3703,1755.25,UPI,Kolkata,Mobile,0,0,0,1916,3,1
TXN102110,CUST4224,6299.46,Card,Mumbai,Tablet,0,0,1,436,0,0
TXN102111,CUST3627,1025.58,Card,Bangalore,Mobile,0,1,1,733,0,0
TXN102112,CUST1496,1766.44,Wallet,Bangalore,Mobile,0,0,1,214,1,0
TXN102113,CUST4210,735.79,NetBanking,Mumbai,Mobile,0,0,1,534,0,0
TXN102114,CUST1393,2132.4,Wallet,Chennai,Mobile,0,0,3,69,1,0
TXN102115,CUST4807,4534.5,Card,Delhi,Desktop,0,0,0,130,0,0
TXN102116,CUST2680,1662.58,UPI,Jaipur,Desktop,0,0,1,43,0,0
TXN102117,CUST2756,6114.74,Card,Delhi,Mobile,0,0,0,98,0,0
TXN102118,CUST3730,9197.08,Card,Bangalore,Mobile,0,0,1,647,0,0
TXN102119,CUST3613,1751.68,Wallet,Jaipur,Desktop,0,0,1,34,0,0
TXN102120,CUST2106,1224.02,Wallet,Bangalore,Mobile,0,0,3,337,1,1
TXN102121,CUST4700,1833.33,Card,Hyderabad,Mobile,0,0,4,375,2,1
TXN102122,CUST1252,6163.88,UPI,Mumbai,Mobile,0,0,1,614,0,0
TXN102123,CUST4162,6327.66,UPI,Jaipur,Desktop,0,0,1,30,0,0
TXN102124,CUST1662,7010.03,UPI,Mumbai,Mobile,0,0,1,218,0,0
TXN102125,CUST3519,5000.45,UPI,Bangalore,Mobile,0,1,1,164,0,0
TXN102126,CUST4232,29133.25,Card,Pune,Mobile,0,0,3,144,2,0
TXN102127,CUST2904,830.63,Wallet,Bangalore,Mobile,0,1,1,260,0,0
TXN102128,CUST4445,5541.81,NetBanking,Bangalore,Desktop,1,0,0,59,0,0
TXN102129,CUST3587,14872.36,Card,Delhi,Mobile,0,0,0,93,0,0
TXN102130,CUST4509,3987.69,NetBanking,Chennai,Mobile,0,0,0,106,0,0
TXN102131,CUST1927,4228.84,Card,Kolkata,Desktop,1,1,1,223,0,0
TXN102132,CUST4185,1237.2,Card,Hyderabad,Mobile,0,0,1,171,0,0
TXN102133,CUST2240,1683.32,UPI,Delhi,Mobile,0,0,0,328,1,0
TXN102134,CUST4245,3574.02,UPI,Mumbai,Mobile,0,0,1,341,0,0
TXN102135,CUST2185,3343.08,Card,Hyderabad,Desktop,1,1,2,19,0,0
TXN102136,CUST3711,2344.08,NetBanking,Bangalore,Tablet,0,0,1,1095,0,0
TXN102137,CUST2558,933.05,NetBanking,Bangalore,Desktop,0,0,2,365,0,0
TXN102138,CUST4558,4524.94,Card,Hyderabad,Mobile,0,0,1,123,0,0
TXN102139,CUST1452,332.07,UPI,Jaipur,Desktop,0,0,3,173,0,0
TXN102140,CUST2692,6891.63,Card,Hyderabad,Desktop,0,0,2,321,0,0
TXN102141,CUST1778,723.75,Wallet,Jaipur,Mobile,1,0,0,43,0,1
TXN102142,CUST2291,1477.06,UPI,Delhi,Mobile,0,0,0,298,2,0
TXN102143,CUST2489,11022.04,Card,Chennai,Mobile,0,0,1,435,0,0
TXN102144,CUST2900,23561.63,UPI,Hyderabad,Mobile,1,0,1,62,0,0
TXN102145,CUST4329,2884.69,Wallet,Mumbai,Tablet,0,0,1,247,0,0
TXN102146,CUST2809,18395.95,Card,Pune,Mobile,1,0,1,16,1,0
TXN102147,CUST1105,2719.58,Card,Mumbai,Mobile,0,0,2,60,0,0
TXN102148,CUST1391,3228.16,Card,Bangalore,Mobile,0,0,1,300,0,0
TXN102149,CUST4157,853.39,Card,Mumbai,Mobile,0,0,2,658,0,0
TXN102150,CUST3023,5439.03,NetBanking,Mumbai,Mobile,0,0,2,807,2,0
TXN102151,CUST1205,1048.96,Card,Delhi,Mobile,0,0,1,537,0,0
TXN102152,CUST2288,17386.33,UPI,Kolkata,Mobile,0,0,2,220,0,0
TXN102153,CUST4621,10186.74,UPI,Hyderabad,Desktop,0,0,0,169,0,0
TXN102154,CUST3896,3762.26,NetBanking,Jaipur,Tablet,0,0,2,226,3,0
TXN102155,CUST4185,3089.03,Card,Hyderabad,Desktop,0,0,3,671,1,0
TXN102156,CUST4549,2878.21,Card,Jaipur,Tablet,0,0,1,1657,0,0
TXN102157,CUST3312,7745.11,UPI,Pune,Desktop,1,1,2,149,0,0
TXN102158,CUST4614,15285.89,UPI,Delhi,Mobile,0,0,2,376,1,0
TXN102159,CUST4645,2516.52,UPI,Jaipur,Mobile,1,0,2,28,0,1
TXN102160,CUST4980,56817.69,Card,Pune,Desktop,0,0,1,984,0,0
TXN102161,CUST3206,1972.22,Card,Delhi,Mobile,1,0,0,5,0,0
TXN102162,CUST1036,9262.83,Card,Mumbai,Desktop,0,0,0,360,0,0
TXN102163,CUST3255,4495.92,NetBanking,Hyderabad,Mobile,1,0,5,20,0,0
TXN102164,CUST4631,265.63,Card,Pune,Mobile,0,0,2,371,0,0
TXN102165,CUST1918,1991.2,Card,Pune,Desktop,0,0,1,416,0,0
TXN102166,CUST3768,13432.98,Wallet,Jaipur,Mobile,0,0,0,502,0,0
TXN102167,CUST4284,3787.58,Card,Delhi,Mobile,0,0,1,417,0,0
TXN102168,CUST2165,2473.81,Card,Chennai,Desktop,0,0,3,139,0,0
TXN102169,CUST2351,6456.56,Card,Kolkata,Desktop,0,0,0,178,0,0
TXN102170,CUST4316,3021.77,Card,Kolkata,Mobile,0,0,0,484,1,0
TXN102171,CUST2353,2368.21,UPI,Bangalore,Tablet,0,0,1,476,0,0
TXN102172,CUST4106,2215.57,Card,Pune,Mobile,0,0,2,1470,0,0
TXN102173,CUST1494,4266.51,Card,Kolkata,Mobile,0,0,3,262,3,0
TXN102174,CUST4200,5586.26,Card,Delhi,Tablet,0,0,0,79,0,0
TXN102175,CUST3669,1631.44,NetBanking,Delhi,Mobile,0,0,1,475,0,0
TXN102176,CUST3612,1867.96,Card,Chennai,Mobile,0,0,4,391,0,0
TXN102177,CUST3973,1375.89,Card,Bangalore,Mobile,0,0,3,136,0,0
TXN102178,CUST2339,3353.14,UPI,Hyderabad,Mobile,0,0,2,158,0,0
TXN102179,CUST4088,7978.02,Card,Bangalore,Mobile,0,0,1,513,0,0
TXN102180,CUST4257,4573.72,Card,Mumbai,Mobile,0,0,3,796,3,0
TXN102181,CUST4862,8956.53,Card,Delhi,Mobile,1,0,1,59,0,0
TXN102182,CUST4252,6612.02,UPI,Hyderabad,Mobile,0,0,2,1875,0,0
TXN102183,CUST4245,7951.79,Card,Pune,Mobile,1,1,3,301,0,1
TXN102184,CUST3664,2757.07,UPI,Hyderabad,Mobile,0,0,0,513,1,0
TXN102185,CUST1768,10650.32,UPI,Mumbai,Mobile,0,0,0,356,0,0
TXN102186,CUST1359,149.73,Card,Chennai,Mobile,0,0,0,546,0,0
TXN102187,CUST4990,5866.95,Card,Delhi,Tablet,0,0,0,302,0,0
TXN102188,CUST3236,2549.25,UPI,Mumbai,Mobile,0,0,1,376,0,0
TXN102189,CUST2469,10725.03,UPI,Kolkata,Desktop,0,0,0,544,0,0
TXN102190,CUST2179,13460.31,Card,Mumbai,Mobile,0,0,1,243,0,0
TXN102191,CUST4902,12049.48,Card,Mumbai,Mobile,0,0,2,162,0,0
TXN102192,CUST4818,7633.62,Card,Hyderabad,Desktop,1,1,0,66,1,0
TXN102193,CUST1626,2759.74,UPI,Bangalore,Mobile,0,0,1,708,0,0
TXN102194,CUST2049,11803.69,Card,Hyderabad,Desktop,1,0,0,49,0,0
TXN102195,CUST4671,4825.08,UPI,Pune,Desktop,0,1,0,241,0,0
TXN102196,CUST3925,1405.8,Card,Bangalore,Desktop,0,1,0,1689,0,0
TXN102197,CUST3736,15728.97,Card,Kolkata,Tablet,0,0,2,288,3,1
TXN102198,CUST4897,11176.24,Wallet,Bangalore,Mobile,0,0,0,608,0,0
TXN102199,CUST1948,3388.48,Card,Hyderabad,Mobile,0,0,2,11,0,0
TXN102200,CUST1168,1852.99,NetBanking,Hyderabad,Mobile,0,0,0,241,0,0
TXN102201,CUST2578,7706.74,UPI,Delhi,Mobile,0,0,1,529,0,0
TXN102202,CUST4313,27298.99,UPI,Kolkata,Desktop,0,0,0,820,0,1
TXN102203,CUST4107,2831.59,Card,Kolkata,Desktop,0,0,0,69,0,0
TXN102204,CUST3112,4712.9,Wallet,Chennai,Mobile,0,0,2,359,0,0
TXN102205,CUST3669,1372.38,Card,Chennai,Desktop,0,0,2,7,0,0
TXN102206,CUST3463,578.94,UPI,Hyderabad,Desktop,0,0,5,131,0,0
TXN102207,CUST4817,1844.38,UPI,Bangalore,Mobile,0,0,0,417,0,0
TXN102208,CUST2419,2458.66,NetBanking,Jaipur,Mobile,0,0,2,70,0,0
TXN102209,CUST4278,18526.95,NetBanking,Pune,Mobile,0,0,2,636,0,0
TXN102210,CUST2438,1787.35,Card,Kolkata,Mobile,0,0,3,138,0,0
TXN102211,CUST4663,653.87,UPI,Delhi,Desktop,1,0,3,545,0,0
TXN102212,CUST3339,7258.01,UPI,Delhi,Mobile,0,0,0,101,0,0
TXN102213,CUST3711,1177.04,NetBanking,Kolkata,Desktop,0,0,1,428,0,0
TXN102214,CUST2021,3434.56,NetBanking,Bangalore,Desktop,0,0,0,90,0,0
TXN102215,CUST2732,3965.16,NetBanking,Jaipur,Tablet,1,0,1,188,0,0
TXN102216,CUST4487,10114.92,UPI,Kolkata,Desktop,0,0,1,491,0,0
TXN102217,CUST2462,3450.39,Card,Hyderabad,Desktop,1,0,0,89,0,0
TXN102218,CUST3955,3823.06,Card,Kolkata,Mobile,1,1,1,48,1,0
TXN102219,CUST1793,10333.3,UPI,Bangalore,Desktop,0,0,1,1018,0,0
TXN102220,CUST4096,797.28,UPI,Chennai,Mobile,0,0,0,2335,0,0
TXN102221,CUST2781,582.36,Card,Jaipur,Desktop,0,0,0,75,0,0
TXN102222,CUST1391,13795.75,Card,Delhi,Mobile,0,1,2,196,0,0
TXN102223,CUST1117,9420.87,UPI,Hyderabad,Mobile,0,0,1,43,0,0
TXN102224,CUST1292,5645.73,Card,Chennai,Desktop,0,0,0,480,0,0
TXN102225,CUST1868,4598.83,UPI,Pune,Desktop,0,0,3,747,0,1
TXN102226,CUST1899,7320.66,UPI,Kolkata,Mobile,0,0,1,1053,0,0
TXN102227,CUST2514,1317.35,UPI,Chennai,Mobile,0,0,0,189,0,0
TXN102228,CUST4030,1912.16,UPI,Chennai,Mobile,0,0,2,69,0,0
TXN102229,CUST3280,1817.62,Card,Bangalore,Mobile,0,1,0,33,0,0
TXN102230,CUST3295,1530.89,NetBanking,Chennai,Desktop,0,0,0,165,0,0
TXN102231,CUST4778,2888.44,UPI,Bangalore,Desktop,0,0,1,130,0,0
TXN102232,CUST4740,2388.78,Wallet,Pune,Desktop,0,0,5,1032,0,0
TXN102233,CUST3823,9771.05,Card,Pune,Mobile,0,0,0,417,0,0
TXN102234,CUST4108,1355.07,UPI,Bangalore,Tablet,0,0,1,307,1,0
TXN102235,CUST2817,1622.39,Wallet,Delhi,Tablet,0,0,3,783,0,0
TXN102236,CUST2922,11303.97,Wallet,Chennai,Mobile,1,1,2,57,3,1
TXN102237,CUST4763,2395.81,Card,Bangalore,Mobile,1,0,1,246,0,0
TXN102238,CUST2186,190.41,NetBanking,Bangalore,Mobile,0,0,1,141,0,0
TXN102239,CUST2736,48999.46,Card,Hyderabad,Mobile,0,0,2,1366,0,0
TXN102240,CUST3797,1523.03,Card,Chennai,Desktop,0,0,1,92,3,1
TXN102241,CUST1501,10791.33,Card,Delhi,Desktop,0,0,2,241,1,1
TXN102242,CUST1584,74848.93,UPI,Bangalore,Mobile,0,0,0,31,0,0
TXN102243,CUST2175,25161.8,Card,Delhi,Desktop,0,0,0,103,0,0
TXN102244,CUST1840,1077.31,Card,Pune,Desktop,0,0,1,510,0,0
TXN102245,CUST4648,2205.3,Card,Jaipur,Desktop,0,0,3,20,0,0
TXN102246,CUST2404,43377.12,Card,Jaipur,Tablet,0,0,2,30,0,0
TXN102247,CUST2203,3540.18,UPI,Mumbai,Mobile,0,1,1,15,2,1
TXN102248,CUST2790,1381.04,Wallet,Hyderabad,Mobile,0,0,0,89,0,1
TXN102249,CUST3749,4919.41,Card,Jaipur,Mobile,0,0,1,325,0,0
TXN102250,CUST1977,4532.74,Card,Jaipur,Desktop,0,0,0,176,0,0
TXN102251,CUST1532,3049.57,UPI,Delhi,Tablet,0,0,3,290,0,0
TXN102252,CUST4794,6660.36,Wallet,Bangalore,Mobile,0,0,0,79,0,0
TXN102253,CUST1923,688.79,Card,Chennai,Mobile,0,0,1,800,0,0
TXN102254,CUST1215,12072.6,UPI,Mumbai,Mobile,0,0,0,96,0,0
TXN102255,CUST3348,962.96,NetBanking,Jaipur,Mobile,0,0,0,2444,0,0
TXN102256,CUST4905,8278.64,UPI,Pune,Mobile,0,0,0,355,0,0
TXN102257,CUST3640,8244.89,NetBanking,Chennai,Mobile,0,0,2,522,0,0
TXN102258,CUST4842,1693.71,Card,Kolkata,Desktop,0,0,2,232,1,0
TXN102259,CUST4357,7673.22,Card,Kolkata,Tablet,0,0,0,1012,1,1
TXN102260,CUST2852,5210.88,Wallet,Mumbai,Mobile,0,0,2,139,0,0
TXN102261,CUST2558,2699.91,UPI,Pune,Mobile,0,0,3,591,1,0
TXN102262,CUST4753,4410.12,UPI,Bangalore,Desktop,0,0,2,115,0,0
TXN102263,CUST1141,19600.37,NetBanking,Delhi,Desktop,0,0,2,704,0,0
TXN102264,CUST1393,557.98,UPI,Chennai,Desktop,0,0,2,919,0,0
TXN102265,CUST3839,17854.18,Card,Mumbai,Mobile,0,0,1,82,0,0
TXN102266,CUST1203,2854.01,UPI,Jaipur,Mobile,0,0,3,180,0,0
TXN102267,CUST4387,788.33,Card,Jaipur,Mobile,0,0,0,245,0,0
TXN102268,CUST2921,12451.9,Wallet,Bangalore,Mobile,0,0,1,446,0,0
TXN102269,CUST2850,12499.15,UPI,Hyderabad,Mobile,0,0,0,1308,0,0
TXN102270,CUST2871,2100.37,UPI,Chennai,Mobile,0,0,0,195,0,1
TXN102271,CUST2187,969.53,Card,Hyderabad,Mobile,0,0,3,329,0,0
TXN102272,CUST4195,7389.29,Card,Jaipur,Desktop,0,0,2,1476,0,0
TXN102273,CUST2998,2775.47,UPI,Chennai,Mobile,0,0,2,785,1,0
TXN102274,CUST2534,11105.03,Card,Jaipur,Desktop,0,0,0,868,0,0
TXN102275,CUST2684,6538.76,NetBanking,Mumbai,Mobile,0,0,1,468,0,0
TXN102276,CUST2584,3800.67,Card,Chennai,Mobile,0,0,0,88,0,0
TXN102277,CUST2809,10013.77,UPI,Chennai,Mobile,0,0,1,700,0,0
TXN102278,CUST3880,4710.54,NetBanking,Kolkata,Mobile,0,0,1,731,0,0
TXN102279,CUST1977,2147.04,Card,Mumbai,Mobile,0,0,3,598,0,0
TXN102280,CUST1990,10255.72,Card,Hyderabad,Mobile,0,0,0,185,0,0
TXN102281,CUST2614,9880.07,Card,Kolkata,Mobile,0,0,1,85,0,0
TXN102282,CUST4602,1636.31,Card,Bangalore,Mobile,0,0,0,464,0,0
TXN102283,CUST4768,10760.01,UPI,Jaipur,Mobile,0,0,0,291,0,0
TXN102284,CUST4907,8701.58,UPI,Chennai,Desktop,0,0,2,298,0,0
TXN102285,CUST2014,11577.73,Card,Chennai,Mobile,1,0,2,143,0,0
TXN102286,CUST1620,1240.35,Card,Pune,Desktop,0,0,1,478,2,0
TXN102287,CUST1579,3732.78,Card,Hyderabad,Mobile,1,1,2,1061,0,1
TXN102288,CUST3267,5586.63,Card,Kolkata,Mobile,0,0,2,634,1,0
TXN102289,CUST4742,2379.48,Card,Delhi,Mobile,0,0,2,774,0,0
TXN102290,CUST3248,6981.18,UPI,Kolkata,Mobile,0,0,1,277,0,0
TXN102291,CUST3121,2619.98,Card,Hyderabad,Mobile,0,0,2,154,1,0
TXN102292,CUST2886,3901.18,Card,Delhi,Mobile,0,0,2,580,0,0
TXN102293,CUST4713,2929.27,NetBanking,Mumbai,Mobile,0,0,1,224,0,0
TXN102294,CUST2564,5927.5,Card,Mumbai,Mobile,0,0,1,273,0,0
TXN102295,CUST1286,4819.3,UPI,Hyderabad,Desktop,1,0,2,23,0,0
TXN102296,CUST2103,3153.72,NetBanking,Bangalore,Mobile,0,0,1,269,0,0
TXN102297,CUST3127,1446.3,Card,Bangalore,Mobile,1,1,2,502,0,1
TXN102298,CUST2308,5063.17,Card,Mumbai,Tablet,0,0,1,316,1,0
TXN102299,CUST2576,1982.99,UPI,Pune,Mobile,0,1,1,1122,0,0
TXN102300,CUST2630,5643.36,Wallet,Delhi,Mobile,0,0,0,110,1,0
TXN102301,CUST2017,996.33,Card,Bangalore,Tablet,0,0,1,222,0,0
TXN102302,CUST1181,1177.78,Card,Kolkata,Mobile,1,0,4,82,0,0
TXN102303,CUST3251,4937.28,UPI,Chennai,Mobile,0,0,1,434,0,0
TXN102304,CUST2037,529.66,NetBanking,Mumbai,Desktop,0,0,1,268,0,0
TXN102305,CUST1721,2807.84,NetBanking,Pune,Tablet,0,0,1,332,0,0
TXN102306,CUST1940,1405.9,Card,Delhi,Mobile,0,0,1,50,0,0
TXN102307,CUST3555,2997.6,Wallet,Mumbai,Desktop,1,1,0,54,0,0
TXN102308,CUST1787,6428.47,Card,Kolkata,Mobile,0,0,2,481,0,0
TXN102309,CUST1635,4467.51,NetBanking,Jaipur,Mobile,1,1,2,656,3,1
TXN102310,CUST2318,2878.7,NetBanking,Delhi,Desktop,1,0,3,121,0,0
TXN102311,CUST1122,3656.74,Card,Kolkata,Desktop,0,0,1,88,0,0
TXN102312,CUST4563,2596.4,Wallet,Jaipur,Desktop,0,0,0,128,2,0
TXN102313,CUST1578,1617.62,Card,Mumbai,Mobile,0,0,2,2,0,0
TXN102314,CUST3425,1693.53,Card,Hyderabad,Desktop,0,0,1,229,0,0
TXN102315,CUST3991,68667.7,UPI,Kolkata,Mobile,0,0,2,69,1,1
TXN102316,CUST3349,1305.24,Card,Pune,Mobile,0,0,3,197,0,0
TXN102317,CUST3640,6450.9,Wallet,Mumbai,Mobile,0,0,2,431,0,0
TXN102318,CUST3239,6019.7,Card,Mumbai,Mobile,0,0,4,225,0,0
TXN102319,CUST2840,68619.0,UPI,Kolkata,Mobile,0,0,0,262,0,0
TXN102320,CUST4949,654.84,UPI,Chennai,Mobile,0,0,1,39,0,0
TXN102321,CUST3209,1383.98,Card,Kolkata,Desktop,0,0,1,564,0,0
TXN102322,CUST1980,6092.72,Wallet,Bangalore,Mobile,0,0,0,222,0,0
TXN102323,CUST3304,3920.75,Card,Hyderabad,Tablet,0,0,1,605,0,0
TXN102324,CUST1685,13290.54,UPI,Kolkata,Mobile,0,0,1,839,0,0
TXN102325,CUST1299,1267.37,NetBanking,Hyderabad,Mobile,0,0,0,447,0,0
TXN102326,CUST1963,765.49,UPI,Pune,Mobile,0,0,1,453,0,0
TXN102327,CUST2220,1288.25,Wallet,Pune,Mobile,0,0,4,69,0,0
TXN102328,CUST4412,1518.9,UPI,Chennai,Mobile,1,1,2,10,0,1
TXN102329,CUST3667,1336.51,UPI,Jaipur,Tablet,1,0,3,48,0,0
TXN102330,CUST3573,7234.15,UPI,Delhi,Mobile,0,0,3,445,0,0
TXN102331,CUST4552,696.21,Card,Pune,Mobile,0,0,0,1789,0,0
TXN102332,CUST3931,8218.02,Card,Bangalore,Mobile,0,0,0,409,0,0
TXN102333,CUST2664,16656.99,UPI,Pune,Mobile,0,0,1,502,0,1
TXN102334,CUST4378,29293.64,UPI,Kolkata,Mobile,0,0,2,1179,0,0
TXN102335,CUST2109,1544.25,Wallet,Pune,Mobile,0,1,1,1304,1,0
TXN102336,CUST2156,4746.63,UPI,Pune,Desktop,0,0,0,242,1,0
TXN102337,CUST4859,2260.82,NetBanking,Pune,Mobile,1,0,0,263,0,0
TXN102338,CUST4050,3927.62,Card,Chennai,Mobile,0,0,0,249,0,0
TXN102339,CUST3369,2143.9,UPI,Hyderabad,Mobile,0,0,0,504,1,0
TXN102340,CUST2196,63802.21,UPI,Jaipur,Desktop,0,0,3,127,0,0
TXN102341,CUST3701,746.99,UPI,Chennai,Mobile,0,0,0,621,0,0
TXN102342,CUST4054,4786.73,Card,Delhi,Mobile,0,0,0,167,0,0
TXN102343,CUST1901,315.5,Card,Kolkata,Desktop,0,0,2,137,0,0
TXN102344,CUST4044,2343.87,Card,Pune,Mobile,0,0,1,122,0,0
TXN102345,CUST1123,43122.39,UPI,Mumbai,Mobile,0,0,2,436,0,1
TXN102346,CUST3029,4487.12,Card,Kolkata,Desktop,0,0,1,1041,0,0
TXN102347,CUST1295,5063.93,Card,Chennai,Mobile,0,0,2,180,0,0
TXN102348,CUST2643,3120.31,UPI,Delhi,Mobile,0,0,0,318,1,0
TXN102349,CUST2501,2573.13,UPI,Pune,Mobile,0,0,0,310,0,0
TXN102350,CUST2422,3836.5,Wallet,Delhi,Mobile,0,0,1,351,0,1
TXN102351,CUST1538,6145.89,Card,Bangalore,Mobile,0,0,0,824,0,0
TXN102352,CUST4768,13142.24,Wallet,Bangalore,Tablet,0,0,1,373,0,0
TXN102353,CUST4528,20628.13,Card,Hyderabad,Mobile,0,0,0,752,0,0
TXN102354,CUST4741,1157.72,Card,Delhi,Mobile,0,1,0,541,3,1
TXN102355,CUST2427,1134.2,Card,Jaipur,Desktop,1,0,1,18,3,1
TXN102356,CUST4333,847.99,Card,Kolkata,Mobile,0,0,2,57,1,1
TXN102357,CUST2278,2494.27,UPI,Jaipur,Desktop,0,0,1,573,0,0
TXN102358,CUST3801,19171.69,Card,Chennai,Mobile,0,0,1,21,0,0
TXN102359,CUST3855,7279.07,Card,Pune,Mobile,0,0,2,1093,1,1
TXN102360,CUST4291,1432.54,Card,Hyderabad,Mobile,0,0,0,117,0,0
TXN102361,CUST4551,7778.05,Card,Chennai,Desktop,0,0,0,390,0,0
TXN102362,CUST2570,1582.01,Card,Chennai,Mobile,1,0,1,29,0,0
TXN102363,CUST1063,993.24,Card,Hyderabad,Desktop,0,0,1,402,0,0
TXN102364,CUST4559,1179.78,UPI,Hyderabad,Mobile,0,0,2,204,0,0
TXN102365,CUST1934,3168.79,Card,Kolkata,Mobile,0,0,0,126,0,0
TXN102366,CUST2915,6741.04,NetBanking,Delhi,Mobile,0,0,0,488,0,0
TXN102367,CUST4566,3409.8,Card,Chennai,Desktop,0,0,3,255,0,0
TXN102368,CUST4660,6432.06,UPI,Chennai,Mobile,0,0,2,327,0,0
TXN102369,CUST2450,5262.55,Card,Mumbai,Mobile,0,0,2,563,0,0
TXN102370,CUST2561,18603.73,UPI,Jaipur,Mobile,0,0,2,436,1,0
TXN102371,CUST4338,2763.25,Wallet,Jaipur,Mobile,0,0,0,456,0,0
TXN102372,CUST2985,11024.95,Card,Bangalore,Mobile,0,1,0,88,1,0
TXN102373,CUST1966,3687.77,NetBanking,Bangalore,Desktop,0,1,2,700,0,1
TXN102374,CUST4847,2807.09,UPI,Pune,Tablet,0,0,0,341,0,0
TXN102375,CUST1575,14978.17,UPI,Bangalore,Desktop,1,0,1,787,0,0
TXN102376,CUST4557,172.93,NetBanking,Pune,Desktop,1,1,3,197,0,0
TXN102377,CUST4556,2901.08,UPI,Hyderabad,Desktop,0,0,1,47,2,0
TXN102378,CUST4891,1655.22,Card,Kolkata,Desktop,0,0,2,424,0,0
TXN102379,CUST3086,4342.89,Card,Kolkata,Mobile,1,0,3,120,0,0
TXN102380,CUST1952,1779.03,Card,Kolkata,Desktop,0,0,1,1304,0,0
TXN102381,CUST3971,6680.75,Card,Kolkata,Mobile,0,0,2,64,1,0
TXN102382,CUST3697,15259.47,Card,Delhi,Desktop,0,0,0,691,0,0
TXN102383,CUST1603,1182.48,NetBanking,Delhi,Tablet,0,0,2,203,0,0
TXN102384,CUST4441,7966.76,NetBanking,Kolkata,Mobile,1,0,0,13,0,1
TXN102385,CUST3842,4529.41,NetBanking,Chennai,Desktop,0,0,1,1889,0,0
TXN102386,CUST4482,621.86,Card,Hyderabad,Mobile,1,0,1,18,0,1
TXN102387,CUST4344,6406.01,UPI,Bangalore,Mobile,0,1,1,795,0,0
TXN102388,CUST2198,802.29,NetBanking,Pune,Tablet,1,0,2,483,0,0
TXN102389,CUST2753,4935.96,Card,Kolkata,Mobile,0,0,1,285,0,0
TXN102390,CUST2866,3215.16,UPI,Pune,Mobile,0,0,1,317,0,0
TXN102391,CUST3412,2751.73,Card,Chennai,Mobile,1,0,1,15,0,0
TXN102392,CUST1952,11562.76,Card,Pune,Tablet,1,0,0,13,0,0
TXN102393,CUST4854,8285.26,Card,Hyderabad,Mobile,0,0,0,922,0,0
TXN102394,CUST1064,2610.9,Card,Delhi,Mobile,0,0,3,108,0,0
TXN102395,CUST1742,2327.11,Card,Pune,Mobile,0,0,0,139,0,0
TXN102396,CUST3815,9464.95,Wallet,Delhi,Mobile,0,0,4,262,0,0
TXN102397,CUST2928,8701.0,Card,Delhi,Mobile,0,0,1,109,0,0
TXN102398,CUST1743,848.12,UPI,Mumbai,Mobile,0,0,2,519,0,0
TXN102399,CUST1175,1331.55,Card,Bangalore,Desktop,0,0,1,1588,0,0
TXN102400,CUST3629,2835.46,NetBanking,Chennai,Mobile,0,0,0,970,0,0
TXN102401,CUST4604,1431.56,NetBanking,Bangalore,Mobile,0,0,1,357,0,0
TXN102402,CUST2824,552.66,Wallet,Pune,Desktop,0,0,1,72,0,0
TXN102403,CUST4830,2647.66,NetBanking,Mumbai,Desktop,0,0,2,370,0,0
TXN102404,CUST4962,4654.21,NetBanking,Bangalore,Desktop,0,0,0,290,0,0
TXN102405,CUST4315,300.76,Card,Pune,Mobile,0,0,1,141,0,0
TXN102406,CUST2706,17681.77,Wallet,Delhi,Mobile,1,0,4,34,0,0
TXN102407,CUST2742,4223.92,UPI,Mumbai,Mobile,0,0,2,42,0,0
TXN102408,CUST1188,10504.29,UPI,Kolkata,Desktop,0,0,0,371,0,0
TXN102409,CUST4366,6691.15,UPI,Bangalore,Mobile,0,0,1,1566,0,0
TXN102410,CUST1251,1538.78,UPI,Mumbai,Mobile,1,0,0,9,0,0
TXN102411,CUST4405,3593.48,UPI,Delhi,Mobile,0,0,2,844,0,0
TXN102412,CUST2057,473.8,Wallet,Hyderabad,Mobile,0,0,2,344,1,0
TXN102413,CUST4286,1069.18,UPI,Mumbai,Tablet,0,0,0,1076,0,0
TXN102414,CUST2127,4411.04,UPI,Pune,Mobile,0,0,2,587,0,0
TXN102415,CUST2740,2376.37,UPI,Kolkata,Mobile,0,0,2,131,1,0
TXN102416,CUST1941,1517.99,Card,Mumbai,Mobile,1,0,0,122,0,0
TXN102417,CUST4096,1570.65,Card,Jaipur,Desktop,0,0,0,164,0,0
TXN102418,CUST2850,1783.21,UPI,Hyderabad,Mobile,0,0,1,122,0,0
TXN102419,CUST1392,4078.33,UPI,Chennai,Desktop,0,0,3,29,0,0
TXN102420,CUST1087,1672.72,NetBanking,Hyderabad,Mobile,0,0,1,65,1,0
TXN102421,CUST4079,4780.11,NetBanking,Mumbai,Mobile,0,0,3,845,1,0
TXN102422,CUST1588,8564.99,Card,Jaipur,Mobile,1,0,0,29,0,0
TXN102423,CUST1363,5050.86,UPI,Bangalore,Desktop,1,1,0,8,0,0
TXN102424,CUST4435,6885.63,Card,Kolkata,Desktop,0,0,2,752,0,0
TXN102425,CUST3676,11974.49,UPI,Kolkata,Tablet,0,0,0,348,0,0
TXN102426,CUST2477,4659.2,Card,Chennai,Tablet,0,0,1,130,0,0
TXN102427,CUST4855,1521.59,UPI,Mumbai,Mobile,0,0,3,34,0,0
TXN102428,CUST4409,7987.42,Card,Pune,Tablet,0,0,1,61,0,0
TXN102429,CUST4230,6602.99,Card,Mumbai,Mobile,0,0,1,83,0,0
TXN102430,CUST2420,2199.54,UPI,Bangalore,Desktop,0,0,0,366,0,0
TXN102431,CUST3790,572.45,UPI,Bangalore,Mobile,0,0,1,227,0,0
TXN102432,CUST1869,16545.78,Card,Pune,Mobile,0,0,2,75,0,0
TXN102433,CUST1498,11185.91,NetBanking,Bangalore,Mobile,0,0,3,220,3,1
TXN102434,CUST1916,6096.69,Wallet,Kolkata,Mobile,0,0,1,6,0,0
TXN102435,CUST2563,3182.19,UPI,Bangalore,Mobile,1,1,3,36,1,1
TXN102436,CUST1071,118.88,Card,Kolkata,Desktop,0,0,3,432,0,0
TXN102437,CUST4648,2316.31,Card,Hyderabad,Desktop,1,0,3,216,0,0
TXN102438,CUST4633,22705.47,Card,Chennai,Mobile,1,1,0,203,0,0
TXN102439,CUST4071,5157.59,UPI,Delhi,Desktop,0,0,1,721,2,0
TXN102440,CUST3657,1290.66,Card,Pune,Mobile,0,1,1,68,0,0
TXN102441,CUST3906,1125.35,Card,Bangalore,Mobile,0,0,1,205,0,0
TXN102442,CUST4197,1061.65,NetBanking,Delhi,Mobile,0,0,1,12,0,0
TXN102443,CUST4158,4066.74,UPI,Hyderabad,Desktop,1,1,1,802,0,0
TXN102444,CUST1089,3978.17,UPI,Chennai,Desktop,1,0,2,961,0,0
TXN102445,CUST3077,2013.81,Card,Kolkata,Mobile,0,0,1,48,0,0
TXN102446,CUST2386,1638.39,UPI,Mumbai,Mobile,0,1,0,31,0,0
TXN102447,CUST4777,1398.81,Card,Chennai,Desktop,0,0,2,67,0,0
TXN102448,CUST2741,1202.92,Card,Chennai,Mobile,0,0,0,153,0,0
TXN102449,CUST3140,5928.86,Card,Kolkata,Mobile,0,0,2,575,0,0
TXN102450,CUST4640,807.29,NetBanking,Mumbai,Desktop,0,0,1,965,0,0
TXN102451,CUST1376,3512.96,Card,Pune,Tablet,0,0,2,358,0,0
TXN102452,CUST3574,7218.36,Wallet,Pune,Mobile,0,0,2,563,0,0
TXN102453,CUST2413,5319.04,Card,Kolkata,Mobile,0,1,1,92,0,0
TXN102454,CUST1776,1325.16,Card,Delhi,Desktop,0,0,1,183,1,1
TXN102455,CUST2853,1719.04,UPI,Mumbai,Desktop,0,0,2,243,0,0
TXN102456,CUST4705,1059.77,Card,Chennai,Desktop,0,0,2,228,0,0
TXN102457,CUST1243,2631.31,Card,Mumbai,Tablet,0,1,0,123,0,0
TXN102458,CUST2222,10519.14,UPI,Mumbai,Mobile,0,0,2,261,1,0
TXN102459,CUST4390,4434.75,Wallet,Chennai,Desktop,0,0,2,827,0,0
TXN102460,CUST1551,5208.54,UPI,Mumbai,Mobile,0,1,1,300,0,0
TXN102461,CUST3851,737.28,Card,Pune,Desktop,1,0,0,9,0,0
TXN102462,CUST2186,21109.74,Card,Jaipur,Mobile,0,0,1,1035,0,0
TXN102463,CUST4354,11161.21,NetBanking,Hyderabad,Mobile,0,0,2,256,0,0
TXN102464,CUST3942,1022.68,Card,Bangalore,Mobile,0,0,1,231,0,0
TXN102465,CUST1667,1267.18,Card,Jaipur,Mobile,0,0,2,704,0,0
TXN102466,CUST4644,10616.82,UPI,Chennai,Mobile,0,0,1,106,0,0
TXN102467,CUST2552,5248.78,Card,Delhi,Desktop,0,0,1,106,3,1
TXN102468,CUST1125,787.92,UPI,Pune,Tablet,0,0,1,777,0,0
TXN102469,CUST1459,741.81,UPI,Chennai,Mobile,0,0,0,532,0,0
TXN102470,CUST3248,3302.88,UPI,Jaipur,Mobile,0,0,0,230,1,0
TXN102471,CUST3103,4535.6,Card,Bangalore,Mobile,1,1,0,377,1,0
TXN102472,CUST1751,785.29,NetBanking,Pune,Tablet,0,0,1,820,0,0
TXN102473,CUST2232,3757.67,Card,Hyderabad,Desktop,0,0,0,751,0,1
TXN102474,CUST1620,1350.89,Card,Delhi,Mobile,0,0,3,233,0,0
TXN102475,CUST3324,925.53,NetBanking,Hyderabad,Tablet,0,0,4,347,0,0
TXN102476,CUST2901,5436.15,Card,Jaipur,Desktop,0,0,1,76,0,0
TXN102477,CUST2699,3551.29,Card,Jaipur,Desktop,0,0,0,586,0,0
TXN102478,CUST4555,1225.46,Card,Chennai,Mobile,0,0,0,244,1,0
TXN102479,CUST1420,2943.78,UPI,Jaipur,Mobile,1,0,5,27,1,0
TXN102480,CUST2156,4597.92,UPI,Jaipur,Desktop,1,1,0,49,0,0
TXN102481,CUST2317,952.96,UPI,Pune,Mobile,0,0,0,243,0,0
TXN102482,CUST1902,2798.77,Card,Kolkata,Desktop,0,0,3,372,0,0
TXN102483,CUST4899,483.7,Card,Jaipur,Mobile,0,0,0,2054,0,0
TXN102484,CUST2481,1177.47,Wallet,Pune,Desktop,0,0,1,118,0,0
TXN102485,CUST4306,5931.36,NetBanking,Kolkata,Mobile,0,0,0,75,1,0
TXN102486,CUST3186,1915.45,Wallet,Delhi,Mobile,0,0,0,492,0,0
TXN102487,CUST3681,2042.09,Card,Kolkata,Mobile,0,0,0,7,0,0
TXN102488,CUST4116,455.59,Card,Hyderabad,Desktop,0,0,3,551,0,0
TXN102489,CUST3941,1784.76,Card,Mumbai,Desktop,0,1,0,75,0,0
TXN102490,CUST1607,5126.85,UPI,Delhi,Desktop,0,0,1,1129,0,0
TXN102491,CUST4925,1346.21,Wallet,Delhi,Tablet,0,0,0,1007,0,0
TXN102492,CUST3201,3751.11,NetBanking,Jaipur,Mobile,0,0,1,70,0,0
TXN102493,CUST2904,1520.85,Card,Delhi,Mobile,0,0,3,621,0,0
TXN102494,CUST4276,8179.53,Wallet,Bangalore,Mobile,0,0,3,1300,0,0
TXN102495,CUST4995,2955.52,UPI,Mumbai,Mobile,0,0,2,855,0,0
TXN102496,CUST1106,2933.53,UPI,Pune,Mobile,0,0,0,784,2,0
TXN102497,CUST1101,939.87,Card,Chennai,Mobile,0,0,3,115,0,0
TXN102498,CUST1896,538.54,Card,Pune,Mobile,0,0,1,78,0,0
TXN102499,CUST2610,4268.43,Card,Jaipur,Mobile,0,0,3,124,0,0
TXN102500,CUST4841,1597.32,Wallet,Chennai,Desktop,0,0,0,120,0,0
TXN102501,CUST1154,50428.79,Card,Jaipur,Desktop,0,0,2,460,0,0
TXN102502,CUST1150,5538.2,NetBanking,Bangalore,Mobile,0,1,2,952,0,0
TXN102503,CUST1454,1909.35,Card,Jaipur,Desktop,1,1,2,546,0,0
TXN102504,CUST4232,4670.75,Wallet,Chennai,Mobile,0,0,0,998,0,0
TXN102505,CUST2237,20032.08,Wallet,Kolkata,Mobile,1,0,1,52,0,0
TXN102506,CUST2382,12723.29,NetBanking,Bangalore,Mobile,0,0,0,141,0,0
TXN102507,CUST1409,3736.08,UPI,Jaipur,Mobile,0,0,1,95,0,0
TXN102508,CUST1523,14743.7,NetBanking,Hyderabad,Mobile,0,0,0,969,0,0
TXN102509,CUST1513,10569.78,Card,Jaipur,Mobile,0,0,1,1274,0,0
TXN102510,CUST4733,14676.37,Wallet,Kolkata,Mobile,0,1,1,180,0,0
TXN102511,CUST3683,515.97,NetBanking,Bangalore,Mobile,1,0,0,46,0,0
TXN102512,CUST1040,2475.13,UPI,Chennai,Mobile,0,0,4,360,0,0
TXN102513,CUST2945,2082.34,UPI,Jaipur,Desktop,0,0,0,159,1,0
TXN102514,CUST2941,746.16,Card,Bangalore,Desktop,0,0,3,292,0,0
TXN102515,CUST2935,9008.39,Wallet,Pune,Mobile,0,0,1,689,0,0
TXN102516,CUST2078,12373.4,NetBanking,Delhi,Tablet,0,0,2,272,0,0
TXN102517,CUST3118,3001.98,NetBanking,Delhi,Mobile,0,0,2,1305,0,1
TXN102518,CUST2922,10031.12,Card,Jaipur,Mobile,0,0,0,135,0,0
TXN102519,CUST2747,842.42,Card,Chennai,Desktop,0,0,2,207,0,0
TXN102520,CUST1057,2265.7,Card,Pune,Desktop,1,0,2,939,1,1
TXN102521,CUST2014,31256.92,Card,Jaipur,Mobile,0,0,3,123,0,0
TXN102522,CUST4743,993.23,Wallet,Pune,Mobile,0,0,1,61,0,0
TXN102523,CUST3609,20549.26,Card,Chennai,Desktop,0,0,2,98,0,0
TXN102524,CUST2981,1124.34,Card,Kolkata,Mobile,0,0,1,69,0,0
TXN102525,CUST3831,2537.89,Card,Mumbai,Mobile,0,0,1,208,0,0
TXN102526,CUST2564,3203.81,Card,Mumbai,Mobile,0,0,1,7,0,0
TXN102527,CUST2654,12068.38,UPI,Hyderabad,Mobile,0,0,0,551,0,0
TXN102528,CUST2945,2682.83,Card,Bangalore,Mobile,0,0,2,851,0,0
TXN102529,CUST4299,5662.08,NetBanking,Kolkata,Desktop,0,0,3,291,0,0
TXN102530,CUST2496,6266.93,Card,Jaipur,Desktop,0,0,0,273,0,0
TXN102531,CUST4460,4102.37,UPI,Hyderabad,Desktop,0,0,2,725,0,0
TXN102532,CUST4135,2615.86,UPI,Chennai,Mobile,1,1,0,22,0,1
TXN102533,CUST4270,1915.33,UPI,Jaipur,Mobile,0,0,0,38,0,0
TXN102534,CUST1104,2122.68,UPI,Pune,Mobile,0,0,0,499,0,0
TXN102535,CUST2685,4997.27,Card,Delhi,Mobile,0,0,0,834,0,0
TXN102536,CUST2578,1808.65,Card,Chennai,Mobile,0,0,0,251,0,0
TXN102537,CUST2328,330.21,NetBanking,Kolkata,Desktop,0,0,2,961,0,0
TXN102538,CUST1252,27486.42,Card,Hyderabad,Desktop,0,0,0,72,3,1
TXN102539,CUST4924,4723.76,Card,Chennai,Mobile,0,1,1,1119,0,0
TXN102540,CUST2951,5632.22,Card,Chennai,Desktop,0,0,0,94,3,1
TXN102541,CUST1449,6018.29,Card,Delhi,Mobile,0,1,0,373,0,0
TXN102542,CUST2594,4321.13,Card,Pune,Mobile,0,1,0,659,0,0
TXN102543,CUST4298,6066.83,Card,Jaipur,Mobile,0,0,0,75,0,0
TXN102544,CUST4938,2317.49,Wallet,Pune,Mobile,1,0,1,5,0,0
TXN102545,CUST2637,989.37,UPI,Kolkata,Mobile,0,1,2,727,0,0
TXN102546,CUST4096,4078.41,Wallet,Mumbai,Mobile,0,0,1,164,0,0
TXN102547,CUST2047,3265.03,NetBanking,Jaipur,Desktop,0,0,2,52,0,0
TXN102548,CUST1422,3459.96,Card,Chennai,Desktop,0,0,1,321,0,0
TXN102549,CUST2795,1326.22,UPI,Chennai,Tablet,0,0,0,1292,0,0
TXN102550,CUST2578,4345.76,Card,Hyderabad,Mobile,0,0,1,241,3,1
TXN102551,CUST2181,3567.8,Card,Hyderabad,Mobile,0,0,1,63,0,0
TXN102552,CUST3385,2153.28,UPI,Kolkata,Desktop,0,0,2,250,0,0
TXN102553,CUST3841,19970.32,Card,Bangalore,Tablet,0,0,1,883,0,0
TXN102554,CUST1356,3629.16,Card,Pune,Mobile,1,1,1,210,0,0
TXN102555,CUST3008,6970.29,UPI,Pune,Mobile,0,0,3,759,0,0
TXN102556,CUST3884,5517.16,NetBanking,Hyderabad,Tablet,0,0,1,73,0,0
TXN102557,CUST3614,2001.84,Card,Delhi,Desktop,0,0,0,569,0,0
TXN102558,CUST3389,1128.49,NetBanking,Mumbai,Mobile,0,0,2,95,0,0
TXN102559,CUST1583,827.35,UPI,Chennai,Desktop,0,0,0,230,0,0
TXN102560,CUST4463,4805.02,Card,Kolkata,Tablet,0,0,2,105,0,0
TXN102561,CUST4013,5476.29,UPI,Hyderabad,Desktop,1,0,0,13,1,0
TXN102562,CUST1592,4974.67,UPI,Mumbai,Desktop,0,0,0,608,0,0
TXN102563,CUST2128,6454.53,NetBanking,Mumbai,Mobile,0,0,1,406,0,0
TXN102564,CUST4384,2457.24,Card,Hyderabad,Desktop,0,0,1,535,0,0
TXN102565,CUST4866,1929.95,UPI,Hyderabad,Mobile,0,0,0,326,0,0
TXN102566,CUST1350,3495.28,Card,Kolkata,Mobile,0,0,1,306,0,0
TXN102567,CUST2526,8537.72,UPI,Chennai,Mobile,0,0,5,360,0,0
TXN102568,CUST1138,5513.01,Wallet,Pune,Desktop,0,0,1,592,0,0
TXN102569,CUST2630,2344.46,Wallet,Pune,Tablet,0,0,0,583,1,0
TXN102570,CUST1868,3045.95,UPI,Chennai,Desktop,0,0,2,1142,2,0
TXN102571,CUST2917,2576.95,NetBanking,Delhi,Mobile,0,0,2,610,0,0
TXN102572,CUST4602,1816.73,Card,Kolkata,Mobile,0,0,2,63,0,0
TXN102573,CUST3850,2776.67,Card,Chennai,Mobile,0,0,0,402,0,0
TXN102574,CUST1935,450.29,Card,Mumbai,Mobile,0,0,2,108,0,0
TXN102575,CUST1466,9488.71,UPI,Mumbai,Mobile,0,0,2,244,1,0
TXN102576,CUST3183,2202.06,Wallet,Bangalore,Mobile,1,0,0,173,3,1
TXN102577,CUST2709,11907.77,Card,Chennai,Mobile,1,0,0,518,0,0
TXN102578,CUST4525,24503.88,Card,Jaipur,Mobile,0,0,1,936,0,0
TXN102579,CUST3378,12183.26,Card,Pune,Mobile,1,1,1,58,2,1
TXN102580,CUST1204,8047.51,Card,Mumbai,Mobile,0,0,0,457,0,0
TXN102581,CUST4445,15902.46,Card,Pune,Desktop,0,0,2,124,0,0
TXN102582,CUST4460,7218.81,UPI,Mumbai,Mobile,0,0,2,432,0,0
TXN102583,CUST1223,1688.25,NetBanking,Bangalore,Mobile,0,0,2,1062,0,0
TXN102584,CUST2162,3237.64,Card,Chennai,Desktop,1,0,0,14,1,0
TXN102585,CUST2198,102.94,UPI,Hyderabad,Mobile,0,0,1,582,0,0
TXN102586,CUST3158,840.8,Wallet,Mumbai,Mobile,0,0,3,25,0,0
TXN102587,CUST2549,3075.96,Card,Pune,Mobile,0,0,1,556,0,0
TXN102588,CUST1004,15994.37,Card,Delhi,Desktop,0,0,0,233,0,0
TXN102589,CUST4117,14941.92,Card,Kolkata,Mobile,0,0,1,46,0,0
TXN102590,CUST3728,835.17,Wallet,Pune,Mobile,1,0,1,7,0,0
TXN102591,CUST2007,4028.75,Wallet,Bangalore,Mobile,0,0,1,334,0,0
TXN102592,CUST4000,4323.44,Card,Delhi,Tablet,0,0,1,31,0,0
TXN102593,CUST1826,6701.07,NetBanking,Mumbai,Desktop,1,1,2,71,0,0
TXN102594,CUST3258,1753.85,Card,Jaipur,Mobile,0,0,1,408,0,0
TXN102595,CUST3274,2293.42,UPI,Mumbai,Mobile,0,1,0,44,0,0
TXN102596,CUST4078,10628.49,UPI,Chennai,Desktop,0,0,2,271,0,0
TXN102597,CUST2637,3624.53,UPI,Kolkata,Mobile,0,0,0,176,1,1
TXN102598,CUST2246,10587.63,Card,Mumbai,Desktop,0,0,2,1169,0,0
TXN102599,CUST4020,1930.44,Card,Bangalore,Desktop,0,0,0,25,0,0
TXN102600,CUST3723,887.61,Card,Pune,Tablet,1,1,0,1516,0,0
TXN102601,CUST2368,4195.55,UPI,Pune,Mobile,0,0,2,135,0,0
TXN102602,CUST4026,3027.83,Wallet,Jaipur,Mobile,0,0,1,231,0,0
TXN102603,CUST2665,4720.5,Card,Hyderabad,Mobile,1,0,0,21,0,0
TXN102604,CUST4718,985.64,Card,Chennai,Mobile,0,0,0,252,0,0
TXN102605,CUST3446,611.52,NetBanking,Bangalore,Mobile,0,0,2,511,0,0
TXN102606,CUST1125,23111.22,Card,Kolkata,Desktop,0,0,1,31,0,0
TXN102607,CUST2838,3529.04,Card,Hyderabad,Mobile,0,0,1,808,2,0
TXN102608,CUST1158,2050.91,Wallet,Hyderabad,Mobile,0,1,0,338,0,0
TXN102609,CUST3455,6552.33,UPI,Kolkata,Desktop,0,0,0,380,0,0
TXN102610,CUST4078,6035.88,Card,Kolkata,Desktop,0,0,2,102,0,0
TXN102611,CUST1999,6208.73,NetBanking,Bangalore,Desktop,1,0,0,47,0,0
TXN102612,CUST2285,3354.73,UPI,Chennai,Tablet,0,0,0,1096,2,0
TXN102613,CUST1669,2854.19,Card,Mumbai,Desktop,0,0,1,443,0,0
TXN102614,CUST2778,13871.08,Card,Bangalore,Mobile,0,0,0,558,2,0
TXN102615,CUST4416,26425.65,UPI,Jaipur,Mobile,0,0,1,19,0,0
TXN102616,CUST4821,4227.54,Card,Mumbai,Mobile,1,1,0,626,0,1
TXN102617,CUST3743,13142.64,Card,Kolkata,Mobile,1,0,1,15,0,0
TXN102618,CUST2032,2565.33,UPI,Delhi,Desktop,0,0,2,529,0,0
TXN102619,CUST3681,5310.78,UPI,Kolkata,Mobile,0,0,2,219,0,0
TXN102620,CUST3683,3238.93,Card,Mumbai,Mobile,0,0,0,510,0,0
TXN102621,CUST4702,5180.93,Card,Jaipur,Mobile,0,0,1,342,0,0
TXN102622,CUST4281,3843.22,Card,Pune,Tablet,0,0,0,271,2,0
TXN102623,CUST2247,411.94,Card,Chennai,Desktop,0,0,1,320,0,0
TXN102624,CUST2064,844.43,NetBanking,Bangalore,Mobile,0,1,2,324,0,0
TXN102625,CUST1712,5052.51,Wallet,Pune,Desktop,0,1,0,126,0,0
TXN102626,CUST2516,5563.68,UPI,Delhi,Mobile,0,0,1,245,0,0
TXN102627,CUST2410,6106.59,UPI,Bangalore,Mobile,0,0,1,407,0,0
TXN102628,CUST1076,8238.12,NetBanking,Delhi,Mobile,0,0,1,255,0,0
TXN102629,CUST1813,18993.17,Card,Pune,Mobile,0,0,1,1823,1,0
TXN102630,CUST4332,14073.43,Card,Delhi,Desktop,0,0,2,540,0,0
TXN102631,CUST1667,2155.54,Card,Chennai,Mobile,0,0,0,23,0,0
TXN102632,CUST3101,1725.53,Card,Mumbai,Mobile,0,1,0,206,2,1
TXN102633,CUST3905,3820.87,UPI,Pune,Mobile,0,1,1,1,0,0
TXN102634,CUST3267,5884.89,Card,Mumbai,Mobile,0,0,0,59,0,0
TXN102635,CUST4471,45192.55,UPI,Kolkata,Desktop,0,0,1,1213,0,0
TXN102636,CUST1314,22023.15,Wallet,Chennai,Mobile,1,1,1,241,0,1
TXN102637,CUST1109,2853.92,Card,Delhi,Mobile,0,0,0,68,0,0
TXN102638,CUST2934,22122.78,UPI,Bangalore,Desktop,0,0,2,1691,0,0
TXN102639,CUST4808,6394.36,Card,Bangalore,Mobile,0,0,0,325,0,0
TXN102640,CUST1060,3666.78,NetBanking,Chennai,Mobile,0,0,3,130,0,1
TXN102641,CUST4387,4196.63,Wallet,Pune,Mobile,0,0,2,303,0,0
TXN102642,CUST4315,9083.33,Card,Kolkata,Mobile,0,0,2,18,0,0
TXN102643,CUST2827,6752.81,NetBanking,Chennai,Mobile,0,0,0,291,0,0
TXN102644,CUST2506,1324.19,Card,Bangalore,Mobile,0,0,2,86,0,0
TXN102645,CUST4842,2559.11,Card,Mumbai,Desktop,1,0,2,24,1,1
TXN102646,CUST4942,6254.69,NetBanking,Bangalore,Tablet,0,0,2,274,0,0
TXN102647,CUST4868,1261.05,Card,Bangalore,Desktop,0,1,0,1273,0,0
TXN102648,CUST4612,2740.0,UPI,Delhi,Desktop,1,0,0,231,1,1
TXN102649,CUST3838,4050.71,Card,Mumbai,Mobile,1,0,0,29,0,0
TXN102650,CUST4203,9050.32,Card,Pune,Mobile,0,0,2,229,0,0
TXN102651,CUST1473,6937.47,Card,Delhi,Mobile,0,0,3,1251,0,0
TXN102652,CUST4415,5643.12,Card,Pune,Mobile,0,0,1,52,0,0
TXN102653,CUST4901,16750.56,NetBanking,Chennai,Desktop,0,0,5,268,0,0
TXN102654,CUST1122,9321.4,Card,Jaipur,Mobile,0,0,6,2431,3,1
TXN102655,CUST3704,14316.58,Card,Pune,Desktop,0,0,0,265,0,0
TXN102656,CUST3065,2840.05,Wallet,Kolkata,Tablet,0,0,2,617,0,0
TXN102657,CUST3469,1026.14,Card,Delhi,Mobile,0,0,0,124,0,0
TXN102658,CUST4509,4376.76,Card,Delhi,Tablet,0,0,1,95,0,0
TXN102659,CUST3384,3622.49,Card,Chennai,Mobile,0,0,3,16,0,0
TXN102660,CUST3141,7133.54,Wallet,Mumbai,Mobile,0,0,1,50,2,0
TXN102661,CUST1371,11615.42,UPI,Mumbai,Mobile,0,0,1,45,0,0
TXN102662,CUST1721,1520.09,Card,Mumbai,Tablet,0,0,0,160,0,0
TXN102663,CUST1019,88.63,UPI,Kolkata,Mobile,0,0,0,68,1,0
TXN102664,CUST4804,1638.25,Card,Jaipur,Mobile,0,0,0,726,0,0
TXN102665,CUST3058,14739.23,NetBanking,Mumbai,Desktop,0,0,1,971,0,0
TXN102666,CUST3071,6446.02,Card,Jaipur,Mobile,1,0,1,603,0,0
TXN102667,CUST1757,4430.75,UPI,Delhi,Desktop,0,0,0,45,0,0
TXN102668,CUST3835,2523.52,NetBanking,Mumbai,Desktop,0,0,2,1492,0,0
TXN102669,CUST4653,5467.75,Card,Kolkata,Mobile,0,0,0,136,0,0
TXN102670,CUST3680,3570.13,Card,Delhi,Mobile,0,0,3,1408,0,0
TXN102671,CUST2849,1854.92,Card,Chennai,Desktop,0,0,1,144,0,0
TXN102672,CUST3251,9491.79,Card,Delhi,Desktop,0,0,2,369,0,0
TXN102673,CUST4444,2722.22,UPI,Pune,Mobile,0,0,1,250,0,0
TXN102674,CUST1525,363.45,Card,Mumbai,Desktop,1,0,1,49,0,0
TXN102675,CUST4567,7643.4,NetBanking,Kolkata,Mobile,0,0,1,368,0,0
TXN102676,CUST1034,5193.36,NetBanking,Pune,Desktop,0,1,1,233,1,0
TXN102677,CUST3893,228.6,Wallet,Chennai,Mobile,0,0,1,811,0,0
TXN102678,CUST1982,5484.16,Card,Jaipur,Mobile,0,0,1,169,0,0
TXN102679,CUST4836,2263.55,UPI,Pune,Mobile,0,0,1,65,0,0
TXN102680,CUST4481,18113.53,Card,Hyderabad,Mobile,0,0,3,56,0,0
TXN102681,CUST4066,2805.29,NetBanking,Kolkata,Desktop,0,0,0,211,0,0
TXN102682,CUST3899,966.38,Card,Delhi,Desktop,0,0,2,340,0,0
TXN102683,CUST3401,1602.84,Card,Chennai,Mobile,0,0,2,212,0,0
TXN102684,CUST3192,35263.77,NetBanking,Bangalore,Mobile,0,1,1,167,0,0
TXN102685,CUST1916,1566.02,UPI,Bangalore,Desktop,0,0,1,72,0,0
TXN102686,CUST3719,1103.63,NetBanking,Delhi,Mobile,0,0,2,348,0,0
TXN102687,CUST4370,2636.31,UPI,Kolkata,Mobile,0,0,1,298,0,0
TXN102688,CUST3873,13242.31,Card,Delhi,Mobile,0,0,2,296,0,0
TXN102689,CUST2176,18231.69,UPI,Jaipur,Mobile,0,0,2,387,0,0
TXN102690,CUST4218,2549.73,Card,Bangalore,Desktop,0,1,1,371,1,0
TXN102691,CUST1181,4388.95,Card,Kolkata,Mobile,0,1,0,62,0,1
TXN102692,CUST4456,239.45,NetBanking,Kolkata,Mobile,0,1,0,399,0,1
TXN102693,CUST1130,3023.61,Wallet,Bangalore,Desktop,1,0,1,234,3,1
TXN102694,CUST4660,8666.29,NetBanking,Kolkata,Desktop,0,0,0,2050,0,0
TXN102695,CUST4717,1484.63,NetBanking,Mumbai,Tablet,0,0,1,59,0,0
TXN102696,CUST2579,1783.87,Card,Chennai,Mobile,0,0,0,1664,0,0
TXN102697,CUST3148,3356.89,Card,Bangalore,Mobile,1,0,1,69,0,1
TXN102698,CUST2317,739.13,NetBanking,Chennai,Mobile,1,0,0,441,0,0
TXN102699,CUST4942,34369.03,UPI,Jaipur,Tablet,0,1,0,85,0,0
TXN102700,CUST1444,1469.09,NetBanking,Chennai,Tablet,0,0,2,234,0,0
TXN102701,CUST3700,959.7,Card,Jaipur,Desktop,0,1,0,23,0,0
TXN102702,CUST3129,23462.68,Card,Jaipur,Mobile,1,0,0,57,0,0
TXN102703,CUST2291,4986.49,UPI,Delhi,Mobile,0,0,1,84,0,0
TXN102704,CUST1841,3021.7,NetBanking,Chennai,Desktop,0,1,1,132,3,1
TXN102705,CUST2991,17649.88,NetBanking,Delhi,Mobile,0,0,2,882,0,0
TXN102706,CUST2305,1507.5,Card,Pune,Mobile,0,0,0,169,0,0
TXN102707,CUST3169,6668.4,Card,Pune,Mobile,1,0,0,56,0,1
TXN102708,CUST1401,1959.33,Card,Chennai,Mobile,0,0,2,95,1,0
TXN102709,CUST1748,986.34,UPI,Hyderabad,Mobile,0,0,0,12,0,0
TXN102710,CUST4014,2617.5,Card,Bangalore,Mobile,0,0,1,267,1,1
TXN102711,CUST1935,4062.38,UPI,Chennai,Mobile,0,0,1,276,0,0
TXN102712,CUST1229,1645.18,NetBanking,Bangalore,Mobile,0,0,2,1236,0,0
TXN102713,CUST3099,2031.61,UPI,Hyderabad,Mobile,1,0,1,52,0,0
TXN102714,CUST2184,8113.49,Card,Mumbai,Mobile,0,0,1,415,1,0
TXN102715,CUST1359,1588.95,UPI,Chennai,Mobile,0,1,0,1106,0,0
TXN102716,CUST3081,905.66,NetBanking,Bangalore,Mobile,1,0,2,585,0,0
TXN102717,CUST3778,6075.99,UPI,Mumbai,Mobile,0,0,1,534,0,0
TXN102718,CUST4993,1825.95,UPI,Bangalore,Mobile,0,0,1,47,0,0
TXN102719,CUST1649,38677.51,NetBanking,Mumbai,Tablet,0,0,1,625,3,1
TXN102720,CUST4932,16724.75,Card,Pune,Desktop,0,0,1,428,0,0
TXN102721,CUST3829,674.57,Card,Chennai,Desktop,0,0,5,132,0,0
TXN102722,CUST3536,23168.98,UPI,Bangalore,Tablet,0,0,0,66,0,0
TXN102723,CUST2549,1468.01,Card,Mumbai,Mobile,0,1,0,38,0,1
TXN102724,CUST3220,3625.59,UPI,Jaipur,Mobile,0,0,1,446,0,0
TXN102725,CUST2202,1957.78,Wallet,Mumbai,Mobile,0,0,2,59,0,0
TXN102726,CUST3555,4171.77,Card,Mumbai,Mobile,0,0,0,280,1,0
TXN102727,CUST2242,4875.56,UPI,Jaipur,Tablet,0,0,1,961,0,0
TXN102728,CUST1713,88789.18,NetBanking,Chennai,Desktop,0,0,2,144,0,1
TXN102729,CUST4649,1876.66,UPI,Mumbai,Mobile,0,0,2,103,0,0
TXN102730,CUST4082,2025.13,UPI,Mumbai,Mobile,0,0,0,1241,0,0
TXN102731,CUST2002,1625.71,Card,Mumbai,Mobile,0,1,2,513,0,0
TXN102732,CUST2200,4877.9,Card,Jaipur,Mobile,0,0,1,1153,0,0
TXN102733,CUST1656,10225.06,Card,Mumbai,Mobile,0,0,0,520,3,1
TXN102734,CUST1961,22511.32,UPI,Pune,Mobile,0,1,2,289,0,0
TXN102735,CUST2059,1994.78,Card,Jaipur,Mobile,0,0,1,37,0,0
TXN102736,CUST1389,6604.41,NetBanking,Chennai,Mobile,0,0,0,82,0,0
TXN102737,CUST2936,8101.72,Card,Bangalore,Mobile,0,1,1,178,0,0
TXN102738,CUST4799,1322.66,Card,Bangalore,Desktop,0,0,2,60,0,0
TXN102739,CUST3836,15479.25,Card,Pune,Mobile,0,0,2,748,0,0
TXN102740,CUST1322,2057.88,Wallet,Mumbai,Mobile,0,0,3,6,0,0
TXN102741,CUST3089,854.06,NetBanking,Kolkata,Desktop,0,0,0,379,0,0
TXN102742,CUST2880,10346.56,UPI,Bangalore,Desktop,0,0,1,14,0,0
TXN102743,CUST2386,11190.42,UPI,Jaipur,Desktop,0,0,1,562,0,0
TXN102744,CUST3795,2038.85,UPI,Jaipur,Mobile,0,0,0,42,0,0
TXN102745,CUST2653,7911.15,UPI,Jaipur,Tablet,0,0,0,316,0,0
TXN102746,CUST4402,3134.22,Card,Delhi,Mobile,0,0,1,132,0,0
TXN102747,CUST1600,1619.88,Card,Delhi,Desktop,1,1,1,72,2,1
TXN102748,CUST3762,613.67,UPI,Pune,Desktop,1,0,0,472,0,0
TXN102749,CUST3372,1834.55,NetBanking,Hyderabad,Desktop,0,0,0,781,0,0
TXN102750,CUST4083,7432.34,Card,Hyderabad,Desktop,0,0,2,30,0,0
TXN102751,CUST2565,570.06,Card,Chennai,Mobile,0,0,3,467,0,0
TXN102752,CUST2485,1286.88,UPI,Mumbai,Tablet,0,0,4,214,0,0
TXN102753,CUST2399,4742.55,NetBanking,Kolkata,Mobile,0,0,0,126,0,0
TXN102754,CUST4815,7695.2,Card,Chennai,Mobile,0,1,0,143,0,0
TXN102755,CUST4643,27613.32,Card,Hyderabad,Mobile,0,0,3,125,0,0
TXN102756,CUST3054,15384.84,Card,Bangalore,Tablet,0,0,0,1315,0,0
TXN102757,CUST1176,1141.6,Card,Pune,Desktop,0,0,1,114,0,0
TXN102758,CUST3735,727.61,Card,Mumbai,Mobile,0,0,2,1,0,0
TXN102759,CUST3208,456.33,Card,Pune,Mobile,0,0,0,88,0,0
TXN102760,CUST3204,2650.18,NetBanking,Kolkata,Desktop,0,0,1,120,3,0
TXN102761,CUST2342,5739.79,Wallet,Pune,Mobile,0,0,0,1000,0,0
TXN102762,CUST3403,11169.73,UPI,Kolkata,Mobile,1,1,2,27,0,1
TXN102763,CUST1465,10550.18,UPI,Kolkata,Mobile,0,0,0,86,3,1
TXN102764,CUST3945,12488.44,Card,Delhi,Desktop,1,0,1,63,0,0
TXN102765,CUST3385,2033.6,Card,Bangalore,Mobile,0,0,1,264,0,0
TXN102766,CUST2274,5453.79,Card,Jaipur,Desktop,0,0,1,289,2,0
TXN102767,CUST3254,3153.09,Card,Bangalore,Mobile,1,0,0,11,1,0
TXN102768,CUST2675,3731.05,NetBanking,Chennai,Desktop,0,0,1,330,0,0
TXN102769,CUST3147,2568.18,UPI,Jaipur,Mobile,0,0,2,242,0,0
TXN102770,CUST2304,15682.91,Wallet,Chennai,Mobile,0,1,2,420,0,0
TXN102771,CUST2528,1338.13,UPI,Jaipur,Tablet,0,1,3,138,0,1
TXN102772,CUST3390,3746.47,Card,Kolkata,Desktop,0,0,1,210,0,0
TXN102773,CUST4472,1036.09,Card,Chennai,Desktop,0,0,3,107,1,0
TXN102774,CUST1720,1595.64,UPI,Chennai,Mobile,0,0,1,218,0,0
TXN102775,CUST1128,7209.78,UPI,Jaipur,Mobile,0,0,1,359,0,0
TXN102776,CUST1520,1943.61,Wallet,Mumbai,Desktop,1,0,0,72,0,0
TXN102777,CUST4685,1091.98,Card,Mumbai,Mobile,0,0,0,840,0,0
TXN102778,CUST3284,2623.87,Card,Delhi,Mobile,0,0,0,73,0,0
TXN102779,CUST4715,9086.18,Card,Mumbai,Desktop,1,0,0,232,0,0
TXN102780,CUST1574,467.66,Wallet,Hyderabad,Tablet,0,0,0,360,0,0
TXN102781,CUST3604,22438.41,Card,Pune,Tablet,0,0,1,173,0,0
TXN102782,CUST1274,4111.61,Card,Jaipur,Mobile,0,0,0,208,0,0
TXN102783,CUST2000,5433.01,Card,Bangalore,Tablet,0,0,1,111,0,0
TXN102784,CUST2367,5982.69,Card,Kolkata,Mobile,1,0,1,30,1,1
TXN102785,CUST2586,10015.89,Card,Delhi,Mobile,0,0,0,660,1,0
TXN102786,CUST3761,3226.58,Card,Delhi,Mobile,0,0,1,57,0,0
TXN102787,CUST3394,1311.27,Card,Chennai,Desktop,0,1,0,116,0,0
TXN102788,CUST1825,26911.22,Wallet,Mumbai,Tablet,0,0,0,814,0,0
TXN102789,CUST2417,2184.48,Wallet,Pune,Desktop,0,0,1,179,0,0
TXN102790,CUST4703,4349.97,Card,Pune,Tablet,1,1,2,438,0,0
TXN102791,CUST3676,14417.88,UPI,Bangalore,Mobile,0,0,0,680,0,0
TXN102792,CUST3916,1090.84,Card,Chennai,Mobile,0,0,1,207,2,0
TXN102793,CUST2893,1600.17,UPI,Delhi,Mobile,0,0,1,59,0,0
TXN102794,CUST2130,4574.94,Wallet,Bangalore,Desktop,0,0,1,862,0,0
TXN102795,CUST3923,3196.41,Card,Bangalore,Mobile,0,0,0,150,0,0
TXN102796,CUST2834,8315.15,Card,Bangalore,Mobile,0,0,0,190,0,0
TXN102797,CUST4348,3152.55,Card,Bangalore,Mobile,1,0,0,57,0,0
TXN102798,CUST2669,1557.65,Wallet,Mumbai,Desktop,0,0,1,1380,0,0
TXN102799,CUST3702,5100.96,Card,Bangalore,Mobile,0,0,2,428,0,0
TXN102800,CUST1672,1468.12,Wallet,Hyderabad,Mobile,0,1,1,229,1,1
TXN102801,CUST4555,4937.47,Card,Hyderabad,Mobile,0,0,2,27,3,1
TXN102802,CUST2670,4908.48,Card,Delhi,Mobile,1,0,0,157,0,0
TXN102803,CUST4458,10422.95,Card,Chennai,Tablet,0,0,5,144,1,1
TXN102804,CUST3325,963.55,UPI,Hyderabad,Desktop,0,0,0,260,0,0
TXN102805,CUST4238,1199.95,Wallet,Jaipur,Mobile,0,0,1,817,0,0
TXN102806,CUST4158,5540.68,UPI,Pune,Mobile,0,0,0,309,0,0
TXN102807,CUST1261,4439.55,Card,Kolkata,Desktop,0,0,0,957,0,0
TXN102808,CUST3314,9736.39,NetBanking,Mumbai,Desktop,0,0,2,122,0,0
TXN102809,CUST4181,2845.31,Wallet,Hyderabad,Desktop,0,0,0,860,0,0
TXN102810,CUST2782,3249.39,Card,Delhi,Desktop,0,0,3,96,0,0
TXN102811,CUST3706,5832.34,UPI,Chennai,Mobile,0,0,2,490,0,0
TXN102812,CUST3486,6405.95,UPI,Jaipur,Desktop,1,1,2,50,0,0
TXN102813,CUST1479,24897.59,Card,Delhi,Mobile,0,1,0,589,0,0
TXN102814,CUST4797,3825.4,Card,Kolkata,Tablet,0,0,1,196,2,1
TXN102815,CUST3507,31030.82,Card,Bangalore,Mobile,0,0,3,205,0,0
TXN102816,CUST3756,543.86,Card,Mumbai,Mobile,0,0,0,101,0,0
TXN102817,CUST4463,1705.83,Card,Jaipur,Mobile,1,0,1,21,0,1
TXN102818,CUST3663,4375.53,Wallet,Mumbai,Desktop,0,0,2,227,2,0
TXN102819,CUST2224,2949.58,UPI,Delhi,Mobile,0,0,3,21,1,1
TXN102820,CUST4759,521.9,UPI,Bangalore,Mobile,0,1,0,299,2,0
TXN102821,CUST1171,2681.33,UPI,Pune,Desktop,0,0,2,233,0,0
TXN102822,CUST4582,3068.64,NetBanking,Jaipur,Mobile,0,1,0,481,0,0
TXN102823,CUST2135,2927.21,Card,Delhi,Desktop,0,0,1,53,0,0
TXN102824,CUST1510,5476.22,Card,Delhi,Mobile,0,0,0,224,0,0
TXN102825,CUST1947,4944.93,Card,Bangalore,Tablet,0,0,0,116,0,0
TXN102826,CUST3080,5747.02,NetBanking,Bangalore,Desktop,1,1,0,54,0,0
TXN102827,CUST2567,577.27,UPI,Jaipur,Mobile,0,1,2,102,0,0
TXN102828,CUST1765,2281.25,NetBanking,Pune,Mobile,0,0,1,180,0,0
TXN102829,CUST2166,12574.83,NetBanking,Hyderabad,Tablet,0,0,2,196,0,0
TXN102830,CUST2615,36473.4,UPI,Mumbai,Desktop,0,0,0,448,0,0
TXN102831,CUST2673,9949.89,NetBanking,Bangalore,Desktop,0,0,1,396,0,0
TXN102832,CUST4497,855.9,Card,Delhi,Mobile,0,0,1,299,0,0
TXN102833,CUST3338,3421.82,Card,Kolkata,Desktop,0,0,0,1786,0,0
TXN102834,CUST3315,1484.11,Card,Jaipur,Desktop,1,0,2,635,2,1
TXN102835,CUST3714,1425.93,Card,Delhi,Mobile,0,0,2,636,0,1
TXN102836,CUST2740,3459.26,UPI,Pune,Mobile,1,1,0,326,0,0
TXN102837,CUST4310,618.65,UPI,Mumbai,Mobile,0,0,1,195,0,0
TXN102838,CUST2270,8552.33,Card,Kolkata,Mobile,0,0,1,257,1,0
TXN102839,CUST4313,3153.36,Wallet,Pune,Desktop,0,0,1,1405,0,0
TXN102840,CUST3812,339.55,Card,Mumbai,Tablet,0,0,1,200,1,0
TXN102841,CUST4779,3162.23,UPI,Kolkata,Desktop,0,0,1,2482,0,0
TXN102842,CUST4521,11566.52,UPI,Delhi,Desktop,0,0,0,507,0,0
TXN102843,CUST4228,5636.86,Card,Chennai,Mobile,1,0,0,318,0,1
TXN102844,CUST2206,18099.78,UPI,Delhi,Mobile,0,0,1,186,0,0
TXN102845,CUST4873,12156.1,Card,Hyderabad,Mobile,0,0,2,172,0,0
TXN102846,CUST1397,14953.9,UPI,Delhi,Mobile,0,0,0,476,0,0
TXN102847,CUST4602,15225.39,Card,Bangalore,Mobile,0,0,0,681,0,0
TXN102848,CUST1998,5472.76,UPI,Hyderabad,Mobile,0,0,3,1478,0,0
TXN102849,CUST4765,1092.13,NetBanking,Delhi,Desktop,0,0,2,671,0,0
TXN102850,CUST2812,476.28,Card,Delhi,Mobile,0,0,1,127,0,0
TXN102851,CUST1935,1291.06,Card,Delhi,Mobile,0,0,0,1084,0,0
TXN102852,CUST2629,1163.78,UPI,Hyderabad,Mobile,0,1,0,31,0,0
TXN102853,CUST2210,2113.85,UPI,Mumbai,Desktop,0,0,1,436,0,0
TXN102854,CUST1391,3645.95,Card,Hyderabad,Desktop,0,0,3,1017,0,0
TXN102855,CUST2649,797.69,Card,Hyderabad,Mobile,0,0,0,173,0,0
TXN102856,CUST4869,1006.87,Card,Kolkata,Tablet,0,0,0,1125,0,0
TXN102857,CUST4791,2752.42,NetBanking,Delhi,Mobile,0,0,1,694,0,0
TXN102858,CUST2952,22234.79,Card,Hyderabad,Desktop,0,0,1,98,0,0
TXN102859,CUST1301,1890.79,Wallet,Jaipur,Desktop,0,0,2,139,0,0
TXN102860,CUST3098,909.52,Card,Jaipur,Mobile,0,0,4,31,0,0
TXN102861,CUST4169,3303.38,Card,Kolkata,Mobile,0,0,4,301,0,0
TXN102862,CUST1962,6675.12,Wallet,Bangalore,Mobile,0,0,1,705,0,0
TXN102863,CUST2270,546.14,UPI,Kolkata,Mobile,0,0,1,73,0,0
TXN102864,CUST3788,14797.24,UPI,Chennai,Mobile,0,0,3,143,0,0
TXN102865,CUST3357,5749.02,UPI,Pune,Desktop,0,0,0,1033,0,0
TXN102866,CUST3977,5894.26,UPI,Mumbai,Mobile,0,0,0,423,0,0
TXN102867,CUST3303,18389.77,UPI,Bangalore,Mobile,0,0,2,241,1,0
TXN102868,CUST2004,7675.35,Card,Jaipur,Mobile,0,0,2,485,0,0
TXN102869,CUST1498,778.0,UPI,Chennai,Desktop,0,0,2,693,0,0
TXN102870,CUST1863,579.49,UPI,Mumbai,Desktop,0,0,0,1110,0,0
TXN102871,CUST4878,413.55,UPI,Hyderabad,Mobile,0,0,0,423,0,0
TXN102872,CUST2409,8507.59,Card,Pune,Mobile,0,0,0,381,0,0
TXN102873,CUST4690,8793.02,Card,Kolkata,Desktop,0,1,0,244,0,0
TXN102874,CUST3073,3694.23,Card,Mumbai,Desktop,0,0,2,65,0,0
TXN102875,CUST1428,1086.21,Card,Mumbai,Mobile,0,0,1,111,0,0
TXN102876,CUST2234,3521.27,Wallet,Jaipur,Mobile,1,0,0,1173,0,0
TXN102877,CUST2061,770.48,Wallet,Hyderabad,Mobile,1,0,2,22,0,0
TXN102878,CUST3003,2030.85,Card,Delhi,Mobile,0,0,1,96,3,1
TXN102879,CUST3373,1714.23,Card,Bangalore,Desktop,0,0,0,776,0,0
TXN102880,CUST3509,2302.38,UPI,Bangalore,Mobile,0,0,2,328,1,0
TXN102881,CUST3299,1077.12,Card,Delhi,Mobile,0,1,0,67,0,0
TXN102882,CUST3750,2132.14,Card,Jaipur,Desktop,0,0,0,375,0,0
TXN102883,CUST1139,1051.36,UPI,Kolkata,Desktop,1,0,3,40,0,0
TXN102884,CUST3759,33601.5,Card,Delhi,Mobile,0,0,1,282,0,0
TXN102885,CUST1764,7622.85,Card,Kolkata,Mobile,0,0,1,963,1,0
TXN102886,CUST3916,1341.75,Card,Delhi,Mobile,0,0,0,855,3,0
TXN102887,CUST2057,11402.98,UPI,Bangalore,Mobile,0,0,0,746,1,0
TXN102888,CUST3314,9930.2,Card,Kolkata,Mobile,0,0,1,90,1,0
TXN102889,CUST4865,52539.86,UPI,Chennai,Mobile,0,0,2,194,3,1
TXN102890,CUST1516,2298.31,Card,Chennai,Mobile,0,0,1,236,0,0
TXN102891,CUST3215,5242.21,UPI,Bangalore,Mobile,0,0,1,983,1,0
TXN102892,CUST3626,1290.9,UPI,Hyderabad,Mobile,0,0,2,13,0,0
TXN102893,CUST2906,1702.95,UPI,Jaipur,Mobile,0,1,1,153,0,0
TXN102894,CUST3855,6895.81,Wallet,Bangalore,Desktop,0,0,1,28,0,0
TXN102895,CUST4102,6981.96,UPI,Kolkata,Mobile,0,0,1,882,0,0
TXN102896,CUST3748,1181.65,Card,Delhi,Mobile,0,0,1,214,0,0
TXN102897,CUST1166,4751.27,Card,Hyderabad,Mobile,0,1,1,409,0,0
TXN102898,CUST3396,1919.56,UPI,Hyderabad,Mobile,0,0,2,780,0,0
TXN102899,CUST2480,3880.59,NetBanking,Pune,Mobile,0,0,3,112,0,0
TXN102900,CUST4901,28717.88,Card,Jaipur,Mobile,1,1,3,144,0,0
TXN102901,CUST3828,3548.8,NetBanking,Bangalore,Tablet,0,0,0,80,0,0
TXN102902,CUST3083,6609.56,UPI,Kolkata,Desktop,0,0,3,101,0,0
TXN102903,CUST2106,6728.07,Wallet,Jaipur,Tablet,0,0,1,167,0,0
TXN102904,CUST3488,1082.83,Card,Jaipur,Desktop,0,0,0,301,0,0
TXN102905,CUST1904,569.94,Card,Chennai,Mobile,0,0,0,109,1,0
TXN102906,CUST4801,11531.21,UPI,Kolkata,Desktop,0,0,0,603,0,0
TXN102907,CUST3883,806.93,Card,Delhi,Mobile,1,0,3,67,0,0
TXN102908,CUST4559,1952.23,NetBanking,Mumbai,Mobile,0,0,1,362,0,0
TXN102909,CUST3417,2238.17,UPI,Bangalore,Mobile,0,0,1,220,0,0
TXN102910,CUST1360,2012.69,Card,Hyderabad,Mobile,0,0,1,2061,0,0
TXN102911,CUST2647,6326.82,Card,Bangalore,Mobile,0,0,3,101,0,0
TXN102912,CUST2800,5902.42,UPI,Delhi,Desktop,0,0,3,3,1,0
TXN102913,CUST3876,3440.76,UPI,Mumbai,Mobile,0,0,1,334,0,0
TXN102914,CUST3264,1810.54,Wallet,Pune,Mobile,0,0,1,348,0,0
TXN102915,CUST1008,5876.73,Card,Hyderabad,Tablet,0,0,2,544,0,0
TXN102916,CUST1379,5343.52,Card,Chennai,Mobile,0,1,0,31,0,0
TXN102917,CUST3728,5089.14,Card,Bangalore,Mobile,0,0,1,238,0,1
TXN102918,CUST4581,1954.88,Card,Kolkata,Desktop,0,0,1,2634,0,0
TXN102919,CUST4338,2739.23,Card,Kolkata,Tablet,0,0,3,329,0,0
TXN102920,CUST2097,3852.3,Card,Bangalore,Mobile,0,0,1,186,0,0
TXN102921,CUST4554,4286.18,UPI,Kolkata,Desktop,0,0,0,122,0,0
TXN102922,CUST3623,1158.95,Card,Chennai,Desktop,0,0,3,467,0,0
TXN102923,CUST4716,1438.03,UPI,Hyderabad,Mobile,0,0,1,152,0,0
TXN102924,CUST2299,1767.28,UPI,Mumbai,Mobile,1,1,2,272,0,0
TXN102925,CUST4627,3699.78,Card,Pune,Mobile,0,0,2,571,0,0
TXN102926,CUST3039,1908.37,UPI,Hyderabad,Desktop,0,0,0,417,0,0
TXN102927,CUST3689,2341.1,Card,Chennai,Desktop,0,0,4,187,0,0
TXN102928,CUST2759,8281.63,Wallet,Pune,Mobile,0,0,1,95,0,0
TXN102929,CUST2342,3125.47,Card,Kolkata,Tablet,0,1,3,214,0,0
TXN102930,CUST1781,844.52,NetBanking,Pune,Mobile,1,0,2,16,0,0
TXN102931,CUST4719,2432.46,NetBanking,Mumbai,Desktop,0,0,2,157,0,0
TXN102932,CUST4512,1490.36,Card,Mumbai,Mobile,0,0,1,67,0,0
TXN102933,CUST3919,3159.69,NetBanking,Kolkata,Desktop,0,0,4,280,0,0
TXN102934,CUST2319,9639.43,Card,Mumbai,Mobile,0,0,1,151,0,0
TXN102935,CUST1282,4311.67,UPI,Jaipur,Mobile,0,0,2,427,0,1
TXN102936,CUST2954,1606.6,Card,Pune,Tablet,0,0,4,755,0,0
TXN102937,CUST2470,2202.88,Card,Mumbai,Mobile,0,0,2,165,0,0
TXN102938,CUST2903,1395.16,Wallet,Mumbai,Desktop,0,0,0,422,0,0
TXN102939,CUST3555,38026.05,UPI,Bangalore,Mobile,0,0,0,406,0,0
TXN102940,CUST2939,34898.69,UPI,Mumbai,Mobile,0,0,1,292,0,0
TXN102941,CUST3221,21264.22,Wallet,Delhi,Desktop,0,0,0,472,0,0
TXN102942,CUST4866,3546.9,NetBanking,Kolkata,Mobile,0,0,0,270,0,0
TXN102943,CUST1998,16057.75,Card,Delhi,Desktop,0,0,1,875,0,0
TXN102944,CUST2308,4596.99,Wallet,Delhi,Mobile,0,0,1,912,0,0
TXN102945,CUST4354,6003.55,UPI,Chennai,Mobile,0,0,0,340,0,0
TXN102946,CUST3041,5508.75,Card,Bangalore,Tablet,0,0,1,169,0,0
TXN102947,CUST2013,2890.04,UPI,Pune,Mobile,0,0,1,171,0,0
TXN102948,CUST2561,311.55,Card,Kolkata,Tablet,0,0,3,1015,0,0
TXN102949,CUST3461,2056.15,Card,Bangalore,Desktop,0,1,2,259,1,0
TXN102950,CUST1958,1575.32,NetBanking,Hyderabad,Mobile,0,0,2,215,0,0
TXN102951,CUST1505,1786.2,UPI,Chennai,Mobile,0,0,0,451,0,0
TXN102952,CUST2434,4856.84,NetBanking,Pune,Mobile,0,0,1,387,3,0
TXN102953,CUST1153,4845.3,UPI,Delhi,Mobile,0,0,0,659,0,0
TXN102954,CUST3318,17392.41,Card,Bangalore,Mobile,0,0,2,377,0,0
TXN102955,CUST2013,139.63,UPI,Chennai,Desktop,0,0,1,485,1,0
TXN102956,CUST3938,1165.72,UPI,Bangalore,Mobile,1,0,0,523,0,0
TXN102957,CUST4004,376.1,Card,Chennai,Mobile,0,0,2,742,0,0
TXN102958,CUST2855,11246.94,Card,Delhi,Mobile,0,0,1,806,0,0
TXN102959,CUST1056,4774.59,Card,Delhi,Desktop,0,0,3,311,0,0
TXN102960,CUST1434,32707.06,UPI,Hyderabad,Desktop,0,0,1,83,0,0
TXN102961,CUST1555,354.69,NetBanking,Mumbai,Mobile,0,0,3,107,0,0
TXN102962,CUST4865,1352.15,Card,Jaipur,Mobile,0,0,2,344,0,0
TXN102963,CUST4369,3568.17,Card,Jaipur,Tablet,0,0,3,441,0,0
TXN102964,CUST2218,5673.59,Card,Jaipur,Desktop,0,0,2,1657,0,0
TXN102965,CUST2665,22709.52,Wallet,Mumbai,Mobile,1,0,1,322,0,0
TXN102966,CUST1908,9872.25,UPI,Chennai,Mobile,0,0,2,1603,0,0
TXN102967,CUST1898,1038.6,Card,Delhi,Mobile,0,0,0,540,0,0
TXN102968,CUST4349,87264.91,Card,Chennai,Desktop,0,0,3,1263,0,0
TXN102969,CUST3527,1319.83,NetBanking,Mumbai,Mobile,0,1,1,608,1,1
TXN102970,CUST1577,739.75,UPI,Kolkata,Mobile,0,0,0,113,0,0
TXN102971,CUST1358,2354.27,UPI,Jaipur,Tablet,0,0,0,528,0,0
TXN102972,CUST1426,3004.11,Wallet,Hyderabad,Tablet,0,0,4,395,0,0
TXN102973,CUST1500,2421.24,Card,Bangalore,Mobile,0,0,4,98,0,0
TXN102974,CUST2676,4623.08,NetBanking,Pune,Desktop,0,0,0,552,0,0
TXN102975,CUST4704,1784.78,Wallet,Chennai,Mobile,0,0,1,568,0,0
TXN102976,CUST1649,3753.69,Card,Delhi,Tablet,0,0,1,173,0,0
TXN102977,CUST4603,25721.35,Card,Delhi,Tablet,1,0,1,91,0,0
TXN102978,CUST4457,5092.62,NetBanking,Hyderabad,Mobile,0,0,2,1731,0,0
TXN102979,CUST2983,1932.69,Card,Delhi,Desktop,0,0,0,101,0,0
TXN102980,CUST4878,1675.0,UPI,Jaipur,Mobile,0,0,1,316,0,0
TXN102981,CUST3475,1319.11,UPI,Pune,Desktop,0,0,0,140,2,1
TXN102982,CUST3109,11665.16,Wallet,Delhi,Mobile,0,0,1,165,0,0
TXN102983,CUST1370,5174.53,Card,Bangalore,Desktop,0,1,1,238,0,0
TXN102984,CUST2831,13417.16,Card,Pune,Desktop,0,1,1,121,0,0
TXN102985,CUST2173,4257.78,Card,Mumbai,Mobile,0,0,0,25,0,0
TXN102986,CUST3248,1179.29,Card,Kolkata,Mobile,1,1,2,320,0,1
TXN102987,CUST3862,5243.39,Card,Delhi,Mobile,0,0,1,804,0,0
TXN102988,CUST4052,40622.74,Card,Kolkata,Tablet,0,0,3,607,0,0
TXN102989,CUST1598,2475.55,Wallet,Pune,Mobile,1,1,4,620,0,0
TXN102990,CUST2742,3067.66,NetBanking,Chennai,Mobile,0,0,1,97,1,0
TXN102991,CUST3889,8290.74,Card,Hyderabad,Mobile,0,0,1,133,2,0
TXN102992,CUST3192,3716.78,UPI,Mumbai,Desktop,0,0,1,997,1,0
TXN102993,CUST3658,3324.37,NetBanking,Delhi,Desktop,0,0,1,740,0,0
TXN102994,CUST2939,3253.16,Wallet,Jaipur,Tablet,0,0,0,317,0,0
TXN102995,CUST2651,22961.89,Card,Kolkata,Mobile,0,0,2,218,1,0
TXN102996,CUST2103,769.18,Wallet,Jaipur,Mobile,1,0,2,4,0,0
TXN102997,CUST2088,738.47,UPI,Pune,Desktop,0,0,1,1108,1,0
TXN102998,CUST3571,757.18,UPI,Delhi,Mobile,0,0,1,83,0,0
TXN102999,CUST1108,5960.86,Card,Jaipur,Mobile,0,0,2,193,0,0
TXN103000,CUST2490,295.53,NetBanking,Hyderabad,Desktop,0,0,1,30,0,0
TXN103001,CUST4283,2205.62,Card,Chennai,Mobile,0,0,2,66,0,0
TXN103002,CUST3997,7109.47,NetBanking,Hyderabad,Desktop,0,0,1,616,0,0
TXN103003,CUST1505,3752.19,NetBanking,Hyderabad,Mobile,0,1,1,98,3,0
TXN103004,CUST4734,572.1,Card,Kolkata,Desktop,0,0,0,35,0,0
TXN103005,CUST2645,1302.01,Wallet,Hyderabad,Desktop,0,0,2,66,0,0
TXN103006,CUST3691,6533.01,Card,Hyderabad,Mobile,0,0,1,564,0,1
TXN103007,CUST3122,3800.43,Card,Pune,Desktop,0,0,3,175,0,0
TXN103008,CUST4100,10722.19,Card,Mumbai,Desktop,0,0,2,24,0,0
TXN103009,CUST1279,16548.04,Card,Delhi,Mobile,0,0,0,395,0,0
TXN103010,CUST2104,2088.95,Card,Mumbai,Desktop,0,0,3,525,3,1
TXN103011,CUST2749,4930.86,Card,Hyderabad,Desktop,0,0,1,1020,1,1
TXN103012,CUST3815,7779.67,UPI,Delhi,Desktop,0,0,2,132,0,0
TXN103013,CUST4548,24187.83,NetBanking,Pune,Mobile,0,0,1,2226,0,0
TXN103014,CUST1816,1682.16,Card,Delhi,Mobile,0,0,1,190,0,0
TXN103015,CUST3514,245.74,UPI,Bangalore,Mobile,0,0,2,11,0,0
TXN103016,CUST2915,18411.07,UPI,Bangalore,Mobile,0,0,1,383,0,0
TXN103017,CUST1821,43244.19,Card,Chennai,Mobile,0,0,0,572,1,0
TXN103018,CUST1895,1518.91,UPI,Chennai,Mobile,0,0,5,6,0,1
TXN103019,CUST1486,6609.23,Card,Jaipur,Desktop,0,0,0,269,0,0
TXN103020,CUST1880,2602.42,Wallet,Bangalore,Mobile,0,0,2,163,0,0
TXN103021,CUST2639,1692.25,Wallet,Pune,Mobile,0,0,3,439,0,0
TXN103022,CUST2443,3751.47,UPI,Hyderabad,Mobile,0,0,0,636,0,0
TXN103023,CUST1006,5253.53,Card,Kolkata,Tablet,0,0,2,77,0,0
TXN103024,CUST2354,3347.65,UPI,Hyderabad,Mobile,0,0,3,1022,0,0
TXN103025,CUST1982,14217.81,UPI,Bangalore,Mobile,1,0,4,208,0,0
TXN103026,CUST3282,2399.1,UPI,Delhi,Mobile,0,0,0,345,0,0
TXN103027,CUST2729,1384.7,UPI,Jaipur,Tablet,0,0,0,60,0,0
TXN103028,CUST4287,2405.61,NetBanking,Delhi,Desktop,0,0,0,505,0,0
TXN103029,CUST2054,4403.69,UPI,Delhi,Mobile,0,0,0,444,0,0
TXN103030,CUST4713,1360.45,Card,Delhi,Mobile,1,1,0,942,2,0
TXN103031,CUST3468,3740.32,UPI,Mumbai,Mobile,0,0,2,182,1,0
TXN103032,CUST2242,5739.89,NetBanking,Kolkata,Mobile,0,1,1,11,0,0
TXN103033,CUST2602,1744.56,Card,Delhi,Mobile,0,0,1,269,1,0
TXN103034,CUST4150,35642.11,Card,Mumbai,Desktop,0,0,3,779,0,0
TXN103035,CUST4482,12472.63,Card,Pune,Mobile,0,0,1,422,0,0
TXN103036,CUST2564,1314.75,Card,Hyderabad,Mobile,0,0,3,768,0,0
TXN103037,CUST4818,13979.82,UPI,Mumbai,Mobile,0,0,3,307,0,0
TXN103038,CUST1210,3269.04,UPI,Delhi,Mobile,0,0,1,171,0,0
TXN103039,CUST1934,5440.3,UPI,Pune,Desktop,0,0,0,124,0,0
TXN103040,CUST4433,1583.49,Card,Kolkata,Mobile,0,0,0,73,0,0
TXN103041,CUST4876,1914.33,UPI,Pune,Mobile,0,0,2,752,0,0
TXN103042,CUST3996,1946.66,NetBanking,Kolkata,Mobile,0,0,3,222,1,1
TXN103043,CUST4055,8898.26,UPI,Bangalore,Desktop,0,0,1,191,0,0
TXN103044,CUST4495,4315.53,Wallet,Delhi,Mobile,1,0,2,1270,0,0
TXN103045,CUST2270,1406.53,Wallet,Chennai,Mobile,0,0,0,124,0,0
TXN103046,CUST3726,4719.89,Card,Jaipur,Mobile,0,0,3,92,0,0
TXN103047,CUST1452,15328.99,UPI,Hyderabad,Mobile,0,0,2,229,1,0
TXN103048,CUST2507,70019.2,UPI,Mumbai,Mobile,0,0,1,66,0,0
TXN103049,CUST2811,3010.34,NetBanking,Kolkata,Mobile,0,0,1,205,1,1
TXN103050,CUST1866,22843.43,UPI,Delhi,Desktop,0,0,1,1492,0,1
TXN103051,CUST1705,4360.21,NetBanking,Mumbai,Desktop,0,0,1,276,0,0
TXN103052,CUST2147,1609.25,NetBanking,Kolkata,Tablet,0,0,3,214,3,1
TXN103053,CUST1515,3031.12,Card,Mumbai,Mobile,0,0,0,1455,0,0
TXN103054,CUST3579,29339.22,Card,Jaipur,Desktop,0,0,0,151,0,0
TXN103055,CUST1669,8780.13,NetBanking,Delhi,Mobile,0,0,2,354,0,0
TXN103056,CUST2184,4100.92,Card,Pune,Mobile,0,1,1,375,1,0
TXN103057,CUST2722,40698.71,Card,Bangalore,Mobile,0,0,1,134,2,0
TXN103058,CUST1444,5859.93,UPI,Hyderabad,Desktop,0,0,1,355,1,0
TXN103059,CUST1795,1353.9,Card,Mumbai,Mobile,0,0,3,2823,0,0
TXN103060,CUST4082,6731.93,Card,Mumbai,Mobile,0,0,2,8,0,0
TXN103061,CUST1054,14582.66,Card,Jaipur,Mobile,0,0,0,240,0,0
TXN103062,CUST2923,27580.23,NetBanking,Mumbai,Desktop,1,0,1,13,0,0
TXN103063,CUST3607,608.23,Card,Hyderabad,Mobile,0,0,2,143,0,0
TXN103064,CUST1600,2239.86,Card,Kolkata,Mobile,0,0,2,89,2,0
TXN103065,CUST2728,831.98,Card,Jaipur,Tablet,0,0,0,411,0,0
TXN103066,CUST4591,1128.51,Card,Jaipur,Mobile,0,1,1,27,1,0
TXN103067,CUST3654,12399.59,Card,Bangalore,Mobile,0,0,0,202,0,0
TXN103068,CUST1507,1653.54,UPI,Kolkata,Mobile,1,1,0,18,0,0
TXN103069,CUST3181,15924.55,Card,Mumbai,Tablet,0,0,0,417,0,0
TXN103070,CUST4239,1054.9,UPI,Kolkata,Desktop,0,0,2,425,0,0
TXN103071,CUST3402,1856.2,UPI,Jaipur,Desktop,0,0,1,671,0,0
TXN103072,CUST2356,6214.95,UPI,Kolkata,Desktop,0,0,0,210,0,0
TXN103073,CUST2026,3333.09,NetBanking,Chennai,Desktop,0,1,1,673,0,0
TXN103074,CUST3476,2336.37,Card,Delhi,Mobile,0,0,2,19,0,0
TXN103075,CUST4108,5915.78,Card,Bangalore,Mobile,0,0,2,58,1,0
TXN103076,CUST3205,21347.35,Card,Bangalore,Mobile,1,0,2,31,0,0
TXN103077,CUST4198,3013.55,UPI,Chennai,Mobile,1,0,1,777,0,0
TXN103078,CUST4067,1680.41,UPI,Delhi,Mobile,0,0,4,424,0,0
TXN103079,CUST2118,63950.78,NetBanking,Kolkata,Desktop,0,0,3,445,3,1
TXN103080,CUST4250,5502.05,UPI,Pune,Desktop,1,1,1,396,1,0
TXN103081,CUST1671,14728.65,Card,Mumbai,Tablet,0,0,0,332,0,0
TXN103082,CUST1323,6256.09,Card,Kolkata,Mobile,0,0,3,302,0,0
TXN103083,CUST2629,9759.3,UPI,Bangalore,Mobile,0,0,1,648,0,0
TXN103084,CUST1551,4132.18,Card,Kolkata,Mobile,0,0,3,348,0,0
TXN103085,CUST1463,451.65,UPI,Pune,Mobile,0,0,1,783,1,1
TXN103086,CUST1301,13478.41,UPI,Jaipur,Desktop,1,0,1,20,1,1
TXN103087,CUST2145,8077.68,UPI,Bangalore,Tablet,0,0,2,1286,0,0
TXN103088,CUST2769,4075.89,NetBanking,Mumbai,Mobile,0,0,0,202,0,0
TXN103089,CUST2273,1498.05,Card,Mumbai,Desktop,0,0,1,1128,0,0
TXN103090,CUST3772,50403.96,Wallet,Pune,Mobile,0,0,1,42,0,0
TXN103091,CUST1582,17808.1,Card,Jaipur,Desktop,0,0,0,511,0,0
TXN103092,CUST3666,3012.85,Wallet,Hyderabad,Mobile,0,1,0,486,0,0
TXN103093,CUST3863,4583.31,UPI,Kolkata,Mobile,0,0,0,1327,0,0
TXN103094,CUST3143,4041.93,Card,Mumbai,Desktop,0,0,1,214,0,0
TXN103095,CUST3210,6284.14,Wallet,Delhi,Mobile,0,1,0,75,0,0
TXN103096,CUST1769,14505.37,Card,Delhi,Mobile,0,0,4,410,0,0
TXN103097,CUST2642,1132.46,Wallet,Delhi,Mobile,1,1,0,39,1,0
TXN103098,CUST1767,1187.82,UPI,Bangalore,Mobile,0,0,1,567,0,0
TXN103099,CUST3241,35574.97,Card,Chennai,Desktop,0,0,3,1560,0,0
TXN103100,CUST4500,891.42,Card,Jaipur,Mobile,0,0,2,312,2,0
TXN103101,CUST3199,421.33,Card,Mumbai,Mobile,0,0,1,125,0,0
TXN103102,CUST3817,3637.78,NetBanking,Mumbai,Mobile,0,0,2,940,0,0
TXN103103,CUST2923,10801.07,UPI,Pune,Mobile,0,0,0,174,0,0
TXN103104,CUST3782,1455.27,Card,Kolkata,Mobile,0,0,1,441,0,0
TXN103105,CUST3300,2483.71,Wallet,Pune,Desktop,0,0,1,212,0,0
TXN103106,CUST4401,1633.86,NetBanking,Hyderabad,Mobile,0,0,2,187,0,0
TXN103107,CUST1543,7517.57,Wallet,Hyderabad,Mobile,1,0,1,1217,0,0
TXN103108,CUST3613,2882.36,UPI,Chennai,Mobile,0,0,2,593,0,0
TXN103109,CUST2019,11297.99,NetBanking,Delhi,Desktop,1,0,2,530,0,0
TXN103110,CUST3748,2579.2,UPI,Delhi,Mobile,1,0,1,892,0,0
TXN103111,CUST1031,565.69,UPI,Kolkata,Desktop,0,0,0,272,0,0
TXN103112,CUST2068,22572.36,UPI,Delhi,Desktop,0,0,2,653,0,0
TXN103113,CUST1333,1296.53,Card,Hyderabad,Desktop,0,0,1,487,1,0
TXN103114,CUST4736,4724.27,Card,Chennai,Mobile,0,0,1,538,0,0
TXN103115,CUST1111,2890.83,Card,Bangalore,Desktop,1,0,0,820,0,0
TXN103116,CUST3416,6428.6,UPI,Jaipur,Mobile,0,0,1,143,0,0
TXN103117,CUST2863,3800.1,Card,Hyderabad,Mobile,0,1,1,632,0,0
TXN103118,CUST2562,2593.9,NetBanking,Kolkata,Mobile,0,0,2,709,0,0
TXN103119,CUST2298,7207.9,NetBanking,Mumbai,Desktop,0,0,1,390,0,0
TXN103120,CUST4629,9199.72,Card,Jaipur,Mobile,0,1,2,173,0,0
TXN103121,CUST1108,4956.11,NetBanking,Mumbai,Desktop,0,0,0,346,0,0
TXN103122,CUST3863,3142.93,Card,Mumbai,Mobile,0,0,2,229,0,0
TXN103123,CUST3129,1653.12,NetBanking,Hyderabad,Mobile,0,0,1,43,1,1
TXN103124,CUST2112,4496.88,Card,Pune,Mobile,0,0,0,848,0,0
TXN103125,CUST3804,1611.52,NetBanking,Pune,Mobile,0,0,0,529,0,0
TXN103126,CUST2603,756.87,Card,Jaipur,Mobile,0,0,1,170,0,1
TXN103127,CUST4221,7756.61,UPI,Kolkata,Mobile,0,0,3,511,0,0
TXN103128,CUST4474,1202.28,Card,Kolkata,Tablet,0,0,3,350,3,1
TXN103129,CUST3571,1071.33,Card,Delhi,Desktop,0,0,2,845,0,0
TXN103130,CUST4165,32140.65,NetBanking,Chennai,Mobile,0,0,0,165,0,0
TXN103131,CUST1678,5960.59,Card,Pune,Mobile,0,0,0,706,0,0
TXN103132,CUST1672,11595.75,UPI,Hyderabad,Mobile,0,0,3,67,0,0
TXN103133,CUST3893,1987.15,Card,Bangalore,Mobile,0,0,1,250,0,0
TXN103134,CUST4590,1455.85,Card,Hyderabad,Desktop,0,0,2,1122,0,0
TXN103135,CUST3224,2600.14,Wallet,Bangalore,Mobile,0,0,1,399,0,0
TXN103136,CUST2378,2769.52,NetBanking,Chennai,Mobile,0,0,1,172,0,1
TXN103137,CUST4537,5703.93,UPI,Chennai,Desktop,0,0,0,183,0,0
TXN103138,CUST2455,15292.11,UPI,Pune,Mobile,0,0,1,99,1,0
TXN103139,CUST1370,85747.06,Card,Delhi,Mobile,0,0,0,973,3,0
TXN103140,CUST3194,1901.59,Card,Bangalore,Desktop,0,0,1,1322,0,0
TXN103141,CUST4999,3559.88,Card,Pune,Tablet,0,0,1,868,0,0
TXN103142,CUST4637,2633.43,Card,Pune,Tablet,0,1,4,140,0,0
TXN103143,CUST3335,2251.28,NetBanking,Delhi,Mobile,1,0,0,22,0,0
TXN103144,CUST4853,21127.34,UPI,Delhi,Mobile,0,0,1,439,0,0
TXN103145,CUST4637,2628.57,Card,Delhi,Desktop,0,0,2,261,0,0
TXN103146,CUST4237,5276.73,UPI,Delhi,Desktop,0,0,1,304,0,0
TXN103147,CUST4327,1024.91,Card,Hyderabad,Desktop,0,0,0,115,0,0
TXN103148,CUST2697,3722.52,Wallet,Delhi,Mobile,0,0,0,333,0,0
TXN103149,CUST1256,1245.44,NetBanking,Mumbai,Mobile,0,0,2,956,0,0
TXN103150,CUST3461,2402.52,Card,Kolkata,Mobile,0,0,1,125,0,0
TXN103151,CUST1022,47009.14,UPI,Jaipur,Mobile,0,0,0,412,0,0
TXN103152,CUST4358,3665.57,Card,Bangalore,Mobile,0,1,1,151,1,0
TXN103153,CUST4144,906.6,Wallet,Jaipur,Mobile,0,0,0,102,2,0
TXN103154,CUST4722,2085.44,NetBanking,Bangalore,Mobile,0,1,2,608,0,0
TXN103155,CUST1330,1068.5,UPI,Delhi,Mobile,0,0,0,581,2,0
TXN103156,CUST2039,9379.87,Card,Chennai,Mobile,0,0,1,247,0,0
TXN103157,CUST4052,5017.18,UPI,Delhi,Tablet,1,1,1,147,0,1
TXN103158,CUST2303,4331.84,Card,Pune,Mobile,0,0,4,1728,0,0
TXN103159,CUST1193,437.48,Card,Kolkata,Mobile,0,0,1,13,0,0
TXN103160,CUST1041,5087.73,NetBanking,Mumbai,Mobile,0,0,0,92,1,0
TXN103161,CUST4332,1725.77,NetBanking,Kolkata,Mobile,1,0,1,1435,0,0
TXN103162,CUST1757,12570.8,Card,Delhi,Mobile,0,0,0,437,0,0
TXN103163,CUST2299,1071.58,Wallet,Jaipur,Tablet,0,1,1,320,0,0
TXN103164,CUST2607,1431.3,Card,Delhi,Tablet,0,0,0,984,2,0
TXN103165,CUST3734,22699.03,Card,Mumbai,Mobile,0,0,2,607,0,1
TXN103166,CUST1253,1177.91,UPI,Pune,Desktop,0,0,1,574,0,0
TXN103167,CUST2513,3748.35,NetBanking,Chennai,Mobile,0,0,0,135,3,1
TXN103168,CUST2297,24539.54,Wallet,Chennai,Mobile,0,0,1,562,0,0
TXN103169,CUST3604,6140.1,NetBanking,Bangalore,Desktop,0,1,3,67,0,0
TXN103170,CUST2539,2391.42,NetBanking,Bangalore,Desktop,0,0,1,362,0,0
TXN103171,CUST4126,16225.95,UPI,Bangalore,Mobile,0,1,2,120,0,0
TXN103172,CUST4452,3388.26,Wallet,Hyderabad,Mobile,0,0,0,21,0,0
TXN103173,CUST1412,1593.6,Wallet,Jaipur,Mobile,0,0,2,62,0,0
TXN103174,CUST1458,10631.35,Card,Mumbai,Desktop,0,0,2,308,0,0
TXN103175,CUST4725,654.89,Card,Pune,Mobile,0,0,0,208,0,0
TXN103176,CUST1727,1532.86,UPI,Chennai,Mobile,0,0,0,73,0,0
TXN103177,CUST3147,1743.51,Card,Chennai,Mobile,0,0,1,25,1,0
TXN103178,CUST4426,2237.28,UPI,Kolkata,Desktop,0,0,1,642,0,0
TXN103179,CUST3492,8107.37,Card,Jaipur,Desktop,0,0,1,873,0,0
TXN103180,CUST2779,11549.32,UPI,Pune,Mobile,0,0,0,675,0,0
TXN103181,CUST2274,29902.7,Card,Chennai,Mobile,0,0,0,735,1,0
TXN103182,CUST3632,2361.58,Card,Chennai,Mobile,0,0,2,273,0,0
TXN103183,CUST1297,6409.42,Card,Chennai,Mobile,0,0,0,154,0,0
TXN103184,CUST4839,964.94,Card,Jaipur,Tablet,0,0,2,1380,0,0
TXN103185,CUST1261,5515.38,Card,Delhi,Mobile,1,0,2,340,1,1
TXN103186,CUST3982,8581.55,Card,Pune,Desktop,0,0,1,997,0,1
TXN103187,CUST1371,8480.9,NetBanking,Jaipur,Mobile,0,0,1,68,0,0
TXN103188,CUST3902,1146.09,UPI,Delhi,Desktop,0,0,1,115,0,0
TXN103189,CUST3298,1853.13,UPI,Chennai,Desktop,1,0,2,152,0,0
TXN103190,CUST2606,2658.23,Card,Kolkata,Desktop,0,0,5,98,0,0
TXN103191,CUST2719,948.01,UPI,Jaipur,Mobile,0,0,1,299,0,0
TXN103192,CUST4637,8439.84,Card,Jaipur,Mobile,0,0,0,269,0,0
TXN103193,CUST4923,17303.58,NetBanking,Jaipur,Mobile,0,0,2,525,0,0
TXN103194,CUST3469,5674.47,UPI,Bangalore,Desktop,0,0,2,101,0,0
TXN103195,CUST1029,2257.14,UPI,Hyderabad,Mobile,0,0,1,1645,3,1
TXN103196,CUST4172,1239.85,Card,Bangalore,Desktop,0,0,2,906,0,0
TXN103197,CUST1758,5943.04,Card,Bangalore,Desktop,0,0,3,726,0,0
TXN103198,CUST2934,2931.08,Card,Bangalore,Desktop,0,0,1,77,0,0
TXN103199,CUST4745,2138.37,Card,Bangalore,Tablet,0,0,2,196,3,1
TXN103200,CUST2197,2479.61,Card,Bangalore,Mobile,0,0,3,475,0,0
TXN103201,CUST1555,33115.99,UPI,Bangalore,Mobile,0,0,1,691,0,0
TXN103202,CUST4981,1453.6,NetBanking,Pune,Mobile,0,0,0,1306,0,0
TXN103203,CUST3108,1674.41,Card,Bangalore,Desktop,0,0,1,467,0,0
TXN103204,CUST3802,5855.23,NetBanking,Pune,Desktop,0,0,0,868,0,0
TXN103205,CUST1986,1226.94,UPI,Hyderabad,Mobile,0,0,2,170,0,0
TXN103206,CUST2742,2739.09,Card,Mumbai,Mobile,0,0,1,450,0,0
TXN103207,CUST2276,14565.47,UPI,Pune,Desktop,0,1,1,228,0,0
TXN103208,CUST3002,2699.07,Wallet,Pune,Mobile,0,0,2,163,2,1
TXN103209,CUST4505,3545.97,NetBanking,Pune,Mobile,0,0,1,12,0,0
TXN103210,CUST3115,2844.0,Card,Bangalore,Tablet,0,0,0,127,0,0
TXN103211,CUST1487,1787.2,Card,Kolkata,Mobile,0,0,3,140,3,1
TXN103212,CUST3480,5842.2,NetBanking,Kolkata,Mobile,1,0,0,224,0,0
TXN103213,CUST3132,244.23,Card,Chennai,Mobile,0,0,1,424,0,0
TXN103214,CUST4833,3328.57,NetBanking,Mumbai,Mobile,0,0,0,1222,0,0
TXN103215,CUST1295,2593.96,Card,Hyderabad,Tablet,0,0,0,80,0,0
TXN103216,CUST4338,642.17,NetBanking,Bangalore,Mobile,0,0,0,296,0,0
TXN103217,CUST2458,44264.81,UPI,Kolkata,Mobile,0,0,0,252,0,0
TXN103218,CUST2427,18957.4,Card,Bangalore,Desktop,0,0,1,1,0,0
TXN103219,CUST1218,6997.48,Card,Mumbai,Mobile,0,0,1,868,1,1
TXN103220,CUST1803,7419.56,Card,Pune,Mobile,0,0,0,468,0,0
TXN103221,CUST4990,2713.72,Wallet,Hyderabad,Desktop,0,0,1,147,0,0
TXN103222,CUST4103,3840.22,UPI,Bangalore,Mobile,0,0,2,235,0,1
TXN103223,CUST2450,3515.85,NetBanking,Bangalore,Desktop,0,0,0,226,0,0
TXN103224,CUST1731,1570.86,UPI,Hyderabad,Desktop,0,0,0,1522,0,0
TXN103225,CUST3940,5993.86,Card,Chennai,Mobile,0,0,3,627,0,0
TXN103226,CUST4525,2881.18,NetBanking,Kolkata,Mobile,0,1,2,528,0,1
TXN103227,CUST2759,2544.86,Card,Mumbai,Mobile,0,0,3,108,0,0
TXN103228,CUST3853,3379.51,UPI,Chennai,Mobile,1,1,3,52,0,0
TXN103229,CUST2407,349.6,NetBanking,Mumbai,Desktop,0,0,2,28,0,0
TXN103230,CUST4951,2475.59,Wallet,Kolkata,Mobile,0,0,2,294,0,0
TXN103231,CUST4814,7412.95,Card,Bangalore,Mobile,0,0,2,1398,0,0
TXN103232,CUST2452,5114.63,Wallet,Jaipur,Tablet,0,1,1,314,0,0
TXN103233,CUST2310,1092.33,UPI,Chennai,Mobile,0,0,2,238,0,0
TXN103234,CUST3530,850.65,Wallet,Pune,Tablet,0,0,0,337,0,0
TXN103235,CUST4455,4625.67,NetBanking,Delhi,Mobile,0,0,1,290,0,0
TXN103236,CUST3095,12996.25,Card,Pune,Tablet,0,0,2,232,0,0
TXN103237,CUST2382,5991.06,NetBanking,Jaipur,Desktop,0,0,3,260,1,0
TXN103238,CUST2834,3916.35,NetBanking,Bangalore,Mobile,0,1,3,41,3,1
TXN103239,CUST4461,12603.37,Card,Jaipur,Desktop,0,0,1,156,0,0
TXN103240,CUST3686,2769.55,UPI,Pune,Mobile,0,0,0,76,0,0
TXN103241,CUST4449,3379.82,UPI,Chennai,Mobile,0,0,1,444,1,0
TXN103242,CUST4407,2662.45,UPI,Hyderabad,Tablet,0,0,0,250,0,0
TXN103243,CUST3133,30509.72,UPI,Kolkata,Mobile,0,0,0,118,0,0
TXN103244,CUST1650,2680.04,Card,Hyderabad,Desktop,0,0,1,81,0,1
TXN103245,CUST3202,5603.15,Wallet,Bangalore,Mobile,1,0,3,230,2,1
TXN103246,CUST1754,5023.95,Wallet,Mumbai,Mobile,0,0,3,44,0,0
TXN103247,CUST4485,27825.77,UPI,Chennai,Mobile,0,0,2,211,0,0
TXN103248,CUST4605,3001.07,Card,Hyderabad,Mobile,0,1,1,76,0,0
TXN103249,CUST3556,4604.7,Card,Pune,Mobile,0,0,3,1539,0,0
TXN103250,CUST2008,2963.41,Card,Hyderabad,Mobile,0,0,0,737,0,0
TXN103251,CUST3309,2493.74,Card,Bangalore,Mobile,0,0,2,1004,0,0
TXN103252,CUST2284,5496.82,UPI,Mumbai,Mobile,0,1,0,174,0,0
TXN103253,CUST1648,2462.36,UPI,Bangalore,Mobile,0,0,2,494,0,0
TXN103254,CUST2373,2242.28,UPI,Kolkata,Desktop,0,0,3,200,0,0
TXN103255,CUST2302,4319.25,Card,Pune,Tablet,0,0,1,37,0,0
TXN103256,CUST1719,4839.88,UPI,Hyderabad,Desktop,0,0,5,836,0,0
TXN103257,CUST1989,2818.62,Card,Kolkata,Desktop,0,0,1,404,0,0
TXN103258,CUST3972,646.95,Wallet,Delhi,Desktop,0,0,1,106,0,0
TXN103259,CUST1980,4439.5,UPI,Chennai,Mobile,0,0,1,760,0,0
TXN103260,CUST2074,911.5,UPI,Kolkata,Desktop,0,0,2,398,1,0
TXN103261,CUST1760,4316.05,Card,Delhi,Desktop,0,0,0,124,0,0
TXN103262,CUST2165,9538.45,UPI,Bangalore,Mobile,0,0,1,585,0,0
TXN103263,CUST3189,3871.71,Card,Delhi,Desktop,0,0,0,200,0,0
TXN103264,CUST2842,1783.26,NetBanking,Hyderabad,Mobile,0,0,0,370,0,0
TXN103265,CUST3616,6494.22,NetBanking,Kolkata,Mobile,0,0,1,188,0,0
TXN103266,CUST1428,5847.45,UPI,Jaipur,Desktop,0,0,0,530,0,0
TXN103267,CUST2700,4184.99,UPI,Jaipur,Desktop,0,0,1,530,0,0
TXN103268,CUST1102,10517.92,Card,Chennai,Desktop,0,0,1,152,0,0
TXN103269,CUST3276,4844.93,UPI,Delhi,Mobile,0,0,0,6,0,0
TXN103270,CUST4757,3566.57,Card,Pune,Mobile,0,0,0,566,0,0
TXN103271,CUST1224,3076.72,Card,Hyderabad,Mobile,0,0,1,354,0,0
TXN103272,CUST1464,3665.54,Wallet,Delhi,Desktop,0,0,1,306,0,0
TXN103273,CUST1911,1646.76,Card,Kolkata,Desktop,0,0,3,24,0,0
TXN103274,CUST2934,7327.34,UPI,Hyderabad,Mobile,0,1,2,205,0,0
TXN103275,CUST4018,1572.03,Card,Pune,Mobile,1,0,1,360,0,0
TXN103276,CUST3683,3756.62,Card,Hyderabad,Tablet,0,0,1,508,3,1
TXN103277,CUST4173,7187.22,NetBanking,Kolkata,Mobile,0,0,1,316,0,0
TXN103278,CUST2395,2998.84,UPI,Chennai,Desktop,0,0,2,68,0,0
TXN103279,CUST4231,1243.27,Card,Delhi,Mobile,0,0,1,416,0,0
TXN103280,CUST1864,2177.18,Wallet,Chennai,Desktop,0,0,2,786,0,0
TXN103281,CUST3100,12845.93,Wallet,Delhi,Desktop,0,0,0,472,0,0
TXN103282,CUST3665,10026.03,NetBanking,Hyderabad,Mobile,0,0,2,59,0,0
TXN103283,CUST4368,10939.43,UPI,Pune,Desktop,1,1,0,371,0,0
TXN103284,CUST4420,367.24,NetBanking,Delhi,Mobile,0,0,1,596,0,0
TXN103285,CUST4975,2345.14,Wallet,Chennai,Desktop,0,0,1,2107,0,0
TXN103286,CUST2624,25620.06,Card,Delhi,Desktop,0,0,3,437,0,0
TXN103287,CUST4186,8399.35,Card,Kolkata,Desktop,0,0,0,441,0,0
TXN103288,CUST4148,2769.44,Card,Mumbai,Desktop,0,0,0,1384,0,0
TXN103289,CUST1669,381.99,UPI,Mumbai,Mobile,0,0,2,520,0,0
TXN103290,CUST4295,12168.59,Card,Pune,Mobile,0,0,4,551,0,0
TXN103291,CUST1125,4343.13,UPI,Jaipur,Desktop,0,0,1,503,0,0
TXN103292,CUST1296,312.71,Card,Chennai,Mobile,0,0,1,200,0,0
TXN103293,CUST2412,1120.93,UPI,Jaipur,Mobile,0,0,1,15,1,1
TXN103294,CUST2657,10340.32,UPI,Kolkata,Mobile,0,0,1,1279,0,0
TXN103295,CUST1086,824.32,UPI,Hyderabad,Mobile,0,0,1,134,0,0
TXN103296,CUST4531,2557.04,NetBanking,Hyderabad,Mobile,0,0,0,845,0,0
TXN103297,CUST3705,4908.5,Card,Hyderabad,Tablet,0,0,0,75,0,0
TXN103298,CUST2034,674.12,Wallet,Kolkata,Mobile,1,1,2,31,0,0
TXN103299,CUST4303,4120.84,Card,Hyderabad,Mobile,1,0,0,15,1,1
TXN103300,CUST3309,8274.56,UPI,Chennai,Desktop,0,0,2,84,0,0
TXN103301,CUST2058,4744.33,Card,Bangalore,Desktop,0,0,2,138,0,0
TXN103302,CUST4122,1310.17,UPI,Hyderabad,Mobile,0,0,1,341,0,0
TXN103303,CUST1987,70809.33,UPI,Jaipur,Desktop,0,1,2,429,0,0
TXN103304,CUST1112,5297.34,Card,Delhi,Desktop,0,0,2,634,0,0
TXN103305,CUST3392,1850.83,UPI,Jaipur,Tablet,0,0,3,607,0,0
TXN103306,CUST3050,7057.24,NetBanking,Pune,Mobile,0,0,2,809,0,0
TXN103307,CUST3197,2793.84,UPI,Mumbai,Mobile,0,0,2,606,0,0
TXN103308,CUST2571,1535.24,Card,Bangalore,Mobile,0,0,0,460,0,0
TXN103309,CUST3817,951.72,Card,Delhi,Mobile,0,0,3,61,0,0
TXN103310,CUST4202,3499.09,Card,Mumbai,Tablet,0,0,0,324,0,0
TXN103311,CUST3904,3109.23,Wallet,Hyderabad,Mobile,0,0,0,205,0,0
TXN103312,CUST2054,1422.93,UPI,Kolkata,Tablet,0,0,2,183,0,1
TXN103313,CUST2199,487.18,UPI,Kolkata,Desktop,0,0,1,767,0,0
TXN103314,CUST4335,6195.16,UPI,Pune,Tablet,0,0,2,338,0,0
TXN103315,CUST2271,7531.36,Card,Bangalore,Mobile,0,0,1,520,0,0
TXN103316,CUST2176,10447.1,UPI,Bangalore,Tablet,0,1,1,599,2,0
TXN103317,CUST4472,1441.12,Card,Mumbai,Mobile,0,0,1,94,1,0
TXN103318,CUST2155,799.11,Card,Mumbai,Mobile,0,0,1,174,0,0
TXN103319,CUST3899,13023.69,NetBanking,Jaipur,Mobile,1,0,1,58,0,1
TXN103320,CUST1775,2952.92,Card,Jaipur,Mobile,0,0,2,546,1,0
TXN103321,CUST3195,904.31,Card,Bangalore,Desktop,0,0,1,689,0,0
TXN103322,CUST3226,1841.55,NetBanking,Bangalore,Desktop,0,0,3,859,0,0
TXN103323,CUST3918,10443.7,UPI,Pune,Desktop,0,1,2,140,0,0
TXN103324,CUST3408,7552.18,UPI,Delhi,Desktop,0,0,2,63,0,0
TXN103325,CUST1042,29861.43,Card,Mumbai,Tablet,1,0,1,297,0,0
TXN103326,CUST4420,6420.83,Card,Mumbai,Mobile,0,0,2,854,0,0
TXN103327,CUST1874,6436.95,UPI,Pune,Tablet,0,0,1,633,0,0
TXN103328,CUST2182,1169.37,UPI,Chennai,Mobile,0,0,0,142,0,0
TXN103329,CUST2341,3192.05,Card,Pune,Desktop,1,0,1,298,0,0
TXN103330,CUST1048,6846.54,NetBanking,Kolkata,Desktop,0,0,1,1205,3,0
TXN103331,CUST2308,1760.39,Card,Delhi,Mobile,0,0,0,491,0,0
TXN103332,CUST2607,2810.21,Card,Kolkata,Mobile,0,0,0,657,0,0
TXN103333,CUST4316,1226.97,Card,Kolkata,Desktop,1,0,2,113,1,0
TXN103334,CUST3574,18469.62,Card,Hyderabad,Desktop,0,0,1,337,0,0
TXN103335,CUST2764,4309.93,Wallet,Jaipur,Mobile,0,0,0,552,0,0
TXN103336,CUST4302,378.86,UPI,Delhi,Mobile,1,0,4,17,1,1
TXN103337,CUST2024,2690.4,Card,Hyderabad,Mobile,0,0,0,377,0,0
TXN103338,CUST4312,2561.0,NetBanking,Chennai,Desktop,0,0,1,540,0,0
TXN103339,CUST2446,373.55,Wallet,Kolkata,Mobile,0,0,1,115,2,1
TXN103340,CUST4043,43480.64,Card,Pune,Desktop,0,0,2,355,0,0
TXN103341,CUST2466,10815.54,Wallet,Chennai,Mobile,0,0,1,680,0,0
TXN103342,CUST4756,1828.23,UPI,Bangalore,Desktop,1,0,2,399,0,0
TXN103343,CUST4435,11708.18,Card,Jaipur,Mobile,0,0,2,1422,0,0
TXN103344,CUST3101,3233.9,Card,Jaipur,Desktop,0,1,0,245,0,0
TXN103345,CUST2045,5807.22,UPI,Pune,Mobile,0,0,2,28,0,0
TXN103346,CUST4441,683.91,Card,Delhi,Tablet,0,0,1,334,0,0
TXN103347,CUST4464,9690.47,Card,Jaipur,Desktop,1,1,0,558,1,1
TXN103348,CUST4676,7253.82,Card,Kolkata,Mobile,0,0,3,395,0,0
TXN103349,CUST4965,13368.39,Card,Kolkata,Mobile,0,0,1,592,0,0
TXN103350,CUST3446,3311.92,UPI,Bangalore,Desktop,0,0,1,691,0,0
TXN103351,CUST2186,7121.44,Card,Kolkata,Mobile,0,0,2,194,0,0
TXN103352,CUST3619,13132.71,Card,Pune,Mobile,1,0,2,11,0,0
TXN103353,CUST4195,9827.98,UPI,Chennai,Mobile,0,0,0,196,0,0
TXN103354,CUST2591,1826.86,NetBanking,Pune,Desktop,1,1,0,45,3,1
TXN103355,CUST2158,8725.95,UPI,Kolkata,Desktop,0,1,3,359,3,1
TXN103356,CUST1770,10887.93,Card,Delhi,Mobile,0,0,1,463,0,0
TXN103357,CUST3811,1893.1,UPI,Chennai,Desktop,0,0,1,1,0,0
TXN103358,CUST1324,901.78,Card,Bangalore,Mobile,0,0,1,653,0,0
TXN103359,CUST2234,3734.02,Card,Pune,Mobile,0,0,2,160,0,0
TXN103360,CUST1489,4966.44,Card,Mumbai,Mobile,0,0,1,64,0,0
TXN103361,CUST3129,2348.57,UPI,Delhi,Desktop,1,0,1,18,0,1
TXN103362,CUST1324,2062.62,UPI,Kolkata,Tablet,0,0,0,1274,0,0
TXN103363,CUST1936,544.94,Card,Chennai,Mobile,0,0,1,167,1,0
TXN103364,CUST4599,2481.52,UPI,Chennai,Mobile,0,0,2,1073,0,0
TXN103365,CUST2405,5306.97,UPI,Mumbai,Mobile,0,0,0,484,0,0
TXN103366,CUST2190,4612.32,NetBanking,Hyderabad,Mobile,0,0,1,130,0,0
TXN103367,CUST1719,2400.64,NetBanking,Pune,Desktop,0,0,2,58,3,0
TXN103368,CUST4486,18589.18,UPI,Chennai,Desktop,1,1,4,11,0,0
TXN103369,CUST4825,8659.76,UPI,Kolkata,Mobile,1,0,0,52,0,0
TXN103370,CUST2928,13257.96,NetBanking,Bangalore,Mobile,0,0,0,297,0,0
TXN103371,CUST3276,1829.78,UPI,Pune,Mobile,0,0,1,86,1,1
TXN103372,CUST3694,9406.57,Card,Pune,Mobile,0,1,0,187,0,0
TXN103373,CUST3260,1705.47,NetBanking,Hyderabad,Desktop,0,0,1,324,0,0
TXN103374,CUST2776,6440.54,NetBanking,Pune,Mobile,0,0,4,229,0,0
TXN103375,CUST2371,1580.18,UPI,Hyderabad,Mobile,0,0,4,159,3,0
TXN103376,CUST1256,1856.68,UPI,Jaipur,Tablet,0,0,1,194,1,1
TXN103377,CUST2975,2530.91,Card,Mumbai,Mobile,0,0,1,32,0,0
TXN103378,CUST4265,13614.89,Card,Mumbai,Desktop,0,0,4,829,0,0
TXN103379,CUST1649,3295.37,NetBanking,Delhi,Desktop,0,0,1,169,1,0
TXN103380,CUST4593,2536.27,UPI,Mumbai,Desktop,0,0,1,284,0,0
TXN103381,CUST3070,6445.69,Card,Chennai,Desktop,0,0,3,242,0,0
TXN103382,CUST4374,1012.19,Card,Chennai,Mobile,0,0,1,40,0,0
TXN103383,CUST4519,10132.36,Card,Mumbai,Mobile,0,1,0,661,0,0
TXN103384,CUST3196,5221.87,UPI,Kolkata,Tablet,0,0,2,862,0,0
TXN103385,CUST2213,8403.3,UPI,Delhi,Mobile,1,0,3,114,0,0
TXN103386,CUST2768,893.91,NetBanking,Mumbai,Desktop,0,1,0,674,0,0
TXN103387,CUST4885,12265.46,UPI,Mumbai,Tablet,0,1,0,94,0,0
TXN103388,CUST2386,3479.45,Card,Kolkata,Desktop,0,0,1,378,0,0
TXN103389,CUST2266,6060.05,NetBanking,Delhi,Desktop,1,1,2,1385,1,1
TXN103390,CUST2092,3078.54,Card,Pune,Mobile,0,0,2,1304,0,0
TXN103391,CUST2234,2179.5,UPI,Pune,Tablet,0,0,2,653,0,0
TXN103392,CUST2088,5614.98,Card,Kolkata,Mobile,0,0,1,266,0,0
TXN103393,CUST2981,6266.23,Wallet,Hyderabad,Desktop,1,0,1,21,0,0
TXN103394,CUST1860,7188.64,UPI,Delhi,Mobile,1,0,0,366,0,0
TXN103395,CUST1142,3917.11,UPI,Bangalore,Mobile,0,0,1,161,0,0
TXN103396,CUST1898,1213.2,Card,Bangalore,Desktop,1,0,1,27,0,0
TXN103397,CUST1368,2823.73,Card,Pune,Mobile,0,0,0,102,1,0
TXN103398,CUST3676,3833.85,Card,Bangalore,Desktop,0,0,2,82,1,0
TXN103399,CUST1060,768.03,UPI,Mumbai,Mobile,1,0,2,307,0,1
TXN103400,CUST4431,2289.85,Card,Kolkata,Desktop,0,0,5,477,0,0
TXN103401,CUST3961,7093.02,UPI,Jaipur,Mobile,0,0,0,336,3,1
TXN103402,CUST2345,2380.65,NetBanking,Jaipur,Mobile,0,0,1,174,0,0
TXN103403,CUST4948,912.04,Card,Mumbai,Tablet,0,0,1,598,0,0
TXN103404,CUST4239,7347.55,Card,Kolkata,Tablet,0,0,1,854,0,0
TXN103405,CUST2007,1864.4,Card,Pune,Desktop,0,0,2,285,0,0
TXN103406,CUST4432,5282.62,Card,Chennai,Desktop,0,0,1,303,0,0
TXN103407,CUST2795,2285.54,NetBanking,Kolkata,Mobile,1,1,3,233,0,0
TXN103408,CUST3149,1422.21,Card,Hyderabad,Mobile,0,0,1,417,0,0
TXN103409,CUST4701,3391.51,Card,Delhi,Mobile,0,0,1,157,0,0
TXN103410,CUST4699,1867.79,Card,Delhi,Mobile,0,0,1,335,0,0
TXN103411,CUST3909,5584.07,UPI,Kolkata,Desktop,1,0,2,32,2,0
TXN103412,CUST1532,2370.88,Card,Bangalore,Mobile,0,0,4,281,0,0
TXN103413,CUST2233,7561.68,UPI,Mumbai,Mobile,0,0,1,325,0,0
TXN103414,CUST2255,12124.66,Card,Mumbai,Desktop,0,0,2,321,0,0
TXN103415,CUST3522,519.46,Card,Chennai,Mobile,0,0,2,216,0,0
TXN103416,CUST4911,1141.99,UPI,Jaipur,Mobile,1,0,0,79,1,0
TXN103417,CUST1637,2197.02,Card,Mumbai,Mobile,0,0,0,73,2,0
TXN103418,CUST3603,1700.93,NetBanking,Hyderabad,Desktop,0,0,3,162,0,0
TXN103419,CUST3360,16813.75,UPI,Chennai,Desktop,0,0,0,832,0,0
TXN103420,CUST1238,5719.83,UPI,Chennai,Mobile,0,1,1,355,1,0
TXN103421,CUST1397,1106.12,Wallet,Jaipur,Desktop,0,1,0,311,0,0
TXN103422,CUST4795,1393.13,Card,Chennai,Mobile,0,0,1,430,0,0
TXN103423,CUST2194,15099.06,Card,Kolkata,Mobile,0,0,2,888,1,0
TXN103424,CUST4510,9015.02,UPI,Delhi,Desktop,0,0,0,454,0,0
TXN103425,CUST4700,1306.59,Wallet,Hyderabad,Mobile,0,0,1,298,0,0
TXN103426,CUST2764,5736.69,Card,Mumbai,Desktop,0,0,1,57,0,0
TXN103427,CUST2459,112.07,Card,Chennai,Desktop,1,1,1,25,0,0
TXN103428,CUST4519,954.28,UPI,Hyderabad,Desktop,1,0,1,478,1,0
TXN103429,CUST2822,1474.29,Wallet,Delhi,Mobile,0,0,3,184,0,0
TXN103430,CUST3402,1539.54,Card,Hyderabad,Mobile,0,0,1,77,0,0
TXN103431,CUST4247,3065.8,NetBanking,Chennai,Mobile,0,0,0,243,0,0
TXN103432,CUST2426,1106.06,Card,Chennai,Desktop,0,0,1,253,0,0
TXN103433,CUST2611,4122.65,UPI,Kolkata,Tablet,1,0,2,259,0,0
TXN103434,CUST3854,2336.21,UPI,Bangalore,Mobile,0,0,1,4,0,0
TXN103435,CUST1449,5930.82,UPI,Kolkata,Tablet,0,0,2,445,1,0
TXN103436,CUST4610,2122.76,UPI,Kolkata,Mobile,1,0,0,98,0,0
TXN103437,CUST2517,5439.7,NetBanking,Hyderabad,Mobile,0,1,1,109,0,0
TXN103438,CUST1726,4317.4,Card,Kolkata,Desktop,0,0,0,702,0,0
TXN103439,CUST2395,827.25,Wallet,Hyderabad,Mobile,0,0,0,243,0,0
TXN103440,CUST4146,580.46,Card,Delhi,Mobile,0,0,1,59,0,0
TXN103441,CUST1500,6989.17,Card,Kolkata,Desktop,0,1,0,835,0,0
TXN103442,CUST4753,2883.77,UPI,Hyderabad,Mobile,0,0,4,287,0,0
TXN103443,CUST2771,2808.11,Card,Kolkata,Mobile,0,0,1,80,2,0
TXN103444,CUST3930,4761.96,Card,Mumbai,Tablet,0,0,0,146,1,0
TXN103445,CUST3807,1497.35,Card,Kolkata,Mobile,0,0,1,872,0,0
TXN103446,CUST4884,6772.99,Card,Mumbai,Mobile,0,0,0,390,0,0
TXN103447,CUST3251,2311.21,NetBanking,Delhi,Mobile,0,0,1,69,0,0
TXN103448,CUST3106,10793.74,Wallet,Kolkata,Desktop,0,1,2,650,0,0
TXN103449,CUST1525,5428.29,UPI,Jaipur,Desktop,0,0,1,356,2,1
TXN103450,CUST2235,1289.05,NetBanking,Kolkata,Mobile,0,0,1,233,1,0
TXN103451,CUST1673,4574.55,Wallet,Delhi,Mobile,0,1,1,228,1,0
TXN103452,CUST1624,489.25,UPI,Delhi,Mobile,1,0,1,53,0,0
TXN103453,CUST1556,1809.37,Card,Pune,Mobile,0,0,0,138,0,0
TXN103454,CUST1621,11791.06,UPI,Bangalore,Mobile,0,0,0,362,0,0
TXN103455,CUST4219,4235.43,Wallet,Mumbai,Mobile,0,0,1,89,0,0
TXN103456,CUST2896,7935.12,Card,Mumbai,Mobile,0,0,2,146,0,0
TXN103457,CUST1084,5834.0,Card,Jaipur,Mobile,0,0,2,48,0,0
TXN103458,CUST4740,2019.4,NetBanking,Jaipur,Tablet,0,0,2,1474,0,0
TXN103459,CUST2335,3839.68,NetBanking,Jaipur,Desktop,0,0,3,1094,0,0
TXN103460,CUST3253,26671.73,Card,Delhi,Desktop,0,1,1,1218,0,0
TXN103461,CUST4802,227.67,UPI,Delhi,Tablet,0,0,1,223,0,0
TXN103462,CUST1834,906.65,Card,Mumbai,Mobile,0,0,1,31,0,0
TXN103463,CUST1093,7840.26,Wallet,Jaipur,Mobile,1,0,4,1,0,0
TXN103464,CUST3062,5088.62,UPI,Kolkata,Mobile,0,0,0,83,0,0
TXN103465,CUST3035,1377.74,Card,Pune,Mobile,0,0,1,745,0,0
TXN103466,CUST4078,4096.09,Card,Chennai,Desktop,0,1,1,251,0,0
TXN103467,CUST1594,3460.8,Card,Hyderabad,Mobile,0,0,0,1210,1,0
TXN103468,CUST3719,12340.09,NetBanking,Mumbai,Mobile,0,0,0,511,1,0
TXN103469,CUST2596,597.01,UPI,Bangalore,Tablet,0,0,0,311,0,0
TXN103470,CUST4761,2408.13,UPI,Chennai,Desktop,0,0,2,524,0,0
TXN103471,CUST2749,521.71,UPI,Delhi,Mobile,0,0,1,253,0,0
TXN103472,CUST3130,678.8,UPI,Kolkata,Mobile,0,0,3,178,0,0
TXN103473,CUST1353,6976.67,Card,Pune,Mobile,0,0,2,127,0,0
TXN103474,CUST3321,3210.0,Card,Jaipur,Tablet,0,0,2,123,0,0
TXN103475,CUST4415,9241.95,Card,Bangalore,Mobile,0,1,0,261,0,0
TXN103476,CUST1209,1303.73,NetBanking,Hyderabad,Desktop,0,0,1,5,2,1
TXN103477,CUST4492,3833.55,Wallet,Mumbai,Mobile,0,0,2,213,1,0
TXN103478,CUST4723,1366.45,Card,Kolkata,Mobile,0,0,0,60,2,0
TXN103479,CUST4122,6825.0,UPI,Pune,Desktop,0,0,1,327,0,0
TXN103480,CUST2658,1689.0,Card,Bangalore,Desktop,0,0,1,347,1,0
TXN103481,CUST4970,1158.96,Card,Mumbai,Desktop,0,0,0,650,0,0
TXN103482,CUST4079,2427.39,NetBanking,Pune,Desktop,0,0,1,250,0,0
TXN103483,CUST2742,2191.16,UPI,Jaipur,Mobile,0,0,3,450,3,1
TXN103484,CUST2950,37004.47,Card,Delhi,Tablet,0,0,1,730,0,0
TXN103485,CUST3231,590.04,Card,Pune,Mobile,0,0,2,260,0,0
TXN103486,CUST2573,1507.99,NetBanking,Bangalore,Mobile,0,1,2,997,2,0
TXN103487,CUST3883,4800.95,Card,Hyderabad,Tablet,0,0,1,690,0,0
TXN103488,CUST1787,2214.75,Wallet,Pune,Mobile,1,1,0,395,1,0
TXN103489,CUST2382,9924.8,Card,Jaipur,Mobile,0,0,2,340,1,0
TXN103490,CUST3844,699.55,Card,Chennai,Mobile,0,0,0,34,0,0
TXN103491,CUST3651,1043.64,Card,Mumbai,Tablet,0,1,3,5,0,0
TXN103492,CUST1491,6478.04,Card,Kolkata,Mobile,0,0,0,214,0,0
TXN103493,CUST2708,10788.75,Card,Pune,Mobile,1,0,3,21,0,0
TXN103494,CUST2456,5941.35,UPI,Kolkata,Mobile,0,0,3,184,0,0
TXN103495,CUST2380,8420.77,Card,Kolkata,Mobile,0,0,0,127,0,0
TXN103496,CUST4147,548.24,Wallet,Chennai,Mobile,0,0,3,1494,0,0
TXN103497,CUST2288,30905.96,Wallet,Hyderabad,Tablet,0,0,0,407,0,0
TXN103498,CUST1706,7021.78,UPI,Pune,Desktop,0,0,1,265,0,0
TXN103499,CUST4697,3184.06,UPI,Kolkata,Tablet,0,0,0,697,0,0
TXN103500,CUST2579,2770.16,Card,Mumbai,Tablet,0,0,0,444,0,0
TXN103501,CUST4114,2781.21,Card,Chennai,Mobile,0,0,1,67,0,0
TXN103502,CUST3332,14009.92,Card,Chennai,Mobile,1,0,0,42,0,0
TXN103503,CUST1990,26512.88,UPI,Chennai,Desktop,0,1,1,287,0,0
TXN103504,CUST3267,3229.41,Card,Pune,Desktop,0,0,2,781,2,0
TXN103505,CUST2584,5527.45,Card,Jaipur,Desktop,1,0,3,16,0,0
TXN103506,CUST4908,2741.83,Card,Kolkata,Tablet,0,0,5,67,0,1
TXN103507,CUST4571,2013.96,NetBanking,Mumbai,Mobile,0,0,1,10,0,0
TXN103508,CUST3178,2221.33,Wallet,Jaipur,Desktop,0,0,2,453,0,0
TXN103509,CUST3565,12095.21,UPI,Mumbai,Desktop,0,0,1,377,2,0
TXN103510,CUST2014,2604.13,UPI,Bangalore,Mobile,1,0,1,49,0,0
TXN103511,CUST2527,2383.59,NetBanking,Kolkata,Mobile,0,0,1,281,0,0
TXN103512,CUST2108,6607.13,Card,Bangalore,Tablet,0,0,1,462,0,0
TXN103513,CUST4120,17919.36,NetBanking,Kolkata,Mobile,0,1,2,279,0,0
TXN103514,CUST4672,16606.92,Card,Jaipur,Mobile,0,0,0,561,0,0
TXN103515,CUST3077,405.8,UPI,Kolkata,Mobile,0,0,0,381,2,1
TXN103516,CUST3886,1116.13,UPI,Chennai,Mobile,0,0,1,324,0,0
TXN103517,CUST2445,3827.35,UPI,Chennai,Desktop,0,0,1,312,0,0
TXN103518,CUST4143,3181.65,Card,Jaipur,Mobile,0,0,1,1716,0,0
TXN103519,CUST3597,505.22,UPI,Jaipur,Mobile,0,0,0,476,0,0
TXN103520,CUST2425,5535.02,Card,Mumbai,Mobile,0,1,1,245,0,0
TXN103521,CUST1174,4885.53,UPI,Chennai,Mobile,1,1,2,13,0,0
TXN103522,CUST3821,4115.02,Card,Hyderabad,Mobile,0,0,0,98,0,0
TXN103523,CUST3864,1768.1,Card,Hyderabad,Desktop,0,0,0,388,0,0
TXN103524,CUST3029,724.18,UPI,Mumbai,Desktop,0,0,4,69,0,0
TXN103525,CUST2036,1268.39,Card,Kolkata,Mobile,0,0,0,524,0,0
TXN103526,CUST1827,3140.04,Card,Jaipur,Mobile,0,0,2,215,2,1
TXN103527,CUST1978,6772.88,UPI,Pune,Mobile,0,0,4,103,0,0
TXN103528,CUST2060,2288.34,Card,Kolkata,Mobile,0,0,2,29,0,0
TXN103529,CUST3702,1055.9,Wallet,Pune,Mobile,0,0,3,261,0,0
TXN103530,CUST1136,4879.24,Card,Mumbai,Desktop,0,0,1,351,0,0
TXN103531,CUST1687,5095.22,UPI,Hyderabad,Mobile,0,1,0,137,0,0
TXN103532,CUST1270,1729.91,Card,Chennai,Desktop,0,0,1,548,1,0
TXN103533,CUST4278,3203.29,Wallet,Bangalore,Tablet,0,0,0,215,1,0
TXN103534,CUST2394,7013.73,Wallet,Delhi,Tablet,0,0,1,321,0,0
TXN103535,CUST1847,5300.42,Card,Hyderabad,Desktop,0,0,2,383,0,0
TXN103536,CUST1223,2335.46,Card,Chennai,Mobile,0,0,0,936,0,0
TXN103537,CUST4604,11032.71,UPI,Kolkata,Mobile,0,0,0,72,0,0
TXN103538,CUST3499,2884.38,UPI,Hyderabad,Mobile,1,0,0,110,0,0
TXN103539,CUST1942,3899.9,Wallet,Bangalore,Desktop,0,0,3,1010,2,0
TXN103540,CUST1085,1635.54,Card,Mumbai,Mobile,0,0,0,583,1,0
TXN103541,CUST1631,2367.97,Card,Jaipur,Desktop,0,0,3,221,1,0
TXN103542,CUST3676,2432.6,UPI,Jaipur,Mobile,0,1,1,109,0,0
TXN103543,CUST2130,1688.93,UPI,Mumbai,Desktop,0,0,1,399,0,0
TXN103544,CUST3219,3290.24,Card,Delhi,Desktop,0,0,1,800,0,0
TXN103545,CUST4533,2067.3,Card,Delhi,Mobile,0,0,1,178,0,0
TXN103546,CUST4421,3434.68,Card,Mumbai,Tablet,0,0,1,1395,0,0
TXN103547,CUST4392,7266.79,Card,Chennai,Mobile,0,0,2,50,0,0
TXN103548,CUST2073,2389.79,Card,Chennai,Mobile,0,0,0,389,0,0
TXN103549,CUST4486,745.75,NetBanking,Hyderabad,Desktop,0,0,0,36,0,0
TXN103550,CUST4139,33121.38,Card,Pune,Desktop,0,0,1,270,0,0
TXN103551,CUST3748,1886.2,UPI,Mumbai,Mobile,0,0,2,1170,0,0
TXN103552,CUST2201,2302.27,Wallet,Bangalore,Desktop,0,0,1,1729,0,0
TXN103553,CUST2963,1009.31,Card,Bangalore,Mobile,0,0,1,98,0,0
TXN103554,CUST3441,2287.22,Wallet,Delhi,Tablet,0,1,1,90,0,0
TXN103555,CUST3976,8366.25,UPI,Jaipur,Mobile,0,0,1,642,0,0
TXN103556,CUST1772,10612.14,Card,Bangalore,Mobile,0,0,5,161,1,0
TXN103557,CUST3508,11307.24,Card,Jaipur,Mobile,0,0,3,87,0,0
TXN103558,CUST1945,12983.73,Card,Bangalore,Desktop,1,1,1,1,0,0
TXN103559,CUST4632,2721.35,Card,Chennai,Mobile,0,0,3,242,0,0
TXN103560,CUST4005,3525.81,Card,Pune,Desktop,0,0,1,139,0,0
TXN103561,CUST2302,11678.92,Card,Bangalore,Desktop,0,0,2,317,0,0
TXN103562,CUST2365,698.78,Card,Jaipur,Tablet,0,0,0,180,0,0
TXN103563,CUST1559,312.07,Card,Mumbai,Mobile,0,0,2,1144,0,0
TXN103564,CUST4496,3482.08,UPI,Chennai,Mobile,0,0,2,59,0,0
TXN103565,CUST4880,3341.02,Card,Jaipur,Mobile,0,0,1,135,0,0
TXN103566,CUST1187,2146.28,Card,Kolkata,Mobile,0,1,2,189,0,0
TXN103567,CUST2566,28262.67,UPI,Kolkata,Desktop,0,0,1,83,0,0
TXN103568,CUST2566,646.2,UPI,Chennai,Desktop,0,0,2,33,1,0
TXN103569,CUST4689,79281.66,Card,Jaipur,Desktop,0,0,2,146,0,0
TXN103570,CUST3929,4050.7,Card,Bangalore,Mobile,0,1,0,180,0,0
TXN103571,CUST1647,7842.87,UPI,Pune,Mobile,0,0,4,1269,0,0
TXN103572,CUST2292,1188.98,Card,Jaipur,Mobile,0,0,0,979,0,0
TXN103573,CUST1918,3249.1,Card,Mumbai,Tablet,1,1,1,424,0,0
TXN103574,CUST2041,3250.33,Card,Hyderabad,Desktop,0,0,2,389,0,1
TXN103575,CUST1416,1808.64,UPI,Mumbai,Tablet,1,0,3,3,0,0
TXN103576,CUST4201,17019.15,Card,Kolkata,Mobile,0,0,2,49,0,0
TXN103577,CUST2176,10513.25,UPI,Kolkata,Mobile,1,1,1,32,0,0
TXN103578,CUST1693,33173.33,UPI,Pune,Mobile,0,1,1,245,3,1
TXN103579,CUST3117,1473.65,UPI,Bangalore,Mobile,1,0,2,1194,0,0
TXN103580,CUST2876,3625.46,UPI,Jaipur,Mobile,0,0,0,2249,0,0
TXN103581,CUST1101,5315.87,UPI,Chennai,Mobile,0,0,1,54,0,0
TXN103582,CUST3883,2986.69,UPI,Chennai,Mobile,0,0,0,516,0,0
TXN103583,CUST2163,3840.37,UPI,Bangalore,Mobile,0,1,0,78,0,0
TXN103584,CUST1460,6787.08,Card,Hyderabad,Desktop,0,0,2,258,1,0
TXN103585,CUST4856,3814.24,UPI,Jaipur,Mobile,0,0,3,44,0,0
TXN103586,CUST4826,1220.51,UPI,Chennai,Mobile,0,0,2,41,0,1
TXN103587,CUST4460,6353.64,UPI,Bangalore,Desktop,0,0,1,183,0,0
TXN103588,CUST4259,2995.94,Card,Bangalore,Mobile,0,0,0,518,0,0
TXN103589,CUST4448,1918.38,Card,Jaipur,Tablet,0,0,1,327,0,1
TXN103590,CUST4896,2065.05,Card,Chennai,Mobile,0,0,0,487,0,0
TXN103591,CUST1394,5211.11,UPI,Kolkata,Mobile,0,0,0,282,3,0
TXN103592,CUST2446,2016.35,Card,Chennai,Mobile,0,0,1,412,0,0
TXN103593,CUST4210,3757.15,NetBanking,Mumbai,Mobile,0,0,1,283,1,1
TXN103594,CUST1285,921.67,Card,Delhi,Mobile,1,0,1,189,1,0
TXN103595,CUST1593,3507.68,NetBanking,Kolkata,Desktop,0,0,0,11,0,0
TXN103596,CUST1734,11276.62,Card,Jaipur,Desktop,0,0,2,873,0,0
TXN103597,CUST1631,1422.89,Card,Mumbai,Tablet,0,0,1,847,0,0
TXN103598,CUST4575,9476.26,Card,Kolkata,Mobile,0,0,2,1,0,1
TXN103599,CUST2815,3991.83,Card,Jaipur,Tablet,0,0,0,105,0,0
TXN103600,CUST3515,3092.5,Card,Mumbai,Mobile,0,0,1,819,0,0
TXN103601,CUST2963,5229.18,NetBanking,Chennai,Desktop,0,1,4,218,0,1
TXN103602,CUST4942,18530.86,UPI,Hyderabad,Mobile,1,0,3,21,0,0
TXN103603,CUST3735,8543.23,Card,Bangalore,Desktop,0,0,1,71,0,0
TXN103604,CUST4372,4727.18,Card,Kolkata,Mobile,0,0,2,199,0,0
TXN103605,CUST3698,5984.56,UPI,Bangalore,Mobile,1,0,0,498,0,0
TXN103606,CUST4267,20497.65,Card,Pune,Mobile,0,0,2,560,0,1
TXN103607,CUST2643,1545.46,UPI,Hyderabad,Mobile,1,0,2,1056,0,0
TXN103608,CUST3481,6782.3,UPI,Delhi,Desktop,0,0,2,168,0,0
TXN103609,CUST3191,2532.0,UPI,Pune,Mobile,0,0,0,234,0,0
TXN103610,CUST1217,1757.39,Card,Delhi,Mobile,0,0,0,311,0,0
TXN103611,CUST2415,8900.76,Card,Kolkata,Tablet,0,0,0,317,0,0
TXN103612,CUST4965,3782.17,NetBanking,Kolkata,Mobile,0,0,4,484,0,0
TXN103613,CUST3386,5296.29,Wallet,Jaipur,Tablet,0,0,1,321,0,0
TXN103614,CUST3842,3870.81,UPI,Pune,Desktop,0,0,0,289,0,0
TXN103615,CUST4662,487.29,UPI,Hyderabad,Mobile,0,0,2,273,0,0
TXN103616,CUST4697,1434.26,Card,Jaipur,Tablet,0,0,3,368,0,0
TXN103617,CUST2753,2751.69,Wallet,Jaipur,Mobile,0,0,0,628,0,0
TXN103618,CUST3214,2522.49,Card,Bangalore,Tablet,0,0,1,618,0,0
TXN103619,CUST1321,11602.94,UPI,Kolkata,Mobile,0,1,1,446,0,0
TXN103620,CUST4657,2872.35,UPI,Chennai,Desktop,0,1,2,86,0,0
TXN103621,CUST1393,9701.31,Card,Kolkata,Mobile,0,0,1,81,0,0
TXN103622,CUST3219,1896.64,NetBanking,Pune,Mobile,0,0,0,10,0,0
TXN103623,CUST1554,2646.23,Wallet,Kolkata,Mobile,0,1,1,131,1,0
TXN103624,CUST2217,2085.36,NetBanking,Jaipur,Mobile,0,0,3,176,0,0
TXN103625,CUST3356,1206.27,UPI,Mumbai,Mobile,0,1,1,4,0,1
TXN103626,CUST3410,16585.43,Card,Jaipur,Mobile,0,0,0,224,0,0
TXN103627,CUST2481,3895.88,UPI,Chennai,Mobile,0,0,0,383,0,0
TXN103628,CUST3332,2417.06,Card,Delhi,Mobile,0,0,1,62,0,0
TXN103629,CUST3516,7372.22,Card,Hyderabad,Tablet,0,0,3,194,0,0
TXN103630,CUST2615,3311.7,UPI,Kolkata,Mobile,0,0,0,763,0,0
TXN103631,CUST1382,2095.19,NetBanking,Hyderabad,Mobile,0,0,2,54,0,0
TXN103632,CUST1761,4232.46,Wallet,Bangalore,Mobile,0,0,0,404,0,0
TXN103633,CUST1675,3586.16,Card,Kolkata,Desktop,0,0,4,422,1,0
TXN103634,CUST2718,11410.26,Wallet,Bangalore,Tablet,0,0,0,647,2,0
TXN103635,CUST1023,1619.01,Card,Delhi,Mobile,0,0,1,409,0,0
TXN103636,CUST2644,11046.32,UPI,Mumbai,Tablet,0,0,0,1435,0,0
TXN103637,CUST4084,2933.73,Card,Chennai,Mobile,0,0,1,524,0,0
TXN103638,CUST2051,13952.15,Card,Delhi,Mobile,0,0,3,299,0,0
TXN103639,CUST3971,950.26,Card,Mumbai,Mobile,0,0,0,442,0,0
TXN103640,CUST1874,2794.33,Wallet,Delhi,Tablet,0,0,0,134,0,0
TXN103641,CUST1779,5742.77,NetBanking,Delhi,Mobile,0,0,2,121,0,0
TXN103642,CUST2171,901.16,Card,Chennai,Mobile,0,0,2,396,0,0
TXN103643,CUST4914,996.1,Card,Hyderabad,Desktop,0,0,1,445,0,0
TXN103644,CUST4674,2311.36,Card,Bangalore,Tablet,0,0,3,237,0,0
TXN103645,CUST2499,3976.87,Card,Hyderabad,Mobile,0,0,0,649,0,0
TXN103646,CUST3420,1246.18,Wallet,Pune,Desktop,0,0,1,1785,2,0
TXN103647,CUST4096,1055.8,UPI,Mumbai,Mobile,0,0,1,530,0,0
TXN103648,CUST3051,4096.05,Wallet,Bangalore,Mobile,1,1,0,495,0,0
TXN103649,CUST1566,13861.2,Card,Mumbai,Desktop,0,0,1,207,0,0
TXN103650,CUST4171,4043.45,UPI,Bangalore,Mobile,0,0,2,384,0,0
TXN103651,CUST4427,2887.36,Card,Bangalore,Mobile,0,0,0,279,0,0
TXN103652,CUST4924,1319.82,UPI,Mumbai,Desktop,0,0,1,390,0,0
TXN103653,CUST4462,15163.95,Card,Mumbai,Desktop,0,0,0,438,1,0
TXN103654,CUST3414,755.21,Card,Jaipur,Mobile,0,0,1,391,0,0
TXN103655,CUST4865,4740.77,NetBanking,Kolkata,Mobile,0,0,0,1775,0,0
TXN103656,CUST4837,4454.19,Wallet,Bangalore,Desktop,0,0,2,95,0,0
TXN103657,CUST3379,876.62,UPI,Pune,Mobile,0,0,2,163,0,0
TXN103658,CUST1022,751.09,Card,Kolkata,Mobile,0,0,2,721,2,0
TXN103659,CUST3223,4079.11,Card,Delhi,Mobile,0,0,0,1121,0,0
TXN103660,CUST2352,1811.37,NetBanking,Delhi,Mobile,0,0,1,217,0,0
TXN103661,CUST4436,5409.41,Card,Mumbai,Desktop,1,0,1,919,1,0
TXN103662,CUST2097,5284.83,Card,Chennai,Tablet,0,0,1,158,0,0
TXN103663,CUST2493,4035.98,UPI,Pune,Desktop,0,0,2,806,0,0
TXN103664,CUST3511,5108.51,Card,Kolkata,Mobile,0,0,1,1043,0,0
TXN103665,CUST1923,7466.63,NetBanking,Jaipur,Desktop,0,0,0,263,0,0
TXN103666,CUST3320,4141.29,Card,Delhi,Mobile,0,1,0,413,0,0
TXN103667,CUST2478,5693.08,UPI,Bangalore,Mobile,0,0,2,460,0,0
TXN103668,CUST3744,6017.58,Card,Mumbai,Desktop,0,0,2,102,0,0
TXN103669,CUST4696,5373.36,NetBanking,Pune,Mobile,0,0,0,314,0,0
TXN103670,CUST4944,2156.63,UPI,Kolkata,Mobile,0,0,2,190,1,0
TXN103671,CUST4305,2363.47,UPI,Kolkata,Desktop,0,0,1,644,0,0
TXN103672,CUST3337,54642.65,NetBanking,Chennai,Mobile,1,0,1,43,0,0
TXN103673,CUST2343,4899.95,Card,Jaipur,Mobile,0,0,1,284,0,0
TXN103674,CUST2271,3927.69,Wallet,Pune,Tablet,1,0,0,55,0,0
TXN103675,CUST3590,5200.02,Wallet,Jaipur,Desktop,0,0,2,80,1,0
TXN103676,CUST1628,531.56,Card,Hyderabad,Desktop,0,0,1,6,1,0
TXN103677,CUST2529,2013.3,Card,Delhi,Tablet,0,0,1,153,0,0
TXN103678,CUST3220,5262.71,Card,Delhi,Mobile,0,1,4,214,0,0
TXN103679,CUST1572,13575.48,UPI,Mumbai,Desktop,0,0,0,268,0,0
TXN103680,CUST4500,8648.69,UPI,Jaipur,Desktop,0,0,1,150,0,0
TXN103681,CUST2464,2349.52,UPI,Pune,Mobile,0,0,0,89,0,0
TXN103682,CUST3872,2000.37,Card,Bangalore,Mobile,0,0,0,1413,0,0
TXN103683,CUST3208,7189.0,Card,Delhi,Desktop,0,0,0,72,0,0
TXN103684,CUST1688,5091.66,NetBanking,Delhi,Mobile,0,0,0,76,3,0
TXN103685,CUST1824,983.84,NetBanking,Pune,Mobile,0,0,1,103,0,0
TXN103686,CUST4844,2329.79,Card,Kolkata,Mobile,0,0,0,421,1,0
TXN103687,CUST1438,15405.98,NetBanking,Delhi,Mobile,0,0,3,91,0,0
TXN103688,CUST3479,919.13,Card,Hyderabad,Mobile,0,0,1,31,2,0
TXN103689,CUST1567,2954.53,Card,Kolkata,Mobile,0,1,0,477,0,0
TXN103690,CUST4976,22207.44,Card,Hyderabad,Desktop,1,0,2,139,0,0
TXN103691,CUST2456,11052.52,Card,Delhi,Mobile,0,0,0,236,0,0
TXN103692,CUST2243,2991.02,NetBanking,Bangalore,Desktop,0,0,1,31,0,0
TXN103693,CUST3873,2763.35,Card,Bangalore,Mobile,0,0,1,560,0,0
TXN103694,CUST2033,27642.35,NetBanking,Bangalore,Desktop,0,0,2,275,0,0
TXN103695,CUST1507,103.67,UPI,Pune,Desktop,0,0,0,899,0,0
TXN103696,CUST4500,2304.91,NetBanking,Mumbai,Mobile,0,0,0,562,1,0
TXN103697,CUST3563,5177.39,NetBanking,Bangalore,Mobile,0,0,2,1,0,0
TXN103698,CUST2661,5265.76,NetBanking,Hyderabad,Tablet,0,0,1,50,0,0
TXN103699,CUST1785,585.3,Card,Hyderabad,Mobile,0,0,0,470,0,0
TXN103700,CUST1725,826.52,Card,Mumbai,Mobile,1,0,3,16,3,1
TXN103701,CUST3047,3213.49,UPI,Chennai,Mobile,0,0,1,520,0,0
TXN103702,CUST4200,6677.22,UPI,Bangalore,Desktop,0,0,1,388,0,0
TXN103703,CUST3514,1089.1,Card,Delhi,Mobile,0,0,3,463,0,0
TXN103704,CUST1089,1984.25,UPI,Kolkata,Mobile,0,0,1,582,3,1
TXN103705,CUST4543,3551.53,Card,Mumbai,Mobile,0,0,1,68,0,0
TXN103706,CUST4080,1649.57,Card,Chennai,Desktop,0,0,0,197,0,0
TXN103707,CUST2707,2247.85,NetBanking,Chennai,Mobile,0,1,2,146,3,1
TXN103708,CUST2046,5189.75,Card,Mumbai,Desktop,0,0,1,1296,0,0
TXN103709,CUST3687,14248.54,UPI,Chennai,Desktop,0,0,1,137,0,0
TXN103710,CUST3197,6442.77,Wallet,Jaipur,Mobile,0,0,1,893,0,0
TXN103711,CUST2499,16892.3,Card,Mumbai,Desktop,0,0,0,385,0,0
TXN103712,CUST4976,42561.25,UPI,Hyderabad,Mobile,0,0,1,4,0,0
TXN103713,CUST4453,2264.64,NetBanking,Jaipur,Desktop,1,0,1,8,0,0
TXN103714,CUST2882,12679.32,Card,Hyderabad,Mobile,0,0,2,576,0,0
TXN103715,CUST2717,6308.25,UPI,Pune,Mobile,0,0,2,95,0,0
TXN103716,CUST2574,7396.92,Card,Chennai,Mobile,0,0,0,309,0,0
TXN103717,CUST2830,1034.9,Card,Delhi,Mobile,0,0,0,45,0,0
TXN103718,CUST2526,2125.69,Card,Delhi,Mobile,0,1,1,1753,1,0
TXN103719,CUST3319,868.13,Wallet,Mumbai,Desktop,0,0,2,493,0,0
TXN103720,CUST2925,2049.9,Card,Delhi,Tablet,0,0,2,623,0,0
TXN103721,CUST2496,369.4,Card,Pune,Mobile,0,0,3,363,0,0
TXN103722,CUST3429,110.45,UPI,Kolkata,Desktop,1,0,1,123,0,1
TXN103723,CUST1328,1353.57,Card,Kolkata,Desktop,0,0,2,225,0,0
TXN103724,CUST1357,10457.72,UPI,Mumbai,Mobile,0,0,2,307,0,0
TXN103725,CUST1229,6168.98,NetBanking,Jaipur,Mobile,0,0,0,789,0,0
TXN103726,CUST3805,1161.6,NetBanking,Chennai,Tablet,0,0,1,50,0,0
TXN103727,CUST2125,2974.93,Card,Kolkata,Mobile,0,0,3,535,0,0
TXN103728,CUST4368,1233.33,UPI,Mumbai,Mobile,0,1,1,108,0,0
TXN103729,CUST3198,5600.82,Wallet,Pune,Mobile,0,0,1,383,0,0
TXN103730,CUST1204,3494.1,UPI,Chennai,Desktop,1,1,0,2,0,0
TXN103731,CUST1983,972.81,UPI,Hyderabad,Mobile,0,0,0,161,0,0
TXN103732,CUST1850,433.35,NetBanking,Delhi,Mobile,0,0,1,49,0,0
TXN103733,CUST3997,93722.85,UPI,Bangalore,Mobile,0,0,0,41,0,0
TXN103734,CUST2525,2688.21,NetBanking,Jaipur,Tablet,0,0,2,528,0,0
TXN103735,CUST1285,2706.73,NetBanking,Pune,Mobile,0,0,1,153,3,1
TXN103736,CUST4708,1501.41,Card,Pune,Mobile,0,0,1,401,0,0
TXN103737,CUST4376,8197.41,Card,Mumbai,Desktop,0,0,2,790,0,0
TXN103738,CUST2162,4121.2,UPI,Kolkata,Mobile,0,0,1,88,0,0
TXN103739,CUST1772,1639.22,Card,Mumbai,Mobile,0,0,4,313,1,1
TXN103740,CUST1331,8864.42,UPI,Pune,Desktop,0,0,0,641,0,0
TXN103741,CUST2828,2942.15,UPI,Pune,Desktop,0,0,0,324,0,0
TXN103742,CUST4148,2843.88,Card,Delhi,Mobile,0,0,2,234,0,0
TXN103743,CUST3107,5186.34,NetBanking,Bangalore,Desktop,0,0,4,146,3,1
TXN103744,CUST3904,972.14,Wallet,Bangalore,Mobile,0,0,0,504,0,0
TXN103745,CUST4896,2136.92,Card,Bangalore,Desktop,1,0,2,267,0,1
TXN103746,CUST1484,2499.12,Card,Kolkata,Desktop,0,0,0,273,0,0
TXN103747,CUST3620,5719.97,NetBanking,Mumbai,Mobile,0,0,0,326,0,0
TXN103748,CUST4457,6662.49,Card,Pune,Mobile,0,0,3,140,0,0
TXN103749,CUST4738,4525.17,Wallet,Delhi,Desktop,0,0,0,1108,0,0
TXN103750,CUST4611,7664.78,UPI,Delhi,Mobile,1,1,2,489,0,0
TXN103751,CUST4390,4990.09,Card,Delhi,Mobile,0,0,0,32,0,0
TXN103752,CUST4240,3150.74,NetBanking,Bangalore,Mobile,1,0,1,9,0,1
TXN103753,CUST2080,38824.94,NetBanking,Kolkata,Mobile,0,0,4,421,0,0
TXN103754,CUST2018,4619.5,Card,Bangalore,Mobile,0,0,2,2,0,1
TXN103755,CUST2825,1899.09,Card,Mumbai,Mobile,0,0,0,201,2,0
TXN103756,CUST2230,158.85,Card,Bangalore,Mobile,0,0,2,621,3,1
TXN103757,CUST3840,3211.7,Card,Chennai,Desktop,0,0,1,445,0,0
TXN103758,CUST1729,6174.66,NetBanking,Mumbai,Tablet,0,0,1,1065,0,0
TXN103759,CUST1149,9164.89,NetBanking,Bangalore,Desktop,0,0,0,167,0,0
TXN103760,CUST2302,941.26,NetBanking,Hyderabad,Desktop,0,0,1,2981,0,0
TXN103761,CUST3348,357.13,Card,Mumbai,Mobile,1,1,1,887,0,0
TXN103762,CUST2102,838.55,UPI,Bangalore,Desktop,0,0,4,982,1,1
TXN103763,CUST4320,1578.78,NetBanking,Chennai,Mobile,0,0,1,339,0,0
TXN103764,CUST1965,3911.56,Card,Pune,Mobile,0,0,2,19,0,0
TXN103765,CUST3396,9312.58,Card,Hyderabad,Desktop,0,0,2,71,0,0
TXN103766,CUST2604,3177.13,UPI,Hyderabad,Mobile,0,1,0,901,0,0
TXN103767,CUST1232,8543.24,Card,Bangalore,Mobile,0,0,1,491,0,0
TXN103768,CUST4595,3626.56,Card,Chennai,Desktop,0,0,1,745,0,0
TXN103769,CUST4118,5680.01,NetBanking,Hyderabad,Tablet,0,0,3,87,1,0
TXN103770,CUST3075,9622.83,NetBanking,Jaipur,Mobile,0,0,1,248,0,0
TXN103771,CUST2024,3511.24,Wallet,Hyderabad,Desktop,0,1,1,206,0,0
TXN103772,CUST3129,3411.54,NetBanking,Chennai,Desktop,0,1,1,1134,0,0
TXN103773,CUST3238,3587.17,UPI,Chennai,Desktop,0,0,1,94,0,0
TXN103774,CUST4699,1432.77,Card,Delhi,Tablet,0,0,1,700,0,0
TXN103775,CUST2882,1273.22,UPI,Delhi,Mobile,0,0,3,239,0,0
TXN103776,CUST3873,26547.62,UPI,Hyderabad,Mobile,0,0,2,184,0,0
TXN103777,CUST2444,9076.83,Wallet,Hyderabad,Mobile,0,0,0,432,0,0
TXN103778,CUST1326,52738.66,Card,Hyderabad,Desktop,0,1,0,132,0,0
TXN103779,CUST2122,388.89,Card,Chennai,Mobile,0,0,0,174,0,0
TXN103780,CUST4896,7895.01,Card,Kolkata,Mobile,0,0,0,140,0,0
TXN103781,CUST2471,16837.22,NetBanking,Mumbai,Mobile,0,1,1,234,0,0
TXN103782,CUST2285,7466.76,NetBanking,Chennai,Mobile,0,0,0,150,0,0
TXN103783,CUST3172,4386.89,UPI,Chennai,Mobile,0,0,1,180,0,0
TXN103784,CUST4097,4953.82,Card,Kolkata,Mobile,0,0,0,1772,0,0
TXN103785,CUST2078,13614.94,Card,Hyderabad,Mobile,0,0,1,240,0,0
TXN103786,CUST3972,15205.35,UPI,Mumbai,Mobile,0,0,3,372,0,0
TXN103787,CUST2744,1083.36,NetBanking,Bangalore,Desktop,1,1,2,273,0,0
TXN103788,CUST3555,5019.43,NetBanking,Delhi,Mobile,0,0,1,684,0,0
TXN103789,CUST1498,498.6,NetBanking,Pune,Mobile,0,0,1,1706,0,0
TXN103790,CUST2606,5267.56,UPI,Mumbai,Desktop,0,0,1,13,0,0
TXN103791,CUST1409,3841.99,Card,Delhi,Mobile,0,0,0,637,0,0
TXN103792,CUST2052,6228.61,Card,Pune,Mobile,0,0,1,1242,0,0
TXN103793,CUST2311,8085.82,Card,Mumbai,Mobile,1,0,2,114,0,0
TXN103794,CUST3942,4467.39,NetBanking,Hyderabad,Mobile,0,0,0,596,1,0
TXN103795,CUST3677,7651.0,Card,Kolkata,Mobile,0,0,2,596,1,0
TXN103796,CUST4134,379.21,Card,Chennai,Mobile,0,0,4,268,0,0
TXN103797,CUST4356,3261.38,Card,Jaipur,Mobile,0,1,0,521,0,0
TXN103798,CUST4657,7882.02,Card,Pune,Desktop,0,0,0,1236,0,1
TXN103799,CUST4583,14946.28,NetBanking,Delhi,Mobile,0,0,3,1471,0,0
TXN103800,CUST1678,6205.12,NetBanking,Chennai,Mobile,0,0,2,104,0,0
TXN103801,CUST2658,6841.05,UPI,Mumbai,Mobile,0,0,1,304,1,0
TXN103802,CUST3194,4755.5,Card,Jaipur,Mobile,0,0,0,520,0,0
TXN103803,CUST4890,8128.5,NetBanking,Kolkata,Mobile,0,0,0,35,0,0
TXN103804,CUST4182,5571.83,NetBanking,Jaipur,Mobile,0,0,2,101,0,0
TXN103805,CUST1289,1416.6,Card,Jaipur,Mobile,0,0,0,76,0,0
TXN103806,CUST4099,1845.04,UPI,Pune,Mobile,0,0,1,333,0,0
TXN103807,CUST2660,858.68,Wallet,Bangalore,Mobile,0,0,1,13,0,0
TXN103808,CUST4641,979.08,Card,Mumbai,Mobile,0,0,1,268,0,0
TXN103809,CUST3589,6707.8,UPI,Pune,Mobile,0,0,4,547,1,0
TXN103810,CUST1662,5274.12,UPI,Jaipur,Mobile,0,0,0,25,0,0
TXN103811,CUST4136,3956.99,Card,Chennai,Tablet,1,0,0,209,0,0
TXN103812,CUST4310,3684.54,Wallet,Hyderabad,Mobile,0,0,2,677,0,0
TXN103813,CUST2582,1365.3,UPI,Pune,Mobile,0,0,0,357,0,0
TXN103814,CUST4963,2224.16,UPI,Delhi,Desktop,0,0,1,337,1,0
TXN103815,CUST2726,423.09,UPI,Pune,Mobile,0,0,4,269,0,0
TXN103816,CUST1809,3127.86,Card,Hyderabad,Desktop,0,1,0,283,0,0
TXN103817,CUST1234,5774.38,Wallet,Delhi,Desktop,0,1,4,154,0,0
TXN103818,CUST1462,3337.01,UPI,Kolkata,Mobile,0,0,1,336,0,0
TXN103819,CUST3232,3603.36,Card,Pune,Desktop,0,0,0,364,0,0
TXN103820,CUST4613,6562.27,Card,Kolkata,Mobile,0,0,4,514,0,0
TXN103821,CUST1631,7412.78,Card,Mumbai,Mobile,0,0,1,31,0,0
TXN103822,CUST2695,1315.99,Wallet,Delhi,Mobile,0,0,1,1157,0,0
TXN103823,CUST1745,5264.95,UPI,Mumbai,Mobile,0,0,2,139,0,0
TXN103824,CUST2454,7166.33,Card,Hyderabad,Desktop,0,0,0,448,2,0
TXN103825,CUST2395,5959.97,Wallet,Chennai,Desktop,0,0,0,245,0,0
TXN103826,CUST3310,3342.7,Card,Delhi,Desktop,0,0,0,341,1,0
TXN103827,CUST4299,2549.15,Card,Jaipur,Desktop,0,0,1,1104,1,0
TXN103828,CUST1880,157255.71,UPI,Pune,Mobile,0,0,2,84,1,0
TXN103829,CUST2966,2089.75,Card,Kolkata,Mobile,0,1,1,320,0,0
TXN103830,CUST4644,1260.16,UPI,Pune,Mobile,0,1,0,181,1,0
TXN103831,CUST3893,565.73,Card,Bangalore,Desktop,0,0,0,280,0,0
TXN103832,CUST2973,1658.73,UPI,Bangalore,Desktop,0,0,1,1768,0,0
TXN103833,CUST1833,5242.99,Card,Kolkata,Mobile,1,0,0,52,0,0
TXN103834,CUST2634,7287.31,NetBanking,Pune,Mobile,0,0,0,48,1,1
TXN103835,CUST2700,410.31,Card,Hyderabad,Mobile,0,0,0,152,0,0
TXN103836,CUST1166,465.96,Card,Bangalore,Mobile,0,0,3,56,0,1
TXN103837,CUST3013,6445.82,Card,Bangalore,Mobile,0,0,0,688,1,0
TXN103838,CUST2280,13790.7,UPI,Bangalore,Desktop,0,1,2,6,0,0
TXN103839,CUST3272,891.05,NetBanking,Bangalore,Mobile,0,0,1,87,0,0
TXN103840,CUST2532,4664.23,Card,Chennai,Mobile,0,0,0,4,0,0
TXN103841,CUST3973,1459.45,UPI,Chennai,Mobile,0,0,1,1485,0,0
TXN103842,CUST1597,1775.69,UPI,Delhi,Tablet,0,0,3,1425,0,0
TXN103843,CUST1278,670.6,UPI,Hyderabad,Tablet,0,0,0,50,0,0
TXN103844,CUST3295,805.59,Card,Kolkata,Mobile,0,0,0,316,0,0
TXN103845,CUST2875,1226.03,UPI,Delhi,Desktop,0,0,1,1059,0,0
TXN103846,CUST3705,9705.3,Card,Jaipur,Mobile,0,0,4,747,0,0
TXN103847,CUST3999,6787.87,UPI,Hyderabad,Desktop,0,0,0,625,0,0
TXN103848,CUST2814,45938.81,Card,Pune,Desktop,1,0,0,1,0,1
TXN103849,CUST1068,493.86,Card,Bangalore,Mobile,0,0,1,479,0,0
TXN103850,CUST1912,6315.69,Card,Pune,Mobile,1,1,1,31,0,0
TXN103851,CUST4253,6392.47,UPI,Kolkata,Mobile,0,0,2,752,0,0
TXN103852,CUST4792,1921.51,NetBanking,Jaipur,Mobile,0,0,1,304,0,0
TXN103853,CUST1073,2156.22,UPI,Bangalore,Desktop,0,1,3,1140,0,0
TXN103854,CUST4364,752.02,Card,Bangalore,Mobile,0,0,1,24,0,1
TXN103855,CUST4072,1631.57,Card,Bangalore,Mobile,0,0,2,293,0,0
TXN103856,CUST4463,5386.68,Card,Pune,Mobile,0,0,1,675,1,0
TXN103857,CUST2585,8069.18,Wallet,Chennai,Mobile,0,0,2,272,0,0
TXN103858,CUST1819,5750.98,UPI,Mumbai,Mobile,0,0,2,1106,0,0
TXN103859,CUST2591,8579.95,Card,Mumbai,Mobile,0,0,2,1061,0,0
TXN103860,CUST3430,7344.88,Card,Delhi,Desktop,0,0,0,578,0,0
TXN103861,CUST1598,2885.21,Card,Kolkata,Desktop,0,0,1,459,0,0
TXN103862,CUST4899,2614.44,NetBanking,Pune,Desktop,0,1,0,268,0,0
TXN103863,CUST3351,682.48,NetBanking,Chennai,Desktop,0,0,2,135,1,0
TXN103864,CUST1763,4968.51,NetBanking,Kolkata,Desktop,0,0,1,125,0,0
TXN103865,CUST3841,5478.09,Card,Jaipur,Desktop,0,0,1,643,0,0
TXN103866,CUST1069,2285.19,Card,Kolkata,Mobile,1,1,2,46,0,1
TXN103867,CUST4246,10538.16,NetBanking,Jaipur,Mobile,0,0,0,417,0,0
TXN103868,CUST4704,1981.57,Card,Delhi,Desktop,1,1,0,211,0,0
TXN103869,CUST2688,7916.04,NetBanking,Pune,Mobile,0,0,0,86,0,0
TXN103870,CUST4909,5502.41,NetBanking,Pune,Tablet,1,0,0,351,0,0
TXN103871,CUST2302,21309.28,NetBanking,Bangalore,Mobile,0,0,2,148,0,0
TXN103872,CUST2092,5430.03,UPI,Jaipur,Mobile,0,0,1,68,0,0
TXN103873,CUST4876,4015.78,Card,Mumbai,Tablet,0,0,1,297,0,0
TXN103874,CUST1451,19155.21,Wallet,Bangalore,Mobile,0,0,2,601,0,0
TXN103875,CUST2806,1101.89,NetBanking,Delhi,Desktop,0,0,0,809,0,0
TXN103876,CUST2805,2081.04,Wallet,Chennai,Mobile,0,0,0,669,0,0
TXN103877,CUST3651,1557.44,UPI,Mumbai,Mobile,0,0,4,1240,3,1
TXN103878,CUST1676,16619.74,Card,Delhi,Tablet,0,0,1,408,0,0
TXN103879,CUST3747,1647.85,Wallet,Chennai,Mobile,0,0,4,965,0,0
TXN103880,CUST1749,3285.53,UPI,Hyderabad,Desktop,0,0,1,123,0,0
TXN103881,CUST2552,3978.63,UPI,Kolkata,Desktop,0,0,0,161,0,0
TXN103882,CUST3315,16335.52,Card,Kolkata,Desktop,0,1,0,1157,0,0
TXN103883,CUST2181,2041.07,Card,Chennai,Tablet,0,0,1,436,0,0
TXN103884,CUST3804,5323.33,Wallet,Delhi,Mobile,0,0,0,488,0,0
TXN103885,CUST4825,9345.14,NetBanking,Jaipur,Tablet,0,0,0,259,0,0
TXN103886,CUST1483,2855.17,Wallet,Pune,Tablet,0,0,0,391,1,0
TXN103887,CUST2638,9157.46,UPI,Mumbai,Mobile,0,0,1,283,0,0
TXN103888,CUST3773,6550.82,Wallet,Pune,Mobile,0,0,1,981,0,0
TXN103889,CUST3305,2493.61,NetBanking,Delhi,Desktop,1,0,1,937,0,0
TXN103890,CUST3399,2282.15,Card,Pune,Mobile,0,0,1,509,0,0
TXN103891,CUST2142,4215.63,Wallet,Pune,Mobile,0,0,1,1473,0,0
TXN103892,CUST2249,629.26,Card,Mumbai,Mobile,0,0,1,18,0,0
TXN103893,CUST3601,2895.83,NetBanking,Pune,Tablet,1,1,4,1,0,1
TXN103894,CUST1505,4495.01,Card,Chennai,Tablet,0,0,0,348,0,0
TXN103895,CUST2757,1047.14,UPI,Chennai,Mobile,0,1,0,570,1,1
TXN103896,CUST2558,2272.86,Card,Mumbai,Mobile,0,0,1,1036,0,0
TXN103897,CUST3703,3146.91,Card,Kolkata,Mobile,0,0,4,155,1,1
TXN103898,CUST3684,1306.87,Card,Pune,Tablet,1,1,3,48,0,1
TXN103899,CUST1631,2197.55,NetBanking,Delhi,Mobile,0,0,0,39,1,0
TXN103900,CUST2630,8006.64,UPI,Pune,Mobile,0,0,1,112,0,0
TXN103901,CUST2467,6323.24,Card,Delhi,Mobile,0,1,0,399,0,0
TXN103902,CUST4642,8480.36,UPI,Pune,Mobile,0,0,1,145,0,1
TXN103903,CUST2309,1361.96,UPI,Hyderabad,Desktop,0,1,0,1186,0,0
TXN103904,CUST3709,1665.58,Card,Delhi,Desktop,0,0,2,522,0,0
TXN103905,CUST3889,3516.77,UPI,Kolkata,Mobile,1,0,0,425,0,0
TXN103906,CUST3381,1237.87,Card,Pune,Mobile,0,0,2,127,3,1
TXN103907,CUST1645,909.52,Wallet,Jaipur,Desktop,0,0,2,456,1,0
TXN103908,CUST2237,1338.6,Card,Bangalore,Desktop,0,0,2,125,0,0
TXN103909,CUST3396,2794.22,Card,Hyderabad,Mobile,0,0,0,596,0,0
TXN103910,CUST1913,3278.83,Card,Delhi,Mobile,0,0,0,434,1,0
TXN103911,CUST3511,999.74,Card,Pune,Desktop,0,0,0,73,0,0
TXN103912,CUST2318,293.77,UPI,Bangalore,Mobile,0,0,0,242,0,0
TXN103913,CUST4901,8315.09,UPI,Hyderabad,Mobile,0,0,2,253,0,0
TXN103914,CUST4858,8821.04,NetBanking,Mumbai,Mobile,0,0,0,240,0,0
TXN103915,CUST1283,35760.5,UPI,Jaipur,Mobile,0,0,3,366,0,0
TXN103916,CUST2873,23188.28,Card,Delhi,Mobile,0,0,3,3,0,0
TXN103917,CUST2391,7509.76,Card,Pune,Mobile,0,0,3,547,0,0
TXN103918,CUST2245,5314.87,Card,Bangalore,Mobile,0,0,1,334,0,0
TXN103919,CUST2503,6645.15,UPI,Delhi,Desktop,0,0,3,129,0,0
TXN103920,CUST4870,2052.97,NetBanking,Delhi,Desktop,0,0,1,493,0,0
TXN103921,CUST4966,10565.06,Card,Bangalore,Mobile,0,0,1,1025,3,0
TXN103922,CUST2482,3166.21,UPI,Mumbai,Desktop,0,1,0,401,0,0
TXN103923,CUST3389,4991.38,Wallet,Jaipur,Tablet,0,0,0,1570,2,0
TXN103924,CUST1810,1822.73,UPI,Bangalore,Mobile,0,0,1,1273,0,0
TXN103925,CUST1742,32568.34,Card,Mumbai,Desktop,0,0,0,384,0,0
TXN103926,CUST4240,6935.84,UPI,Delhi,Mobile,0,0,1,275,0,0
TXN103927,CUST3093,7277.98,Card,Mumbai,Mobile,0,0,1,230,0,0
TXN103928,CUST4928,7374.35,Card,Kolkata,Desktop,0,0,0,58,0,0
TXN103929,CUST3594,1464.26,UPI,Chennai,Mobile,0,1,0,562,0,0
TXN103930,CUST3247,3529.3,UPI,Jaipur,Mobile,1,0,0,112,2,1
TXN103931,CUST3312,3012.01,NetBanking,Kolkata,Desktop,0,0,1,19,0,0
TXN103932,CUST2161,739.77,UPI,Kolkata,Desktop,0,0,4,721,0,0
TXN103933,CUST4282,3688.97,Card,Pune,Mobile,0,0,1,1011,0,0
TXN103934,CUST3636,7347.88,Card,Pune,Desktop,0,0,2,230,0,0
TXN103935,CUST1733,1453.83,UPI,Hyderabad,Tablet,0,0,2,42,0,0
TXN103936,CUST1866,17431.93,Card,Chennai,Tablet,0,0,2,312,0,0
TXN103937,CUST1285,18142.86,UPI,Chennai,Tablet,0,0,0,322,0,0
TXN103938,CUST1887,6166.12,Wallet,Mumbai,Desktop,0,0,2,14,2,0
TXN103939,CUST2849,9236.17,UPI,Kolkata,Tablet,0,1,3,282,0,0
TXN103940,CUST3793,8766.59,UPI,Pune,Desktop,1,0,3,50,0,0
TXN103941,CUST4122,2752.92,Card,Chennai,Mobile,0,0,2,595,0,1
TXN103942,CUST1151,5388.48,NetBanking,Kolkata,Mobile,0,0,2,439,0,0
TXN103943,CUST1005,4633.66,UPI,Delhi,Desktop,0,0,2,275,0,0
TXN103944,CUST3457,39242.97,UPI,Kolkata,Tablet,0,0,1,52,0,0
TXN103945,CUST1840,7542.45,Card,Mumbai,Mobile,0,1,3,792,0,0
TXN103946,CUST3224,2109.18,NetBanking,Jaipur,Tablet,0,0,1,1856,0,0
TXN103947,CUST2367,2909.19,Card,Chennai,Mobile,0,0,0,471,3,0
TXN103948,CUST1329,3315.05,NetBanking,Hyderabad,Mobile,1,0,1,166,0,0
TXN103949,CUST3625,1740.5,UPI,Mumbai,Desktop,0,0,0,625,0,0
TXN103950,CUST1200,15372.69,UPI,Hyderabad,Mobile,0,0,1,346,3,0
TXN103951,CUST3650,11223.26,NetBanking,Kolkata,Mobile,0,0,3,1775,0,0
TXN103952,CUST4897,8314.11,Card,Pune,Mobile,0,0,1,560,0,0
TXN103953,CUST2061,3963.2,Card,Bangalore,Mobile,0,0,0,1675,1,0
TXN103954,CUST3473,1266.12,UPI,Mumbai,Desktop,0,0,0,220,0,0
TXN103955,CUST1693,3064.14,Wallet,Jaipur,Mobile,0,0,1,242,1,0
TXN103956,CUST1850,5331.9,NetBanking,Chennai,Mobile,0,0,1,248,0,0
TXN103957,CUST1247,556.91,Card,Bangalore,Mobile,0,0,1,22,0,0
TXN103958,CUST2396,8657.99,NetBanking,Pune,Mobile,0,0,2,137,0,0
TXN103959,CUST4141,4313.49,UPI,Bangalore,Mobile,0,0,1,348,0,0
TXN103960,CUST4361,4779.7,Card,Hyderabad,Mobile,0,1,2,593,0,0
TXN103961,CUST4451,1475.76,UPI,Hyderabad,Mobile,0,0,3,78,2,0
TXN103962,CUST2515,1836.3,UPI,Hyderabad,Desktop,0,1,0,14,0,0
TXN103963,CUST2277,1959.69,Card,Bangalore,Mobile,0,1,4,350,0,0
TXN103964,CUST1767,11934.58,UPI,Chennai,Mobile,0,0,1,200,1,0
TXN103965,CUST2669,741.9,UPI,Hyderabad,Desktop,0,0,1,93,0,0
TXN103966,CUST3091,1145.57,UPI,Jaipur,Mobile,0,0,1,868,0,0
TXN103967,CUST4898,7155.99,UPI,Hyderabad,Mobile,0,0,1,2010,1,1
TXN103968,CUST2360,3709.68,UPI,Hyderabad,Desktop,0,0,2,75,0,0
TXN103969,CUST3001,2531.32,Card,Chennai,Mobile,0,0,0,918,1,0
TXN103970,CUST1826,4354.36,Card,Mumbai,Mobile,1,1,1,478,0,0
TXN103971,CUST1786,335.49,NetBanking,Mumbai,Mobile,0,0,1,216,0,0
TXN103972,CUST4702,8369.99,Card,Bangalore,Mobile,0,0,2,414,0,0
TXN103973,CUST3853,2648.7,Card,Jaipur,Mobile,0,0,0,879,0,0
TXN103974,CUST3320,3152.48,Card,Kolkata,Mobile,0,0,0,155,0,0
TXN103975,CUST1000,2425.78,UPI,Delhi,Desktop,0,0,1,1079,0,0
TXN103976,CUST2482,675.76,UPI,Pune,Mobile,0,0,2,331,0,0
TXN103977,CUST4776,2807.37,UPI,Delhi,Mobile,0,0,5,267,0,1
TXN103978,CUST1195,2831.1,Wallet,Pune,Mobile,0,0,0,498,0,0
TXN103979,CUST4522,556.84,Wallet,Kolkata,Desktop,0,0,0,496,0,0
TXN103980,CUST3612,2964.08,Card,Mumbai,Mobile,0,0,2,45,0,0
TXN103981,CUST1258,2760.42,NetBanking,Jaipur,Desktop,0,0,0,720,0,0
TXN103982,CUST3941,3973.16,UPI,Bangalore,Mobile,0,0,0,633,0,0
TXN103983,CUST1440,451.23,UPI,Delhi,Desktop,0,0,1,372,0,0
TXN103984,CUST4170,3041.33,NetBanking,Pune,Desktop,0,1,1,639,0,0
TXN103985,CUST1683,6894.06,NetBanking,Delhi,Mobile,0,0,1,24,0,0
TXN103986,CUST3654,2048.78,Card,Hyderabad,Mobile,0,1,0,976,0,0
TXN103987,CUST4464,4807.65,Card,Jaipur,Desktop,0,0,3,75,0,0
TXN103988,CUST2930,2244.75,Wallet,Bangalore,Mobile,0,0,2,261,1,0
TXN103989,CUST3187,18294.28,Card,Kolkata,Mobile,1,0,0,1233,0,0
TXN103990,CUST1929,5522.2,Card,Jaipur,Mobile,0,0,0,195,0,0
TXN103991,CUST4891,5079.23,NetBanking,Jaipur,Mobile,0,0,0,52,0,0
TXN103992,CUST2483,3470.0,Card,Jaipur,Mobile,0,0,1,352,0,0
TXN103993,CUST1010,1417.74,Wallet,Pune,Mobile,0,0,2,343,1,0
TXN103994,CUST2055,9309.5,Card,Hyderabad,Tablet,1,1,0,691,0,0
TXN103995,CUST2073,8770.99,Card,Pune,Mobile,0,0,0,429,0,0
TXN103996,CUST3387,3810.07,UPI,Delhi,Desktop,0,0,3,121,0,0
TXN103997,CUST3900,3545.36,Card,Bangalore,Mobile,0,0,1,1623,0,0
TXN103998,CUST4923,10550.45,Card,Jaipur,Mobile,0,0,1,320,0,0
TXN103999,CUST4310,3106.02,UPI,Chennai,Mobile,0,1,0,35,0,0
TXN104000,CUST1167,6078.48,Card,Mumbai,Mobile,1,1,0,59,0,1
TXN104001,CUST4497,5934.35,Card,Bangalore,Tablet,0,0,0,513,0,0
TXN104002,CUST2512,7565.5,Card,Kolkata,Mobile,0,0,2,575,0,0
TXN104003,CUST2806,8804.42,Card,Chennai,Mobile,0,1,1,998,0,0
TXN104004,CUST1571,20619.7,UPI,Hyderabad,Mobile,0,0,3,594,0,0
TXN104005,CUST3851,4251.21,UPI,Jaipur,Mobile,0,0,0,140,0,0
TXN104006,CUST4830,5144.2,UPI,Mumbai,Mobile,0,0,1,69,0,0
TXN104007,CUST1629,1304.05,NetBanking,Pune,Desktop,0,0,2,323,0,0
TXN104008,CUST4332,1795.31,UPI,Jaipur,Desktop,0,1,0,159,2,0
TXN104009,CUST4832,36039.47,Card,Mumbai,Desktop,0,0,3,1504,0,1
TXN104010,CUST4073,1554.66,Card,Mumbai,Desktop,0,0,1,549,0,0
TXN104011,CUST2134,2557.3,Card,Hyderabad,Mobile,0,0,2,249,0,0
TXN104012,CUST4147,6748.25,Wallet,Jaipur,Mobile,0,0,2,101,0,0
TXN104013,CUST3207,634.47,Card,Hyderabad,Mobile,1,1,2,615,0,0
TXN104014,CUST1249,15622.83,NetBanking,Bangalore,Mobile,0,0,2,101,0,0
TXN104015,CUST2032,631.15,Card,Kolkata,Mobile,0,1,1,26,1,1
TXN104016,CUST1604,2682.68,UPI,Delhi,Mobile,0,0,0,110,0,0
TXN104017,CUST3768,10590.79,Wallet,Bangalore,Mobile,1,0,1,25,1,1
TXN104018,CUST1783,15916.33,UPI,Pune,Mobile,0,0,0,794,0,0
TXN104019,CUST2695,8213.64,Card,Jaipur,Desktop,0,0,1,294,0,0
TXN104020,CUST4561,3389.26,Wallet,Hyderabad,Mobile,0,0,3,1481,1,0
TXN104021,CUST3529,9838.03,Card,Chennai,Desktop,0,0,0,164,0,0
TXN104022,CUST3973,17481.01,NetBanking,Bangalore,Mobile,0,0,0,2312,0,0
TXN104023,CUST1238,6771.68,Card,Delhi,Mobile,0,0,0,382,0,0
TXN104024,CUST2545,1241.96,Card,Mumbai,Mobile,0,0,2,330,0,0
TXN104025,CUST4647,6379.77,Card,Delhi,Mobile,0,0,0,1164,0,0
TXN104026,CUST2609,3814.01,Wallet,Mumbai,Desktop,0,0,0,192,0,0
TXN104027,CUST4264,2155.21,Card,Delhi,Mobile,0,0,6,497,1,1
TXN104028,CUST2040,7865.81,UPI,Hyderabad,Tablet,0,0,1,705,0,0
TXN104029,CUST1196,7052.41,Card,Delhi,Mobile,0,0,1,85,1,0
TXN104030,CUST4782,1529.95,Card,Hyderabad,Mobile,0,0,0,79,0,0
TXN104031,CUST4735,2920.57,UPI,Delhi,Desktop,0,0,1,144,0,0
TXN104032,CUST4772,4434.31,Card,Chennai,Tablet,0,0,1,115,0,0
TXN104033,CUST1232,10502.51,Card,Chennai,Tablet,0,0,2,88,0,0
TXN104034,CUST1093,1792.98,Card,Delhi,Desktop,0,1,0,611,0,0
TXN104035,CUST1104,6435.2,Card,Kolkata,Mobile,0,0,1,350,0,0
TXN104036,CUST1115,2571.16,UPI,Mumbai,Mobile,0,0,0,42,0,0
TXN104037,CUST2697,11238.41,UPI,Hyderabad,Tablet,1,0,0,57,0,0
TXN104038,CUST3263,2866.8,Wallet,Hyderabad,Mobile,0,0,1,1196,0,0
TXN104039,CUST1419,7075.35,NetBanking,Bangalore,Mobile,0,1,2,307,0,0
TXN104040,CUST4946,496.37,NetBanking,Mumbai,Mobile,0,0,0,206,0,0
TXN104041,CUST4575,1686.74,NetBanking,Delhi,Mobile,0,0,1,277,0,0
TXN104042,CUST4459,2931.89,NetBanking,Mumbai,Mobile,0,0,1,1074,0,0
TXN104043,CUST2666,13777.7,UPI,Delhi,Desktop,0,0,0,157,0,0
TXN104044,CUST2001,3670.32,NetBanking,Kolkata,Desktop,0,0,0,1233,0,0
TXN104045,CUST2291,10632.74,Card,Delhi,Mobile,0,1,2,152,1,0
TXN104046,CUST1981,4430.33,UPI,Bangalore,Mobile,0,0,2,586,0,0
TXN104047,CUST3733,10295.71,UPI,Delhi,Desktop,0,0,2,778,0,0
TXN104048,CUST4664,7724.7,UPI,Delhi,Mobile,0,0,1,162,0,0
TXN104049,CUST4378,1967.43,NetBanking,Bangalore,Mobile,0,0,0,109,0,0
TXN104050,CUST3011,6166.77,UPI,Hyderabad,Mobile,0,0,1,164,0,0
TXN104051,CUST3152,8781.12,NetBanking,Mumbai,Mobile,0,0,1,71,0,0
TXN104052,CUST4355,1475.47,Card,Mumbai,Mobile,0,0,2,1092,0,0
TXN104053,CUST3171,158.17,NetBanking,Hyderabad,Mobile,0,0,0,218,0,0
TXN104054,CUST4524,1953.43,NetBanking,Chennai,Mobile,0,0,0,344,3,1
TXN104055,CUST3272,16123.99,Wallet,Chennai,Tablet,0,0,1,564,0,0
TXN104056,CUST4215,1386.65,Card,Kolkata,Mobile,0,0,1,346,0,0
TXN104057,CUST4541,15228.07,NetBanking,Bangalore,Mobile,0,0,0,481,0,0
TXN104058,CUST1825,961.02,UPI,Mumbai,Mobile,1,0,3,27,0,0
TXN104059,CUST3074,678.35,Card,Hyderabad,Desktop,0,0,0,642,0,0
TXN104060,CUST4507,2657.2,UPI,Jaipur,Desktop,0,0,1,472,0,0
TXN104061,CUST3942,2780.9,UPI,Pune,Desktop,0,0,1,306,0,0
TXN104062,CUST2719,992.89,UPI,Chennai,Mobile,0,0,0,59,0,0
TXN104063,CUST1475,14518.44,Card,Mumbai,Desktop,0,1,1,155,0,0
TXN104064,CUST2240,2175.97,UPI,Chennai,Mobile,0,0,2,73,0,0
TXN104065,CUST1085,15338.31,UPI,Jaipur,Mobile,0,0,0,31,2,0
TXN104066,CUST1076,987.55,UPI,Hyderabad,Tablet,0,0,1,349,0,0
TXN104067,CUST1839,12468.95,UPI,Jaipur,Mobile,1,0,1,8,0,0
TXN104068,CUST2162,1428.09,UPI,Bangalore,Mobile,0,0,2,162,0,0
TXN104069,CUST1879,1223.84,UPI,Chennai,Mobile,0,0,3,111,3,1
TXN104070,CUST1172,5670.6,Card,Chennai,Mobile,1,0,1,34,0,0
TXN104071,CUST1568,13567.8,UPI,Bangalore,Desktop,0,0,0,602,0,0
TXN104072,CUST2088,12955.36,UPI,Bangalore,Mobile,0,0,0,590,0,0
TXN104073,CUST4593,4925.43,UPI,Bangalore,Mobile,0,1,1,390,0,0
TXN104074,CUST4050,11458.07,UPI,Delhi,Mobile,0,1,0,534,0,0
TXN104075,CUST3126,1540.55,UPI,Mumbai,Mobile,0,0,2,425,0,0
TXN104076,CUST4528,6033.47,Wallet,Kolkata,Mobile,0,0,3,419,0,0
TXN104077,CUST4776,5983.93,NetBanking,Delhi,Mobile,0,0,0,311,0,0
TXN104078,CUST1768,3473.61,NetBanking,Bangalore,Desktop,0,0,1,741,0,0
TXN104079,CUST4821,1150.38,UPI,Delhi,Mobile,0,0,0,515,0,0
TXN104080,CUST2853,1533.64,UPI,Hyderabad,Mobile,0,0,0,401,0,0
TXN104081,CUST2398,13544.33,UPI,Pune,Desktop,0,0,1,286,0,0
TXN104082,CUST1146,480.87,Card,Hyderabad,Mobile,0,0,2,10,0,1
TXN104083,CUST3659,3161.33,UPI,Chennai,Mobile,0,0,0,1704,0,0
TXN104084,CUST3317,1004.98,UPI,Mumbai,Mobile,0,0,3,1194,0,0
TXN104085,CUST4540,1418.09,NetBanking,Delhi,Mobile,0,0,1,461,0,0
TXN104086,CUST1587,13653.29,NetBanking,Delhi,Mobile,0,0,1,275,1,0
TXN104087,CUST2707,79313.58,UPI,Hyderabad,Desktop,0,0,0,333,0,0
TXN104088,CUST4063,5310.2,NetBanking,Chennai,Tablet,0,0,3,226,0,0
TXN104089,CUST1849,5363.76,Wallet,Mumbai,Mobile,0,0,1,425,1,0
TXN104090,CUST1773,5980.04,UPI,Chennai,Mobile,1,1,0,54,0,0
TXN104091,CUST1439,2184.51,Card,Bangalore,Mobile,1,0,1,23,0,1
TXN104092,CUST2286,987.89,Wallet,Pune,Mobile,0,0,2,101,0,0
TXN104093,CUST2647,2648.79,Card,Pune,Desktop,0,0,0,401,0,0
TXN104094,CUST3439,1959.62,UPI,Bangalore,Desktop,1,0,2,213,3,1
TXN104095,CUST1855,937.12,UPI,Hyderabad,Tablet,0,0,2,297,0,0
TXN104096,CUST4350,9541.45,UPI,Mumbai,Mobile,0,0,3,917,0,0
TXN104097,CUST4389,1423.16,UPI,Jaipur,Desktop,0,0,2,928,0,1
TXN104098,CUST2330,4333.47,NetBanking,Kolkata,Mobile,0,0,1,325,0,0
TXN104099,CUST2146,2341.94,UPI,Jaipur,Mobile,1,1,2,44,0,1
TXN104100,CUST3048,1431.12,NetBanking,Delhi,Desktop,0,0,2,120,0,0
TXN104101,CUST3276,15156.19,Card,Chennai,Desktop,0,0,1,195,0,0
TXN104102,CUST3542,10578.45,UPI,Kolkata,Desktop,0,0,2,91,0,0
TXN104103,CUST2612,23848.13,NetBanking,Chennai,Mobile,0,0,0,573,0,0
TXN104104,CUST3458,3357.22,Card,Chennai,Desktop,1,0,1,520,2,1
TXN104105,CUST2899,1532.62,Wallet,Pune,Desktop,0,0,0,110,0,0
TXN104106,CUST2879,1088.45,UPI,Jaipur,Mobile,0,0,2,83,0,0
TXN104107,CUST4268,2027.62,Card,Chennai,Desktop,0,0,3,313,0,0
TXN104108,CUST2564,1780.98,Card,Bangalore,Mobile,0,0,2,139,0,0
TXN104109,CUST3686,5808.47,UPI,Delhi,Desktop,0,0,1,568,0,0
TXN104110,CUST1041,350.37,UPI,Chennai,Mobile,0,0,1,476,0,0
TXN104111,CUST1760,1606.77,Card,Kolkata,Tablet,1,0,1,66,0,0
TXN104112,CUST2592,6652.06,Card,Delhi,Mobile,0,0,1,370,0,0
TXN104113,CUST2094,4584.98,Card,Pune,Desktop,0,0,1,204,0,0
TXN104114,CUST1324,4684.57,UPI,Hyderabad,Mobile,0,0,1,25,0,0
TXN104115,CUST1040,10404.03,UPI,Delhi,Mobile,0,0,3,183,0,0
TXN104116,CUST3816,3638.32,Card,Jaipur,Mobile,0,0,1,742,1,0
TXN104117,CUST3625,3245.78,NetBanking,Mumbai,Mobile,0,0,1,88,0,0
TXN104118,CUST1002,1971.39,UPI,Delhi,Desktop,0,0,1,260,0,0
TXN104119,CUST4343,1437.6,Card,Hyderabad,Mobile,0,0,1,535,0,0
TXN104120,CUST1681,6813.42,UPI,Hyderabad,Mobile,0,0,2,344,0,0
TXN104121,CUST2258,3971.32,Card,Delhi,Desktop,0,0,0,462,0,0
TXN104122,CUST2184,3068.0,UPI,Bangalore,Mobile,0,0,0,197,0,0
TXN104123,CUST4100,1056.32,UPI,Bangalore,Desktop,0,0,1,106,0,0
TXN104124,CUST3172,2985.06,UPI,Bangalore,Mobile,0,0,0,400,0,0
TXN104125,CUST1380,7793.99,NetBanking,Kolkata,Desktop,0,0,1,1147,0,0
TXN104126,CUST2066,618.03,UPI,Hyderabad,Mobile,0,0,1,333,0,0
TXN104127,CUST1542,6189.69,NetBanking,Bangalore,Mobile,0,0,1,41,0,0
TXN104128,CUST1660,6437.55,Card,Chennai,Mobile,0,0,0,871,0,0
TXN104129,CUST3412,1277.46,UPI,Jaipur,Mobile,0,1,0,947,1,0
TXN104130,CUST1692,1472.46,UPI,Bangalore,Mobile,0,0,1,444,0,0
TXN104131,CUST2765,2744.74,Wallet,Pune,Desktop,0,0,0,1364,0,0
TXN104132,CUST2727,2738.44,Card,Hyderabad,Mobile,0,0,2,28,0,0
TXN104133,CUST4076,4298.72,UPI,Pune,Mobile,0,0,3,321,0,0
TXN104134,CUST2444,5646.24,UPI,Delhi,Desktop,0,0,2,254,0,0
TXN104135,CUST1094,1544.5,Card,Jaipur,Mobile,0,1,3,302,0,0
TXN104136,CUST4444,504.56,Wallet,Kolkata,Tablet,0,0,1,337,0,0
TXN104137,CUST2145,696.59,UPI,Chennai,Mobile,0,0,1,193,0,0
TXN104138,CUST3112,4714.07,UPI,Kolkata,Desktop,0,0,1,207,0,0
TXN104139,CUST1938,15978.48,UPI,Chennai,Mobile,0,0,2,61,0,0
TXN104140,CUST4700,3593.63,Card,Bangalore,Desktop,0,0,1,291,0,0
TXN104141,CUST4444,780.79,UPI,Mumbai,Mobile,0,0,1,856,0,0
TXN104142,CUST3248,1160.18,Card,Delhi,Mobile,0,0,0,3,0,0
TXN104143,CUST2041,16591.92,NetBanking,Chennai,Mobile,0,0,3,1,0,0
TXN104144,CUST3491,5562.39,Card,Mumbai,Mobile,0,1,1,115,0,0
TXN104145,CUST4660,1376.93,Card,Kolkata,Mobile,0,0,0,598,0,0
TXN104146,CUST2898,3229.6,NetBanking,Pune,Desktop,0,0,3,358,0,0
TXN104147,CUST4828,4495.65,Card,Mumbai,Mobile,0,0,4,34,0,0
TXN104148,CUST3699,2317.21,UPI,Hyderabad,Mobile,0,0,1,301,0,0
TXN104149,CUST2926,980.11,UPI,Hyderabad,Desktop,0,0,0,1238,3,1
TXN104150,CUST4890,2127.33,Card,Mumbai,Mobile,0,0,0,892,0,0
TXN104151,CUST3643,1559.48,UPI,Chennai,Mobile,0,0,2,370,2,0
TXN104152,CUST3399,742.34,UPI,Mumbai,Mobile,0,0,4,542,0,0
TXN104153,CUST2937,8855.42,Card,Jaipur,Mobile,0,0,0,82,0,0
TXN104154,CUST2776,2523.67,Card,Bangalore,Tablet,0,0,3,315,0,0
TXN104155,CUST4951,601.66,NetBanking,Hyderabad,Mobile,0,0,0,3,0,0
TXN104156,CUST1821,19903.23,Card,Kolkata,Mobile,0,1,4,26,0,0
TXN104157,CUST3617,8266.88,Card,Kolkata,Mobile,0,0,4,294,0,0
TXN104158,CUST2124,2739.37,Card,Pune,Tablet,0,0,0,104,0,0
TXN104159,CUST4266,1404.12,Card,Mumbai,Desktop,1,1,2,1,0,1
TXN104160,CUST2979,2779.2,Wallet,Delhi,Desktop,0,0,1,38,0,0
TXN104161,CUST3490,488.9,UPI,Hyderabad,Mobile,0,0,1,93,0,0
TXN104162,CUST4931,2501.88,Card,Jaipur,Mobile,1,1,1,157,0,1
TXN104163,CUST1026,17034.41,Card,Delhi,Mobile,0,0,4,875,0,1
TXN104164,CUST3381,2395.25,UPI,Chennai,Desktop,0,0,2,141,0,0
TXN104165,CUST2984,4414.62,Card,Chennai,Mobile,1,0,0,367,0,0
TXN104166,CUST2037,2985.57,Card,Hyderabad,Mobile,0,0,0,62,0,0
TXN104167,CUST3808,1164.57,UPI,Delhi,Tablet,0,0,3,133,2,0
TXN104168,CUST4081,2953.35,Card,Chennai,Mobile,0,0,2,439,0,0
TXN104169,CUST2289,5253.22,UPI,Hyderabad,Mobile,0,0,1,129,0,0
TXN104170,CUST4908,21182.98,Card,Delhi,Mobile,0,0,2,277,2,1
TXN104171,CUST3980,2219.24,Wallet,Bangalore,Desktop,0,0,4,274,0,0
TXN104172,CUST1084,35020.37,Card,Pune,Desktop,0,0,1,33,0,0
TXN104173,CUST1515,2458.8,UPI,Delhi,Desktop,0,0,0,244,1,0
TXN104174,CUST2685,1357.22,NetBanking,Kolkata,Mobile,0,0,1,653,0,0
TXN104175,CUST2028,4549.07,Card,Mumbai,Mobile,0,0,0,141,0,0
TXN104176,CUST1189,5710.65,UPI,Pune,Desktop,0,0,3,234,0,0
TXN104177,CUST4521,4655.6,Card,Kolkata,Tablet,0,1,0,346,0,0
TXN104178,CUST4583,3893.52,Wallet,Bangalore,Tablet,0,0,0,39,3,1
TXN104179,CUST4177,4375.83,UPI,Bangalore,Mobile,0,0,1,923,1,0
TXN104180,CUST2564,1861.82,UPI,Hyderabad,Mobile,0,1,0,1239,1,0
TXN104181,CUST3487,7098.99,UPI,Bangalore,Desktop,0,0,1,914,0,0
TXN104182,CUST2452,3005.92,Card,Bangalore,Tablet,0,0,0,220,0,0
TXN104183,CUST3516,1994.16,Card,Mumbai,Tablet,0,0,1,335,0,0
TXN104184,CUST1462,2986.69,UPI,Hyderabad,Mobile,0,0,0,215,0,0
TXN104185,CUST2149,2883.9,Wallet,Jaipur,Mobile,0,0,2,231,0,0
TXN104186,CUST2163,4011.37,UPI,Mumbai,Mobile,0,0,3,31,1,1
TXN104187,CUST2055,2025.71,Card,Pune,Mobile,0,0,0,255,0,0
TXN104188,CUST3954,4139.71,Card,Bangalore,Mobile,1,1,2,57,0,1
TXN104189,CUST4852,7651.56,Card,Jaipur,Mobile,0,0,1,813,0,0
TXN104190,CUST4244,1168.81,Card,Pune,Mobile,0,0,2,203,0,0
TXN104191,CUST2298,2713.04,UPI,Delhi,Desktop,0,0,2,67,0,0
TXN104192,CUST2660,13598.83,Wallet,Pune,Mobile,0,0,5,225,0,0
TXN104193,CUST4461,33595.44,Card,Kolkata,Mobile,1,0,2,831,0,0
TXN104194,CUST3639,4355.86,UPI,Chennai,Tablet,0,0,0,172,1,0
TXN104195,CUST1750,10777.35,UPI,Mumbai,Mobile,0,0,0,224,0,0
TXN104196,CUST4055,529.47,Card,Chennai,Mobile,0,0,1,513,0,0
TXN104197,CUST2138,12831.73,UPI,Delhi,Tablet,0,0,1,242,0,0
TXN104198,CUST4430,6526.37,Wallet,Jaipur,Mobile,0,0,0,406,0,1
TXN104199,CUST1318,9541.59,Card,Jaipur,Tablet,0,0,1,281,0,0
TXN104200,CUST1026,1290.21,UPI,Jaipur,Desktop,0,0,2,180,0,0
TXN104201,CUST2897,13310.26,Card,Delhi,Mobile,0,0,3,498,0,0
TXN104202,CUST1147,1578.85,NetBanking,Hyderabad,Mobile,0,0,3,291,0,1
TXN104203,CUST1331,1805.1,NetBanking,Chennai,Mobile,0,0,0,267,0,0
TXN104204,CUST2356,6222.3,Card,Pune,Desktop,1,1,2,150,0,0
TXN104205,CUST1777,94810.19,UPI,Pune,Mobile,0,1,1,418,0,0
TXN104206,CUST2626,339.15,Card,Chennai,Desktop,0,0,0,870,1,1
TXN104207,CUST1577,2984.09,UPI,Hyderabad,Desktop,0,0,1,250,0,0
TXN104208,CUST2929,4349.88,Card,Pune,Mobile,0,0,0,21,1,0
TXN104209,CUST3274,7677.92,Wallet,Bangalore,Desktop,0,0,1,287,0,0
TXN104210,CUST3989,1509.23,Wallet,Delhi,Mobile,0,0,1,247,0,1
TXN104211,CUST3027,6251.8,Card,Bangalore,Mobile,0,0,1,119,0,0
TXN104212,CUST3461,6223.71,Card,Mumbai,Mobile,0,0,0,954,1,0
TXN104213,CUST4121,4921.92,Card,Mumbai,Mobile,0,0,0,1027,0,0
TXN104214,CUST2035,19293.04,Card,Bangalore,Mobile,0,0,0,15,0,0
TXN104215,CUST3838,3282.61,Card,Hyderabad,Desktop,0,0,1,770,3,1
TXN104216,CUST3635,3878.07,Card,Mumbai,Tablet,0,0,0,409,0,0
TXN104217,CUST3062,13020.42,UPI,Bangalore,Mobile,0,0,1,236,0,0
TXN104218,CUST1608,6995.27,NetBanking,Pune,Desktop,0,1,1,15,0,0
TXN104219,CUST4778,4725.23,NetBanking,Jaipur,Mobile,1,0,2,4,0,0
TXN104220,CUST2358,72213.17,UPI,Hyderabad,Desktop,0,0,1,810,0,0
TXN104221,CUST4268,4503.34,UPI,Chennai,Tablet,0,0,1,273,0,0
TXN104222,CUST2650,779.29,Wallet,Bangalore,Mobile,0,0,2,74,0,0
TXN104223,CUST3867,4770.06,UPI,Hyderabad,Desktop,0,0,1,784,0,0
TXN104224,CUST2921,25969.95,Card,Mumbai,Desktop,0,0,0,166,0,0
TXN104225,CUST2801,3597.66,UPI,Bangalore,Mobile,0,0,1,287,0,0
TXN104226,CUST1485,6829.76,Card,Mumbai,Mobile,0,0,2,94,0,0
TXN104227,CUST4634,6081.51,NetBanking,Chennai,Desktop,0,0,1,894,0,0
TXN104228,CUST1328,1319.64,UPI,Pune,Mobile,0,0,1,407,0,0
TXN104229,CUST3558,4442.19,Wallet,Jaipur,Desktop,1,1,1,118,2,0
TXN104230,CUST1593,3198.47,Card,Kolkata,Mobile,0,0,2,4,0,0
TXN104231,CUST4392,1390.35,NetBanking,Chennai,Desktop,0,0,4,158,0,0
TXN104232,CUST2762,3857.19,NetBanking,Chennai,Mobile,0,0,2,768,0,0
TXN104233,CUST1722,6028.78,Card,Kolkata,Desktop,0,0,0,672,0,0
TXN104234,CUST2468,24560.14,UPI,Kolkata,Mobile,0,1,1,389,1,0
TXN104235,CUST2096,1643.51,UPI,Mumbai,Desktop,0,0,1,239,0,0
TXN104236,CUST2683,2292.4,NetBanking,Pune,Tablet,0,0,2,517,0,0
TXN104237,CUST3405,7889.31,NetBanking,Bangalore,Desktop,0,0,1,389,0,0
TXN104238,CUST3530,3106.23,Card,Delhi,Desktop,0,0,1,324,0,0
TXN104239,CUST2441,7115.39,Card,Pune,Mobile,0,0,3,200,1,0
TXN104240,CUST4999,41920.54,NetBanking,Pune,Mobile,0,0,1,278,0,0
TXN104241,CUST1393,8171.14,NetBanking,Mumbai,Desktop,0,0,0,598,0,0
TXN104242,CUST2077,8481.85,Card,Jaipur,Mobile,0,0,0,588,0,0
TXN104243,CUST4947,1037.64,UPI,Chennai,Mobile,0,0,1,147,0,0
TXN104244,CUST3917,1766.04,Card,Mumbai,Desktop,0,0,1,156,1,0
TXN104245,CUST3129,85697.4,Card,Jaipur,Mobile,1,0,1,188,0,0
TXN104246,CUST4702,9505.79,UPI,Delhi,Desktop,0,0,0,139,1,0
TXN104247,CUST4123,2661.46,NetBanking,Hyderabad,Mobile,0,0,0,153,0,0
TXN104248,CUST2199,18098.98,Card,Hyderabad,Desktop,1,0,0,52,0,0
TXN104249,CUST1413,5973.25,Card,Kolkata,Mobile,1,1,5,21,0,0
TXN104250,CUST4454,8903.12,UPI,Delhi,Desktop,0,0,0,587,0,0
TXN104251,CUST2730,1872.49,UPI,Mumbai,Desktop,0,0,1,327,2,1
TXN104252,CUST1211,16742.51,Card,Mumbai,Desktop,0,1,2,266,0,1
TXN104253,CUST4341,1439.0,NetBanking,Jaipur,Mobile,0,0,0,226,0,0
TXN104254,CUST2134,1005.62,UPI,Bangalore,Mobile,0,0,2,208,0,0
TXN104255,CUST3883,2245.86,UPI,Pune,Mobile,1,0,4,23,3,1
TXN104256,CUST2001,1622.82,UPI,Jaipur,Tablet,0,0,1,299,0,0
TXN104257,CUST4162,3146.71,Card,Hyderabad,Tablet,0,1,1,519,0,0
TXN104258,CUST4381,1547.14,NetBanking,Mumbai,Desktop,0,0,1,705,0,1
TXN104259,CUST2441,5907.76,Card,Jaipur,Desktop,0,0,1,212,0,0
TXN104260,CUST2051,13504.42,UPI,Chennai,Mobile,1,1,3,753,0,0
TXN104261,CUST3283,1337.09,Card,Pune,Mobile,0,0,1,321,0,0
TXN104262,CUST2133,2684.48,Card,Jaipur,Desktop,0,1,0,644,0,0
TXN104263,CUST1437,10690.27,UPI,Pune,Mobile,1,0,2,23,0,1
TXN104264,CUST3811,1055.03,UPI,Chennai,Mobile,1,1,3,40,0,1
TXN104265,CUST3770,15683.81,Card,Delhi,Mobile,0,0,1,304,0,0
TXN104266,CUST4929,2465.72,NetBanking,Kolkata,Mobile,0,0,4,360,0,0
TXN104267,CUST1549,10676.78,Card,Jaipur,Mobile,0,0,2,979,0,0
TXN104268,CUST4434,924.33,Card,Mumbai,Mobile,0,0,0,120,0,0
TXN104269,CUST2633,5634.53,Card,Jaipur,Mobile,0,0,2,147,1,0
TXN104270,CUST1386,3219.68,UPI,Kolkata,Desktop,0,0,0,320,0,0
TXN104271,CUST2975,10930.98,Card,Kolkata,Mobile,0,0,2,39,1,1
TXN104272,CUST2684,2425.25,Wallet,Mumbai,Mobile,1,1,2,260,0,0
TXN104273,CUST1834,9083.42,NetBanking,Pune,Mobile,0,0,2,75,0,0
TXN104274,CUST4399,5854.05,NetBanking,Hyderabad,Mobile,0,0,2,736,0,0
TXN104275,CUST1629,5546.64,Wallet,Pune,Mobile,0,0,3,881,0,0
TXN104276,CUST3852,1629.43,Card,Bangalore,Tablet,0,0,2,557,0,0
TXN104277,CUST4735,1871.16,Card,Delhi,Mobile,0,1,0,219,0,0
TXN104278,CUST4946,3549.33,Card,Chennai,Mobile,0,0,2,158,0,0
TXN104279,CUST2953,2437.88,UPI,Chennai,Mobile,0,1,5,759,0,0
TXN104280,CUST4276,5965.39,Card,Mumbai,Mobile,0,0,1,796,0,0
TXN104281,CUST1311,6841.78,UPI,Pune,Tablet,0,0,1,164,0,0
TXN104282,CUST3138,49515.88,Card,Kolkata,Desktop,0,0,2,483,0,0
TXN104283,CUST2809,6947.21,Card,Bangalore,Desktop,0,0,4,347,0,0
TXN104284,CUST1297,15802.52,Card,Mumbai,Mobile,0,0,1,253,0,0
TXN104285,CUST2254,2536.9,Card,Bangalore,Tablet,0,0,0,1133,0,1
TXN104286,CUST2252,7912.98,Card,Kolkata,Mobile,0,0,1,70,0,0
TXN104287,CUST4532,1933.62,UPI,Kolkata,Mobile,0,0,1,169,1,0
TXN104288,CUST1729,970.77,Card,Kolkata,Mobile,0,0,0,604,0,0
TXN104289,CUST4541,10561.16,Wallet,Kolkata,Mobile,0,0,1,115,0,0
TXN104290,CUST1795,860.22,Wallet,Jaipur,Mobile,0,0,0,354,2,0
TXN104291,CUST3910,15450.22,Wallet,Delhi,Mobile,0,0,2,888,0,0
TXN104292,CUST1942,5089.7,Card,Kolkata,Desktop,0,0,1,129,0,0
TXN104293,CUST2925,7468.12,Card,Bangalore,Mobile,0,0,0,269,0,0
TXN104294,CUST4026,492.48,NetBanking,Delhi,Desktop,0,0,1,1019,0,0
TXN104295,CUST4830,6362.6,UPI,Pune,Mobile,0,0,1,513,0,0
TXN104296,CUST2071,6811.62,UPI,Kolkata,Desktop,0,0,0,172,0,0
TXN104297,CUST4622,16160.01,Card,Bangalore,Mobile,0,0,3,29,0,1
TXN104298,CUST4132,1103.45,Card,Kolkata,Mobile,0,0,1,365,0,0
TXN104299,CUST1259,2809.23,Card,Bangalore,Desktop,0,0,0,360,0,0
TXN104300,CUST3949,2906.26,Card,Delhi,Mobile,0,1,2,558,3,0
TXN104301,CUST3983,3962.84,UPI,Pune,Desktop,0,0,2,352,0,0
TXN104302,CUST4546,1398.27,Wallet,Jaipur,Mobile,0,0,0,176,0,0
TXN104303,CUST2310,1654.14,UPI,Pune,Mobile,0,0,0,1579,0,0
TXN104304,CUST4356,1367.67,NetBanking,Chennai,Desktop,0,0,0,630,2,0
TXN104305,CUST3430,1407.24,UPI,Jaipur,Mobile,0,0,2,722,0,0
TXN104306,CUST4002,1687.89,UPI,Kolkata,Mobile,1,0,1,363,0,0
TXN104307,CUST2747,3037.63,Card,Jaipur,Mobile,0,0,0,243,0,1
TXN104308,CUST3566,418.81,NetBanking,Jaipur,Desktop,1,0,0,283,0,0
TXN104309,CUST4612,264.72,Card,Jaipur,Desktop,0,0,0,619,0,1
TXN104310,CUST2625,7353.4,UPI,Hyderabad,Mobile,0,0,1,130,0,0
TXN104311,CUST2636,1785.34,Card,Bangalore,Desktop,0,0,1,342,0,0
TXN104312,CUST1139,16937.82,Card,Kolkata,Desktop,1,0,1,345,1,0
TXN104313,CUST4704,13954.11,Card,Pune,Mobile,0,0,1,1125,0,0
TXN104314,CUST4144,5722.64,Card,Hyderabad,Mobile,0,0,4,312,0,0
TXN104315,CUST2345,552.46,UPI,Chennai,Mobile,0,0,0,85,0,0
TXN104316,CUST1426,2688.45,Card,Bangalore,Mobile,0,1,0,135,0,1
TXN104317,CUST2454,8122.96,NetBanking,Bangalore,Desktop,0,0,0,493,0,0
TXN104318,CUST1033,5419.07,Wallet,Delhi,Mobile,1,0,1,546,0,0
TXN104319,CUST1511,21081.56,UPI,Chennai,Mobile,0,0,0,547,0,0
TXN104320,CUST4227,2546.76,UPI,Delhi,Mobile,0,0,3,242,0,1
TXN104321,CUST2655,2850.59,Card,Pune,Desktop,0,0,0,833,0,0
TXN104322,CUST3942,699.9,UPI,Jaipur,Desktop,0,0,1,356,0,0
TXN104323,CUST1100,1327.81,Card,Delhi,Mobile,0,1,1,495,0,0
TXN104324,CUST1260,4520.38,Wallet,Delhi,Tablet,0,0,0,180,1,0
TXN104325,CUST1303,7873.36,UPI,Pune,Mobile,0,0,3,225,0,0
TXN104326,CUST4370,22428.18,NetBanking,Hyderabad,Mobile,0,0,2,130,0,0
TXN104327,CUST1176,758.39,Wallet,Kolkata,Mobile,0,1,0,94,0,0
TXN104328,CUST3044,5782.4,UPI,Bangalore,Mobile,0,0,0,222,0,0
TXN104329,CUST3266,5234.13,UPI,Pune,Mobile,0,0,3,423,0,0
TXN104330,CUST3100,1622.14,Wallet,Kolkata,Mobile,0,0,0,577,0,0
TXN104331,CUST4546,20792.55,NetBanking,Mumbai,Mobile,0,0,1,378,0,0
TXN104332,CUST4189,49252.43,NetBanking,Kolkata,Desktop,1,0,3,69,0,1
TXN104333,CUST3243,866.13,UPI,Bangalore,Mobile,0,0,1,200,0,0
TXN104334,CUST2773,1032.06,Card,Delhi,Desktop,0,0,3,524,0,0
TXN104335,CUST1368,4004.91,Card,Delhi,Tablet,0,0,2,197,0,0
TXN104336,CUST4833,1564.64,UPI,Kolkata,Mobile,0,0,0,391,0,0
TXN104337,CUST1609,2145.44,Card,Chennai,Mobile,1,0,1,409,0,0
TXN104338,CUST2565,8517.56,Card,Bangalore,Mobile,0,0,0,121,3,0
TXN104339,CUST3563,9351.86,Card,Kolkata,Desktop,0,0,2,33,0,0
TXN104340,CUST4842,502.8,UPI,Chennai,Mobile,0,0,3,156,0,0
TXN104341,CUST2786,2864.21,UPI,Hyderabad,Mobile,0,0,1,1193,0,0
TXN104342,CUST1623,1889.55,Card,Jaipur,Mobile,0,0,0,34,1,0
TXN104343,CUST1076,1943.26,UPI,Hyderabad,Mobile,0,0,0,162,0,0
TXN104344,CUST1534,2555.58,Wallet,Bangalore,Mobile,0,0,0,1379,1,1
TXN104345,CUST3540,3032.05,NetBanking,Pune,Desktop,0,0,1,189,0,0
TXN104346,CUST1443,1797.34,Card,Mumbai,Mobile,1,0,1,573,0,0
TXN104347,CUST1406,8913.81,UPI,Pune,Mobile,0,0,4,399,0,0
TXN104348,CUST3817,3766.87,UPI,Hyderabad,Mobile,0,0,0,71,0,0
TXN104349,CUST1646,3233.34,UPI,Mumbai,Desktop,0,0,0,233,0,0
TXN104350,CUST1001,5213.61,Card,Kolkata,Mobile,0,0,3,202,0,0
TXN104351,CUST1169,1919.58,UPI,Hyderabad,Mobile,0,1,0,52,0,0
TXN104352,CUST4260,1336.45,Card,Jaipur,Mobile,1,0,0,49,1,1
TXN104353,CUST2706,3908.53,UPI,Jaipur,Desktop,1,1,3,1217,1,0
TXN104354,CUST4573,6035.24,UPI,Pune,Desktop,0,0,1,1198,1,0
TXN104355,CUST3704,1396.48,UPI,Hyderabad,Mobile,0,0,0,97,0,0
TXN104356,CUST1823,1858.27,NetBanking,Bangalore,Mobile,0,0,1,250,0,0
TXN104357,CUST3238,18937.71,UPI,Delhi,Mobile,0,0,0,42,0,0
TXN104358,CUST1209,4999.52,Card,Pune,Mobile,0,0,0,315,0,0
TXN104359,CUST1920,2267.72,Card,Hyderabad,Tablet,0,0,0,320,3,1
TXN104360,CUST1834,9362.66,NetBanking,Chennai,Desktop,0,0,1,129,1,0
TXN104361,CUST2557,7439.15,Card,Chennai,Mobile,0,0,1,4,0,0
TXN104362,CUST4312,9476.55,Card,Delhi,Mobile,0,0,3,63,0,0
TXN104363,CUST1034,8861.27,UPI,Mumbai,Mobile,0,0,0,204,0,0
TXN104364,CUST4936,4533.27,Card,Delhi,Desktop,0,0,1,142,0,0
TXN104365,CUST4865,130.25,Card,Delhi,Tablet,0,0,1,175,0,0
TXN104366,CUST1767,3775.69,NetBanking,Pune,Desktop,0,0,3,1031,0,0
TXN104367,CUST1136,2892.44,UPI,Chennai,Tablet,0,0,3,290,0,0
TXN104368,CUST3243,1581.05,NetBanking,Pune,Mobile,0,0,1,335,0,0
TXN104369,CUST1611,22256.35,UPI,Chennai,Mobile,0,0,2,130,1,0
TXN104370,CUST3605,531.23,UPI,Pune,Tablet,0,0,1,5,0,0
TXN104371,CUST4239,6120.01,UPI,Chennai,Mobile,0,0,3,120,0,0
TXN104372,CUST2228,683.48,UPI,Delhi,Mobile,0,0,2,185,0,0
TXN104373,CUST2148,2078.6,NetBanking,Hyderabad,Mobile,0,0,2,10,0,1
TXN104374,CUST3438,5721.07,UPI,Bangalore,Mobile,0,0,0,300,0,0
TXN104375,CUST3223,2363.65,Wallet,Mumbai,Desktop,0,0,1,425,1,0
TXN104376,CUST2070,3513.96,UPI,Kolkata,Desktop,0,0,1,130,0,1
TXN104377,CUST2751,11159.1,UPI,Bangalore,Mobile,0,0,1,1,0,0
TXN104378,CUST1989,7268.49,NetBanking,Bangalore,Desktop,0,0,0,254,0,0
TXN104379,CUST2883,10696.43,NetBanking,Chennai,Mobile,0,0,3,74,0,0
TXN104380,CUST2210,771.09,UPI,Pune,Desktop,1,1,0,8,2,1
TXN104381,CUST4514,636.57,Card,Bangalore,Tablet,0,0,3,193,0,0
TXN104382,CUST4139,6135.95,UPI,Mumbai,Mobile,0,0,2,1211,0,0
TXN104383,CUST1052,3872.22,Wallet,Kolkata,Mobile,1,0,0,20,0,1
TXN104384,CUST1027,4328.12,Card,Mumbai,Mobile,0,0,1,87,0,0
TXN104385,CUST3246,4862.12,Card,Chennai,Mobile,0,0,1,486,0,0
TXN104386,CUST1444,4370.08,UPI,Pune,Tablet,0,0,1,277,0,0
TXN104387,CUST2450,4930.67,UPI,Jaipur,Tablet,0,0,2,147,0,1
TXN104388,CUST3030,2607.29,Card,Mumbai,Desktop,0,0,4,362,1,0
TXN104389,CUST4823,3992.59,Wallet,Delhi,Mobile,1,1,2,178,0,1
TXN104390,CUST1397,2234.69,Card,Kolkata,Mobile,1,0,0,564,0,0
TXN104391,CUST3492,18404.28,Wallet,Bangalore,Desktop,1,0,3,823,0,1
TXN104392,CUST4364,438.8,Wallet,Jaipur,Mobile,0,0,0,295,0,0
TXN104393,CUST3460,279.1,Card,Pune,Mobile,0,1,2,758,0,0
TXN104394,CUST1019,2004.86,Wallet,Jaipur,Mobile,0,0,0,595,0,0
TXN104395,CUST1368,4962.37,UPI,Chennai,Mobile,0,0,3,174,0,0
TXN104396,CUST4440,7145.97,UPI,Chennai,Mobile,0,0,2,898,0,0
TXN104397,CUST3170,8260.05,Card,Pune,Mobile,0,0,0,17,0,0
TXN104398,CUST3897,3763.37,UPI,Pune,Desktop,0,0,0,67,2,0
TXN104399,CUST3307,27228.33,Wallet,Hyderabad,Mobile,0,0,2,685,0,0
TXN104400,CUST3624,20220.99,UPI,Bangalore,Mobile,0,0,0,469,0,0
TXN104401,CUST3234,2959.55,UPI,Pune,Mobile,0,0,2,144,0,0
TXN104402,CUST2752,1565.96,UPI,Hyderabad,Desktop,0,0,0,563,0,0
TXN104403,CUST1516,5992.3,UPI,Pune,Mobile,0,0,2,1301,0,0
TXN104404,CUST3155,1985.5,UPI,Kolkata,Mobile,0,0,4,241,0,1
TXN104405,CUST3753,3490.75,Card,Bangalore,Mobile,0,1,1,109,0,1
TXN104406,CUST1481,3287.85,UPI,Bangalore,Desktop,0,0,0,807,1,0
TXN104407,CUST1168,4367.39,UPI,Kolkata,Desktop,0,0,1,144,0,0
TXN104408,CUST3193,8051.88,Card,Chennai,Mobile,1,0,0,1368,2,1
TXN104409,CUST1044,4515.31,UPI,Jaipur,Tablet,0,0,1,200,0,0
TXN104410,CUST1664,3232.13,Card,Bangalore,Mobile,1,0,2,1426,0,0
TXN104411,CUST3408,720.99,NetBanking,Mumbai,Mobile,0,0,1,819,0,0
TXN104412,CUST4683,19730.26,Card,Bangalore,Mobile,1,0,0,19,0,0
TXN104413,CUST3975,16731.1,Card,Delhi,Mobile,1,1,0,862,0,0
TXN104414,CUST4396,5161.71,Card,Pune,Mobile,0,0,1,1497,0,0
TXN104415,CUST1408,2582.98,Card,Jaipur,Mobile,1,0,0,34,3,1
TXN104416,CUST2425,1686.13,Card,Delhi,Mobile,0,0,0,356,0,0
TXN104417,CUST3865,6622.62,Wallet,Chennai,Mobile,0,0,1,15,0,0
TXN104418,CUST4693,1232.86,UPI,Hyderabad,Mobile,0,1,1,760,0,0
TXN104419,CUST4932,2999.13,Card,Kolkata,Mobile,0,1,1,465,0,0
TXN104420,CUST4922,8446.31,Card,Mumbai,Desktop,0,0,0,472,0,0
TXN104421,CUST3824,2490.2,UPI,Chennai,Desktop,0,1,0,107,0,1
TXN104422,CUST2013,2774.69,NetBanking,Pune,Mobile,0,0,3,1,0,0
TXN104423,CUST2178,2954.6,UPI,Bangalore,Mobile,0,0,0,159,0,0
TXN104424,CUST3562,3616.19,NetBanking,Delhi,Mobile,0,0,1,120,0,0
TXN104425,CUST1088,16538.32,NetBanking,Hyderabad,Mobile,1,0,2,1514,0,0
TXN104426,CUST3177,1391.3,Card,Chennai,Mobile,0,0,0,979,0,0
TXN104427,CUST4676,6100.42,UPI,Mumbai,Desktop,0,0,0,294,1,0
TXN104428,CUST3042,2001.47,Card,Jaipur,Mobile,0,0,0,693,0,0
TXN104429,CUST4390,6790.52,UPI,Jaipur,Mobile,0,0,1,340,0,0
TXN104430,CUST1537,1297.71,UPI,Hyderabad,Mobile,0,0,0,214,0,0
TXN104431,CUST4468,885.9,Wallet,Delhi,Mobile,0,0,2,122,1,0
TXN104432,CUST3117,24623.4,Card,Jaipur,Mobile,0,0,1,45,0,0
TXN104433,CUST2197,2023.39,Card,Chennai,Desktop,1,0,4,252,0,0
TXN104434,CUST1767,3116.05,Card,Hyderabad,Mobile,0,0,1,486,1,0
TXN104435,CUST3804,1316.96,Card,Pune,Mobile,1,1,4,70,0,1
TXN104436,CUST2032,1540.67,Card,Mumbai,Mobile,1,0,1,607,1,0
TXN104437,CUST4893,3064.03,Card,Bangalore,Desktop,0,0,1,24,0,0
TXN104438,CUST4263,895.01,UPI,Delhi,Mobile,0,0,1,196,0,0
TXN104439,CUST1760,1368.07,UPI,Hyderabad,Tablet,1,1,2,15,0,0
TXN104440,CUST2370,2216.9,Card,Delhi,Mobile,0,0,3,19,0,0
TXN104441,CUST1457,1937.4,UPI,Kolkata,Desktop,0,0,4,78,0,0
TXN104442,CUST4663,2686.75,NetBanking,Mumbai,Mobile,0,0,1,97,0,0
TXN104443,CUST1495,2388.86,UPI,Chennai,Desktop,0,0,3,870,0,0
TXN104444,CUST1495,2395.71,UPI,Delhi,Desktop,0,0,2,1421,0,0
TXN104445,CUST2543,11099.58,UPI,Jaipur,Mobile,0,0,2,122,0,0
TXN104446,CUST1563,12063.39,Card,Mumbai,Desktop,0,0,1,166,0,0
TXN104447,CUST4110,4271.87,NetBanking,Bangalore,Mobile,0,0,1,45,0,0
TXN104448,CUST1863,8939.3,Wallet,Pune,Tablet,1,1,3,181,2,1
TXN104449,CUST3972,1266.27,UPI,Hyderabad,Mobile,0,0,1,128,0,0
TXN104450,CUST2397,1462.52,Card,Jaipur,Tablet,0,0,3,277,0,0
TXN104451,CUST3758,9243.06,UPI,Kolkata,Desktop,0,0,1,333,0,0
TXN104452,CUST3353,1959.3,Wallet,Chennai,Mobile,0,0,1,31,0,0
TXN104453,CUST3093,1941.53,UPI,Jaipur,Mobile,0,0,0,291,0,0
TXN104454,CUST2003,5601.18,UPI,Delhi,Mobile,0,1,0,660,1,0
TXN104455,CUST3086,730.84,NetBanking,Kolkata,Mobile,0,0,0,119,1,0
TXN104456,CUST2359,1148.41,Wallet,Mumbai,Mobile,0,0,3,407,0,0
TXN104457,CUST1994,1152.2,UPI,Hyderabad,Desktop,0,0,1,1634,2,0
TXN104458,CUST2513,1064.78,NetBanking,Hyderabad,Tablet,0,1,1,279,0,0
TXN104459,CUST4863,901.48,UPI,Delhi,Mobile,0,0,1,1799,0,0
TXN104460,CUST3610,783.99,Card,Hyderabad,Mobile,1,1,0,1,0,1
TXN104461,CUST2292,7836.17,UPI,Mumbai,Mobile,0,0,0,367,0,0
TXN104462,CUST2761,4940.01,Card,Hyderabad,Mobile,1,1,1,106,0,1
TXN104463,CUST4889,793.59,NetBanking,Bangalore,Mobile,0,1,0,124,3,1
TXN104464,CUST1863,9721.2,UPI,Chennai,Mobile,0,0,1,795,0,0
TXN104465,CUST2943,2118.82,UPI,Bangalore,Mobile,0,0,0,71,0,0
TXN104466,CUST4676,1287.87,Wallet,Bangalore,Mobile,0,0,1,903,0,0
TXN104467,CUST3352,5428.5,Card,Bangalore,Mobile,0,0,1,480,0,0
TXN104468,CUST3352,2319.77,UPI,Mumbai,Desktop,0,0,4,70,0,0
TXN104469,CUST1695,4108.01,Card,Pune,Mobile,0,0,2,565,0,0
TXN104470,CUST1908,3814.71,UPI,Kolkata,Desktop,0,0,1,308,0,0
TXN104471,CUST1794,1851.74,Wallet,Jaipur,Tablet,0,0,1,972,0,0
TXN104472,CUST2561,5965.35,UPI,Chennai,Tablet,1,1,1,17,0,0
TXN104473,CUST2756,1680.72,NetBanking,Jaipur,Mobile,0,0,1,97,0,0
TXN104474,CUST2022,1780.92,Card,Delhi,Desktop,0,0,0,519,0,0
TXN104475,CUST4360,1573.58,NetBanking,Bangalore,Mobile,0,0,3,93,0,0
TXN104476,CUST4800,18578.84,Card,Kolkata,Desktop,0,0,0,60,0,0
TXN104477,CUST2378,3014.62,UPI,Delhi,Desktop,0,0,2,1550,0,0
TXN104478,CUST3999,2085.08,Card,Kolkata,Desktop,0,1,2,410,1,0
TXN104479,CUST2094,5038.16,UPI,Hyderabad,Desktop,0,0,2,228,0,0
TXN104480,CUST4408,1216.52,NetBanking,Mumbai,Mobile,0,0,0,559,0,0
TXN104481,CUST3454,3561.19,Card,Kolkata,Desktop,0,0,2,499,0,0
TXN104482,CUST3939,6332.02,Card,Hyderabad,Mobile,0,0,1,1455,0,0
TXN104483,CUST4848,10619.82,Wallet,Bangalore,Mobile,1,0,2,262,0,1
TXN104484,CUST2917,5301.66,UPI,Pune,Mobile,0,0,2,270,0,0
TXN104485,CUST4167,1341.89,Wallet,Kolkata,Mobile,0,0,2,503,0,0
TXN104486,CUST1527,7861.77,Card,Mumbai,Mobile,0,0,0,102,0,0
TXN104487,CUST2969,2950.06,Card,Delhi,Desktop,0,0,1,679,0,0
TXN104488,CUST2235,6232.05,Card,Delhi,Mobile,0,0,0,545,0,0
TXN104489,CUST1491,3003.33,Card,Pune,Tablet,0,0,1,580,0,0
TXN104490,CUST1332,5439.12,Card,Pune,Mobile,0,0,1,371,1,0
TXN104491,CUST4375,571.25,Card,Mumbai,Mobile,0,0,0,264,0,0
TXN104492,CUST3635,7644.97,Wallet,Mumbai,Tablet,1,0,0,56,0,0
TXN104493,CUST4128,16857.86,UPI,Mumbai,Mobile,0,1,1,218,0,0
TXN104494,CUST3167,5540.63,Card,Mumbai,Mobile,0,1,2,916,0,1
TXN104495,CUST3298,1476.32,NetBanking,Hyderabad,Mobile,0,1,0,486,0,0
TXN104496,CUST1415,4547.34,UPI,Hyderabad,Tablet,0,0,0,374,0,0
TXN104497,CUST2201,2445.77,Card,Kolkata,Desktop,0,0,0,810,0,0
TXN104498,CUST2066,31727.71,Card,Jaipur,Desktop,0,0,0,158,0,0
TXN104499,CUST3581,1258.2,UPI,Kolkata,Mobile,1,1,0,640,0,0
TXN104500,CUST2754,1909.42,UPI,Bangalore,Mobile,0,0,1,56,0,0
TXN104501,CUST1765,2216.0,Wallet,Mumbai,Mobile,1,0,1,85,0,0
TXN104502,CUST4447,1174.8,Card,Mumbai,Mobile,0,0,0,23,0,0
TXN104503,CUST4595,1932.59,UPI,Pune,Tablet,0,0,0,316,0,0
TXN104504,CUST3044,1011.84,UPI,Pune,Mobile,0,0,1,322,0,0
TXN104505,CUST2486,766.7,UPI,Chennai,Tablet,0,0,0,135,0,0
TXN104506,CUST3603,2787.46,Wallet,Kolkata,Mobile,1,1,1,22,0,1
TXN104507,CUST3308,5232.81,NetBanking,Bangalore,Mobile,0,0,0,124,3,1
TXN104508,CUST2699,4607.0,UPI,Hyderabad,Mobile,0,0,0,318,1,0
TXN104509,CUST4117,19748.73,NetBanking,Pune,Desktop,0,0,1,1042,0,0
TXN104510,CUST4978,1902.21,UPI,Chennai,Mobile,0,0,1,350,0,0
TXN104511,CUST1734,1373.66,Card,Jaipur,Mobile,0,0,1,438,0,0
TXN104512,CUST3933,9720.26,Card,Hyderabad,Mobile,0,0,1,352,0,0
TXN104513,CUST1145,1387.62,UPI,Delhi,Desktop,0,0,2,101,0,0
TXN104514,CUST4815,2337.07,Card,Bangalore,Desktop,0,0,0,169,0,0
TXN104515,CUST3725,6644.49,UPI,Kolkata,Desktop,0,1,0,710,0,0
TXN104516,CUST2674,6899.77,NetBanking,Pune,Mobile,0,0,0,393,0,0
TXN104517,CUST3509,4014.19,Wallet,Hyderabad,Mobile,0,0,2,532,1,0
TXN104518,CUST2173,1388.11,Card,Jaipur,Tablet,0,0,1,170,0,0
TXN104519,CUST2134,2752.8,UPI,Chennai,Desktop,0,1,1,86,0,0
TXN104520,CUST4000,2692.43,Card,Pune,Tablet,0,0,2,444,0,0
TXN104521,CUST1890,5135.91,Card,Mumbai,Tablet,0,0,5,331,0,0
TXN104522,CUST1725,2361.62,Card,Chennai,Mobile,0,0,1,487,0,0
TXN104523,CUST4482,571.25,NetBanking,Bangalore,Mobile,1,0,4,3,3,1
TXN104524,CUST1975,2185.46,NetBanking,Kolkata,Mobile,0,0,1,287,0,0
TXN104525,CUST3164,1450.47,Card,Pune,Mobile,0,0,2,298,0,0
TXN104526,CUST4009,653.65,Card,Chennai,Mobile,0,0,1,336,0,0
TXN104527,CUST3473,5415.09,NetBanking,Bangalore,Desktop,0,0,0,319,0,0
TXN104528,CUST2443,5655.95,UPI,Mumbai,Tablet,0,0,1,342,1,0
TXN104529,CUST2686,14186.71,NetBanking,Chennai,Tablet,0,0,1,2333,0,0
TXN104530,CUST4463,4068.45,UPI,Bangalore,Mobile,0,0,1,47,0,0
TXN104531,CUST2055,3050.29,Card,Chennai,Desktop,0,0,1,672,0,0
TXN104532,CUST4233,8216.08,Wallet,Mumbai,Mobile,0,0,3,200,0,0
TXN104533,CUST1616,93407.71,Card,Delhi,Desktop,1,0,1,54,0,0
TXN104534,CUST1768,1713.48,UPI,Bangalore,Mobile,0,0,1,30,0,0
TXN104535,CUST4831,1287.04,UPI,Mumbai,Tablet,0,0,2,487,0,0
TXN104536,CUST2101,26295.28,Card,Chennai,Mobile,0,0,1,427,0,0
TXN104537,CUST2071,503.4,Card,Pune,Mobile,1,0,1,537,0,0
TXN104538,CUST4627,4232.26,Card,Bangalore,Mobile,0,0,0,540,0,0
TXN104539,CUST3467,885.36,UPI,Mumbai,Mobile,1,0,0,118,0,0
TXN104540,CUST3283,711.71,Card,Hyderabad,Mobile,0,0,1,288,0,0
TXN104541,CUST2413,3770.48,NetBanking,Hyderabad,Mobile,0,1,3,389,0,0
TXN104542,CUST1788,3705.22,UPI,Mumbai,Desktop,0,0,1,336,0,0
TXN104543,CUST2215,1256.66,Card,Bangalore,Mobile,0,0,1,384,1,0
TXN104544,CUST3092,2581.4,UPI,Hyderabad,Mobile,0,0,3,81,1,0
TXN104545,CUST3277,38202.27,Card,Jaipur,Mobile,0,0,1,321,0,0
TXN104546,CUST3512,4361.62,Card,Jaipur,Tablet,0,0,1,706,0,0
TXN104547,CUST1176,2224.14,Wallet,Jaipur,Desktop,0,0,1,4,0,0
TXN104548,CUST3682,8262.27,UPI,Chennai,Desktop,1,0,0,32,0,0
TXN104549,CUST1290,4192.49,UPI,Jaipur,Desktop,0,0,2,73,0,0
TXN104550,CUST2512,5150.87,Card,Pune,Mobile,0,0,1,233,0,0
TXN104551,CUST4579,2825.63,Card,Mumbai,Mobile,0,0,0,721,0,0
TXN104552,CUST3604,6656.18,UPI,Kolkata,Desktop,1,0,0,138,3,1
TXN104553,CUST3856,1119.66,NetBanking,Jaipur,Desktop,0,0,0,171,1,0
TXN104554,CUST2432,4732.55,Card,Mumbai,Mobile,0,1,3,956,1,0
TXN104555,CUST2139,7568.43,UPI,Mumbai,Tablet,0,0,2,604,0,0
TXN104556,CUST3270,1855.99,Wallet,Jaipur,Mobile,0,0,1,278,0,0
TXN104557,CUST3682,8944.14,UPI,Mumbai,Mobile,0,0,1,347,0,0
TXN104558,CUST1882,2600.06,NetBanking,Bangalore,Mobile,0,1,1,429,0,0
TXN104559,CUST4928,10384.52,Card,Mumbai,Mobile,0,0,5,589,0,0
TXN104560,CUST4537,5882.98,Wallet,Chennai,Mobile,0,0,3,605,0,0
TXN104561,CUST1564,1075.34,Wallet,Kolkata,Mobile,0,0,2,23,0,0
TXN104562,CUST1482,2148.87,UPI,Chennai,Desktop,0,0,2,437,0,0
TXN104563,CUST3080,5712.57,NetBanking,Hyderabad,Desktop,0,0,1,45,3,1
TXN104564,CUST2405,8970.33,UPI,Pune,Mobile,1,0,2,360,0,0
TXN104565,CUST1521,2396.75,Card,Bangalore,Mobile,0,1,1,808,0,0
TXN104566,CUST4276,1012.09,Card,Mumbai,Mobile,0,0,3,88,0,0
TXN104567,CUST3641,9048.49,UPI,Delhi,Desktop,0,0,1,340,0,0
TXN104568,CUST2531,2012.41,Wallet,Jaipur,Mobile,0,0,1,184,0,0
TXN104569,CUST3825,5525.83,Card,Pune,Mobile,0,0,3,8,0,0
TXN104570,CUST4101,2857.05,Card,Pune,Mobile,0,0,1,851,0,0
TXN104571,CUST2222,11676.22,UPI,Hyderabad,Mobile,0,0,2,382,0,0
TXN104572,CUST3762,4582.88,NetBanking,Pune,Mobile,0,0,1,566,0,0
TXN104573,CUST3576,23200.78,UPI,Jaipur,Tablet,0,0,2,86,0,0
TXN104574,CUST1592,21889.07,Card,Kolkata,Desktop,0,0,0,2257,0,0
TXN104575,CUST1527,976.62,Card,Pune,Tablet,1,0,0,386,0,1
TXN104576,CUST4461,8245.28,UPI,Jaipur,Mobile,1,1,1,456,0,0
TXN104577,CUST1783,5515.5,Card,Kolkata,Desktop,1,0,2,566,0,0
TXN104578,CUST2619,5512.84,Card,Kolkata,Mobile,0,0,1,169,0,0
TXN104579,CUST3286,4553.11,Card,Kolkata,Desktop,0,0,0,866,0,0
TXN104580,CUST4046,5076.93,Card,Mumbai,Desktop,0,0,0,617,1,0
TXN104581,CUST2364,1518.4,Card,Delhi,Tablet,0,1,2,242,0,0
TXN104582,CUST4369,2548.73,UPI,Jaipur,Desktop,0,0,3,329,2,0
TXN104583,CUST3086,3343.73,UPI,Chennai,Desktop,0,0,1,60,0,0
TXN104584,CUST3178,5385.98,Card,Chennai,Mobile,0,0,0,297,0,0
TXN104585,CUST2378,11107.3,UPI,Kolkata,Mobile,0,0,1,609,0,0
TXN104586,CUST3340,842.96,UPI,Kolkata,Mobile,1,0,1,53,0,0
TXN104587,CUST2023,1528.5,UPI,Bangalore,Mobile,0,0,0,722,0,0
TXN104588,CUST3831,1735.77,Card,Delhi,Mobile,0,0,1,413,0,0
TXN104589,CUST2510,5616.89,UPI,Hyderabad,Tablet,0,0,0,252,0,0
TXN104590,CUST4894,2139.23,UPI,Pune,Mobile,1,1,2,47,0,0
TXN104591,CUST1811,11528.8,Card,Hyderabad,Mobile,0,0,1,779,0,0
TXN104592,CUST1340,6401.33,Card,Delhi,Desktop,0,0,2,176,0,0
TXN104593,CUST1123,2966.75,UPI,Pune,Mobile,0,0,1,488,0,0
TXN104594,CUST4699,3424.65,UPI,Jaipur,Mobile,0,0,0,327,0,0
TXN104595,CUST3729,5143.07,Card,Delhi,Mobile,0,0,3,158,2,1
TXN104596,CUST2792,3115.59,Card,Delhi,Desktop,0,1,0,889,0,1
TXN104597,CUST2581,3434.06,UPI,Hyderabad,Mobile,0,0,0,806,0,0
TXN104598,CUST4097,843.96,Card,Pune,Mobile,0,0,2,110,0,0
TXN104599,CUST1735,3126.55,Card,Chennai,Mobile,1,0,0,252,0,0
TXN104600,CUST1244,99.02,Card,Kolkata,Mobile,0,1,1,100,0,1
TXN104601,CUST2999,8195.83,NetBanking,Kolkata,Desktop,0,0,4,344,1,0
TXN104602,CUST2942,5604.64,NetBanking,Chennai,Mobile,1,0,0,84,0,0
TXN104603,CUST2715,39504.39,Card,Bangalore,Mobile,0,0,2,674,0,0
TXN104604,CUST1541,1364.58,Card,Jaipur,Desktop,0,1,1,267,0,0
TXN104605,CUST3529,3136.57,UPI,Delhi,Desktop,0,0,0,27,0,0
TXN104606,CUST3239,1744.92,Card,Chennai,Desktop,0,0,1,112,0,0
TXN104607,CUST1860,3708.57,NetBanking,Bangalore,Mobile,1,1,0,6,0,1
TXN104608,CUST1499,17754.31,UPI,Hyderabad,Tablet,0,0,1,299,0,0
TXN104609,CUST1364,4063.69,Card,Hyderabad,Mobile,0,0,1,226,0,0
TXN104610,CUST2659,5671.06,UPI,Mumbai,Mobile,0,0,1,155,0,0
TXN104611,CUST2878,8627.69,Card,Bangalore,Mobile,0,0,2,231,0,0
TXN104612,CUST4880,1067.58,NetBanking,Jaipur,Tablet,0,0,1,695,0,0
TXN104613,CUST4539,2600.21,Card,Bangalore,Mobile,0,0,2,84,0,0
TXN104614,CUST3873,5180.11,Card,Kolkata,Tablet,0,0,1,420,3,1
TXN104615,CUST2206,3399.55,Card,Pune,Mobile,0,0,1,152,0,0
TXN104616,CUST3652,31997.79,UPI,Kolkata,Mobile,0,0,2,432,0,0
TXN104617,CUST2495,987.6,UPI,Pune,Mobile,0,0,1,384,0,0
TXN104618,CUST3653,4188.32,Card,Chennai,Mobile,0,0,2,191,0,0
TXN104619,CUST3058,26366.48,NetBanking,Pune,Mobile,0,0,1,15,0,0
TXN104620,CUST2346,2466.66,Card,Delhi,Desktop,0,0,1,573,0,0
TXN104621,CUST4932,4797.89,NetBanking,Pune,Desktop,1,0,0,708,0,0
TXN104622,CUST2231,4011.35,Card,Bangalore,Mobile,0,0,2,823,0,0
TXN104623,CUST4566,3139.72,Card,Jaipur,Desktop,0,0,3,311,1,0
TXN104624,CUST4524,1108.76,Card,Kolkata,Mobile,0,0,2,37,0,0
TXN104625,CUST3359,17636.33,NetBanking,Jaipur,Desktop,1,1,1,179,0,0
TXN104626,CUST2754,25863.37,UPI,Delhi,Mobile,0,0,1,1143,0,0
TXN104627,CUST3502,4912.9,Wallet,Bangalore,Tablet,0,0,1,362,0,0
TXN104628,CUST1376,19569.34,Wallet,Pune,Mobile,1,0,0,1171,0,0
TXN104629,CUST4888,18073.02,Wallet,Delhi,Mobile,0,0,1,229,0,0
TXN104630,CUST4772,9458.7,Card,Kolkata,Mobile,0,0,3,181,3,0
TXN104631,CUST1991,29053.17,Card,Jaipur,Desktop,0,0,0,82,1,1
TXN104632,CUST2999,3585.68,NetBanking,Chennai,Desktop,0,0,2,140,0,0
TXN104633,CUST1689,6310.0,NetBanking,Kolkata,Mobile,0,0,0,42,0,0
TXN104634,CUST4781,2468.86,UPI,Pune,Tablet,0,0,2,617,0,0
TXN104635,CUST1589,422.99,NetBanking,Pune,Tablet,0,1,3,242,2,1
TXN104636,CUST2055,9559.83,Wallet,Pune,Mobile,1,0,0,197,0,0
TXN104637,CUST3708,482.96,Card,Kolkata,Tablet,0,0,1,386,0,0
TXN104638,CUST1095,2356.16,Card,Pune,Mobile,0,1,2,962,1,0
TXN104639,CUST3082,1453.21,UPI,Bangalore,Mobile,0,0,2,394,1,0
TXN104640,CUST4518,8965.2,Card,Bangalore,Mobile,0,0,1,1737,0,0
TXN104641,CUST3143,1756.59,UPI,Delhi,Desktop,0,0,1,568,0,0
TXN104642,CUST4827,1406.66,NetBanking,Kolkata,Mobile,0,0,4,121,0,0
TXN104643,CUST4088,2993.21,Card,Chennai,Mobile,0,0,0,7,0,0
TXN104644,CUST2799,4499.36,UPI,Hyderabad,Tablet,0,0,0,942,0,0
TXN104645,CUST1087,4442.53,Card,Mumbai,Mobile,0,0,1,86,0,0
TXN104646,CUST3867,622.35,Wallet,Pune,Mobile,0,0,0,603,0,0
TXN104647,CUST3484,10190.88,Card,Jaipur,Mobile,0,0,1,76,0,0
TXN104648,CUST1415,10252.89,NetBanking,Pune,Mobile,0,0,3,34,0,0
TXN104649,CUST2588,1701.42,Wallet,Pune,Mobile,0,0,4,182,0,0
TXN104650,CUST1412,884.49,UPI,Jaipur,Mobile,1,0,2,253,0,0
TXN104651,CUST4005,3570.83,UPI,Delhi,Mobile,0,1,1,382,0,0
TXN104652,CUST4414,954.62,Card,Jaipur,Desktop,0,0,1,34,0,0
TXN104653,CUST1731,3451.81,UPI,Hyderabad,Mobile,0,0,2,70,0,0
TXN104654,CUST4704,1382.61,Wallet,Bangalore,Desktop,0,0,0,212,0,0
TXN104655,CUST4376,800.48,UPI,Kolkata,Mobile,1,1,0,50,0,0
TXN104656,CUST3791,1956.86,NetBanking,Hyderabad,Mobile,0,0,1,44,0,0
TXN104657,CUST1828,4888.06,Card,Pune,Mobile,0,0,1,551,2,0
TXN104658,CUST1544,1938.0,UPI,Delhi,Desktop,0,0,1,43,0,0
TXN104659,CUST4189,1925.46,NetBanking,Pune,Mobile,0,0,0,370,1,0
TXN104660,CUST2585,2503.94,NetBanking,Hyderabad,Mobile,1,0,1,69,0,0
TXN104661,CUST3841,1009.05,UPI,Bangalore,Mobile,0,0,1,472,0,0
TXN104662,CUST3642,1647.71,Card,Chennai,Mobile,0,0,1,865,0,0
TXN104663,CUST4267,4162.86,Card,Hyderabad,Mobile,0,0,0,341,0,0
TXN104664,CUST1512,646.72,UPI,Mumbai,Desktop,0,0,1,63,0,0
TXN104665,CUST1189,4143.56,Card,Delhi,Mobile,0,0,2,559,0,1
TXN104666,CUST2868,6292.47,Card,Chennai,Mobile,0,0,1,487,0,0
TXN104667,CUST3018,373.79,Card,Hyderabad,Desktop,0,0,1,654,0,0
TXN104668,CUST2536,673.71,UPI,Hyderabad,Desktop,1,0,0,30,0,0
TXN104669,CUST4635,3719.78,UPI,Pune,Mobile,0,0,1,482,0,0
TXN104670,CUST1403,672.1,NetBanking,Mumbai,Mobile,0,0,1,190,0,0
TXN104671,CUST4292,6922.59,Card,Hyderabad,Mobile,0,0,0,24,0,0
TXN104672,CUST1035,5026.79,Card,Mumbai,Tablet,0,0,2,98,0,0
TXN104673,CUST1336,1052.02,NetBanking,Pune,Desktop,0,0,3,856,2,1
TXN104674,CUST1639,174.32,Card,Delhi,Desktop,0,0,4,2,3,1
TXN104675,CUST4543,12201.95,UPI,Mumbai,Desktop,0,0,3,431,0,0
TXN104676,CUST1425,1884.13,Card,Chennai,Tablet,0,0,0,258,0,0
TXN104677,CUST2436,1308.5,NetBanking,Kolkata,Mobile,0,0,2,430,0,0
TXN104678,CUST4736,10360.87,Card,Hyderabad,Mobile,0,0,1,60,0,0
TXN104679,CUST4565,6253.2,Wallet,Bangalore,Mobile,0,0,2,92,0,0
TXN104680,CUST4232,10418.81,Card,Chennai,Mobile,0,0,0,140,0,0
TXN104681,CUST3130,14483.16,UPI,Mumbai,Desktop,0,0,2,106,0,0
TXN104682,CUST4773,3156.61,Card,Hyderabad,Desktop,0,0,1,241,0,0
TXN104683,CUST1377,207.53,Card,Bangalore,Mobile,0,0,4,156,0,0
TXN104684,CUST1394,2741.47,NetBanking,Mumbai,Tablet,0,0,1,975,0,0
TXN104685,CUST1879,27913.79,Card,Hyderabad,Tablet,0,0,3,245,0,0
TXN104686,CUST4466,1289.15,Card,Jaipur,Mobile,0,0,2,383,0,1
TXN104687,CUST1676,1405.66,Card,Bangalore,Desktop,1,1,0,619,0,0
TXN104688,CUST3580,9856.38,Wallet,Bangalore,Desktop,0,1,2,142,0,0
TXN104689,CUST2137,12760.76,UPI,Kolkata,Mobile,0,0,0,198,0,0
TXN104690,CUST2033,200.51,UPI,Bangalore,Mobile,0,1,1,454,0,0
TXN104691,CUST1675,7700.09,Wallet,Jaipur,Desktop,0,0,5,554,0,0
TXN104692,CUST3650,3814.5,Card,Kolkata,Desktop,0,0,1,43,0,0
TXN104693,CUST2968,865.51,Card,Mumbai,Desktop,0,1,0,609,0,0
TXN104694,CUST4931,1785.16,Card,Bangalore,Mobile,1,1,1,31,2,1
TXN104695,CUST1993,10692.38,NetBanking,Bangalore,Mobile,0,1,0,1071,0,0
TXN104696,CUST1300,726.04,Card,Jaipur,Desktop,0,0,1,426,0,0
TXN104697,CUST3518,5811.97,Card,Kolkata,Desktop,0,1,1,1077,0,0
TXN104698,CUST2455,1624.12,UPI,Jaipur,Mobile,0,0,1,339,0,0
TXN104699,CUST3139,5963.81,Card,Pune,Desktop,0,0,0,352,0,0
TXN104700,CUST3175,10276.05,UPI,Mumbai,Mobile,1,0,0,45,1,0
TXN104701,CUST4504,858.37,NetBanking,Hyderabad,Desktop,0,0,2,505,0,0
TXN104702,CUST2477,4491.61,Card,Hyderabad,Mobile,0,0,0,310,0,0
TXN104703,CUST1244,4043.73,UPI,Pune,Tablet,0,0,0,21,0,1
TXN104704,CUST4884,666.35,Card,Hyderabad,Mobile,0,0,3,938,0,0
TXN104705,CUST1664,5569.72,UPI,Pune,Mobile,0,0,1,219,3,0
TXN104706,CUST3057,11632.89,Wallet,Bangalore,Mobile,0,0,1,392,0,0
TXN104707,CUST3310,1495.89,UPI,Pune,Desktop,0,0,0,393,0,0
TXN104708,CUST2542,551.33,UPI,Mumbai,Desktop,1,0,1,978,0,0
TXN104709,CUST3591,644.18,UPI,Pune,Tablet,0,0,1,81,0,0
TXN104710,CUST3941,9560.14,UPI,Chennai,Desktop,0,0,0,269,0,0
TXN104711,CUST2123,1682.47,NetBanking,Pune,Mobile,0,0,0,839,0,1
TXN104712,CUST1338,6748.39,Card,Hyderabad,Mobile,0,0,0,226,0,0
TXN104713,CUST2423,1057.72,NetBanking,Bangalore,Desktop,0,0,2,283,0,0
TXN104714,CUST3788,4476.82,Card,Pune,Mobile,0,0,2,798,0,0
TXN104715,CUST2847,2951.34,Wallet,Chennai,Desktop,0,1,0,1057,0,0
TXN104716,CUST4982,12408.76,Card,Kolkata,Tablet,1,1,0,414,0,0
TXN104717,CUST2895,6022.67,Card,Kolkata,Mobile,0,0,2,699,0,0
TXN104718,CUST4749,3987.1,UPI,Hyderabad,Mobile,0,0,1,208,0,0
TXN104719,CUST4797,12847.84,Card,Kolkata,Desktop,0,0,0,1285,0,0
TXN104720,CUST1128,4071.1,UPI,Delhi,Mobile,0,0,1,312,0,0
TXN104721,CUST4158,485.58,Card,Chennai,Mobile,0,0,1,717,0,0
TXN104722,CUST1504,6665.04,Card,Kolkata,Mobile,0,0,2,756,0,0
TXN104723,CUST2072,15520.57,UPI,Mumbai,Mobile,0,0,1,267,1,0
TXN104724,CUST4502,1952.84,Card,Delhi,Mobile,0,0,1,280,2,0
TXN104725,CUST1491,7990.74,Card,Bangalore,Tablet,1,1,2,1,0,0
TXN104726,CUST4659,6305.2,Card,Bangalore,Desktop,0,0,1,26,0,0
TXN104727,CUST3649,9708.4,Card,Mumbai,Mobile,0,1,3,163,1,1
TXN104728,CUST2969,11496.76,UPI,Hyderabad,Mobile,1,0,0,467,0,0
TXN104729,CUST2487,6067.3,UPI,Mumbai,Desktop,0,0,2,395,0,0
TXN104730,CUST4084,1377.06,UPI,Bangalore,Mobile,1,1,2,30,1,0
TXN104731,CUST4766,27301.54,Card,Kolkata,Tablet,0,1,1,174,0,0
TXN104732,CUST4165,8790.49,UPI,Hyderabad,Mobile,0,0,2,283,2,0
TXN104733,CUST3543,6641.33,Card,Kolkata,Desktop,0,0,5,154,1,0
TXN104734,CUST3515,12927.02,Card,Pune,Desktop,0,0,2,316,0,0
TXN104735,CUST2632,1572.35,Card,Jaipur,Mobile,0,0,1,97,0,0
TXN104736,CUST3694,54001.24,Card,Delhi,Tablet,0,0,0,565,0,0
TXN104737,CUST1511,8964.19,NetBanking,Chennai,Desktop,0,0,1,617,1,1
TXN104738,CUST4006,478.41,NetBanking,Hyderabad,Mobile,0,0,0,295,0,0
TXN104739,CUST4002,2040.42,Card,Bangalore,Mobile,0,0,0,123,0,0
TXN104740,CUST2388,301.54,Card,Bangalore,Mobile,0,0,0,1606,2,0
TXN104741,CUST3671,285.12,UPI,Kolkata,Desktop,0,0,2,575,0,0
TXN104742,CUST3544,8593.98,Card,Bangalore,Tablet,0,0,0,259,0,0
TXN104743,CUST2554,14529.06,NetBanking,Kolkata,Desktop,0,0,3,859,0,0
TXN104744,CUST4955,8459.52,Card,Bangalore,Mobile,0,0,1,230,0,0
TXN104745,CUST3642,4009.99,Card,Pune,Desktop,0,1,2,1222,0,0
TXN104746,CUST1990,20696.25,UPI,Delhi,Desktop,0,0,0,812,0,0
TXN104747,CUST4184,3548.14,Wallet,Jaipur,Desktop,0,0,0,2240,2,0
TXN104748,CUST4151,292.2,UPI,Chennai,Desktop,1,0,0,8,0,0
TXN104749,CUST4386,11851.6,Card,Delhi,Desktop,0,0,1,333,0,0
TXN104750,CUST1461,4667.38,UPI,Bangalore,Mobile,0,0,0,412,1,0
TXN104751,CUST1188,5724.25,NetBanking,Jaipur,Desktop,0,0,2,359,0,0
TXN104752,CUST3542,12509.96,Card,Jaipur,Tablet,0,0,1,85,0,0
TXN104753,CUST4170,624.6,UPI,Hyderabad,Mobile,1,0,3,133,0,0
TXN104754,CUST4116,6668.07,Card,Chennai,Mobile,0,0,1,468,1,0
TXN104755,CUST4080,10685.28,Card,Jaipur,Mobile,0,0,0,146,0,0
TXN104756,CUST2327,4010.35,UPI,Delhi,Desktop,0,0,0,256,0,0
TXN104757,CUST1675,2047.29,Card,Delhi,Tablet,0,0,2,940,0,0
TXN104758,CUST3104,974.42,Card,Jaipur,Mobile,1,0,0,690,0,0
TXN104759,CUST1704,1076.73,Card,Chennai,Mobile,1,1,0,314,0,0
TXN104760,CUST3764,1534.85,Card,Chennai,Mobile,0,0,0,218,1,0
TXN104761,CUST2029,9183.42,UPI,Bangalore,Mobile,1,0,2,273,0,0
TXN104762,CUST1048,14325.08,Card,Delhi,Mobile,0,0,2,149,0,0
TXN104763,CUST3155,2344.64,NetBanking,Pune,Mobile,0,0,1,158,0,0
TXN104764,CUST4832,27568.67,UPI,Hyderabad,Mobile,0,0,0,253,0,0
TXN104765,CUST3205,5446.49,Card,Jaipur,Desktop,0,0,0,227,0,0
TXN104766,CUST3872,9041.54,UPI,Jaipur,Mobile,0,0,2,161,0,0
TXN104767,CUST4067,965.66,Card,Hyderabad,Mobile,0,0,1,557,0,0
TXN104768,CUST2398,9687.43,UPI,Bangalore,Mobile,0,0,0,179,0,0
TXN104769,CUST1237,320.65,Card,Mumbai,Desktop,0,0,0,48,0,0
TXN104770,CUST1490,540.52,Wallet,Chennai,Mobile,0,0,3,615,0,0
TXN104771,CUST1848,1530.43,Card,Kolkata,Desktop,0,0,0,210,0,0
TXN104772,CUST4205,2043.16,Card,Pune,Desktop,1,0,4,51,0,0
TXN104773,CUST2411,7933.08,Wallet,Delhi,Desktop,0,1,3,188,0,0
TXN104774,CUST2035,8165.66,UPI,Bangalore,Mobile,0,0,4,161,0,0
TXN104775,CUST3962,1419.54,Card,Chennai,Desktop,0,0,1,409,0,0
TXN104776,CUST1745,25397.18,NetBanking,Jaipur,Desktop,0,0,2,657,0,0
TXN104777,CUST3876,16441.98,Card,Mumbai,Mobile,0,0,1,565,0,0
TXN104778,CUST3098,1300.66,NetBanking,Bangalore,Mobile,1,1,3,440,2,1
TXN104779,CUST2135,593.56,UPI,Pune,Tablet,0,0,0,193,0,0
TXN104780,CUST2860,6466.8,Card,Pune,Mobile,0,0,1,123,1,0
TXN104781,CUST2033,3880.71,Card,Mumbai,Mobile,1,0,2,510,0,0
TXN104782,CUST3086,5443.9,Card,Jaipur,Mobile,0,0,2,1025,0,0
TXN104783,CUST3318,2996.58,UPI,Pune,Mobile,0,0,3,786,0,0
TXN104784,CUST1995,5712.44,Card,Chennai,Mobile,0,0,1,112,0,0
TXN104785,CUST4714,43336.83,NetBanking,Chennai,Tablet,0,0,2,118,0,0
TXN104786,CUST3688,1336.8,Card,Chennai,Desktop,0,0,0,196,0,0
TXN104787,CUST2368,16850.78,Card,Chennai,Mobile,0,0,1,239,0,0
TXN104788,CUST4268,8366.36,Card,Hyderabad,Desktop,0,0,1,109,3,1
TXN104789,CUST1940,6969.06,UPI,Hyderabad,Mobile,0,0,2,348,0,0
TXN104790,CUST3216,2326.64,Card,Hyderabad,Mobile,0,0,3,219,0,0
TXN104791,CUST2539,11333.62,Card,Hyderabad,Mobile,0,0,1,253,0,0
TXN104792,CUST3701,2984.78,UPI,Jaipur,Desktop,0,0,2,253,0,0
TXN104793,CUST3162,1209.53,UPI,Delhi,Mobile,0,0,1,454,0,0
TXN104794,CUST3469,6344.68,Card,Chennai,Mobile,0,0,0,81,3,0
TXN104795,CUST3522,6542.61,Card,Chennai,Mobile,1,0,1,93,3,1
TXN104796,CUST4113,648.12,Card,Mumbai,Mobile,0,0,4,197,0,0
TXN104797,CUST4225,1333.92,UPI,Mumbai,Desktop,0,0,1,144,0,0
TXN104798,CUST3355,4175.88,Card,Kolkata,Mobile,0,0,2,369,1,0
TXN104799,CUST4572,3257.12,Card,Mumbai,Desktop,1,1,0,395,0,0
TXN104800,CUST3120,1318.64,Card,Delhi,Mobile,0,0,1,76,0,0
TXN104801,CUST2872,5440.76,Card,Chennai,Desktop,0,1,1,561,0,0
TXN104802,CUST4500,7692.43,NetBanking,Mumbai,Mobile,0,0,0,284,2,0
TXN104803,CUST1463,9245.7,NetBanking,Jaipur,Mobile,0,1,1,1021,0,0
TXN104804,CUST3088,1736.61,UPI,Bangalore,Desktop,0,0,1,471,0,0
TXN104805,CUST2027,5237.24,UPI,Delhi,Tablet,0,1,1,1105,1,0
TXN104806,CUST1782,2340.88,UPI,Bangalore,Tablet,0,0,0,644,0,0
TXN104807,CUST4271,1374.17,Card,Mumbai,Mobile,0,0,1,210,0,0
TXN104808,CUST3807,4966.67,Card,Mumbai,Mobile,0,0,0,1349,0,0
TXN104809,CUST2956,824.71,Card,Kolkata,Mobile,0,0,2,506,0,0
TXN104810,CUST1751,1050.26,Card,Bangalore,Desktop,0,0,1,855,0,0
TXN104811,CUST2312,5414.2,Card,Kolkata,Mobile,0,1,4,64,2,1
TXN104812,CUST2651,1962.01,UPI,Chennai,Desktop,0,0,2,226,0,0
TXN104813,CUST1446,5991.75,Card,Hyderabad,Desktop,0,0,5,361,0,0
TXN104814,CUST2918,14863.38,Wallet,Bangalore,Mobile,1,0,1,188,1,1
TXN104815,CUST4214,1356.33,Wallet,Chennai,Desktop,0,0,1,701,0,0
TXN104816,CUST4148,24313.8,NetBanking,Pune,Desktop,0,0,3,739,0,0
TXN104817,CUST4574,8436.84,Card,Mumbai,Mobile,0,0,2,644,1,0
TXN104818,CUST2768,9130.94,Card,Delhi,Desktop,0,0,1,73,2,0
TXN104819,CUST4824,2234.39,Card,Pune,Mobile,0,0,3,74,3,1
TXN104820,CUST2176,1659.67,NetBanking,Delhi,Mobile,0,0,0,269,0,0
TXN104821,CUST2038,15910.93,Wallet,Jaipur,Tablet,0,0,2,1041,0,0
TXN104822,CUST4666,1729.72,Card,Chennai,Mobile,0,0,0,181,0,0
TXN104823,CUST3119,2976.25,NetBanking,Jaipur,Mobile,0,0,1,189,0,0
TXN104824,CUST3612,8263.19,Card,Jaipur,Desktop,0,0,2,408,0,0
TXN104825,CUST3839,3964.92,Card,Mumbai,Mobile,0,1,3,64,0,0
TXN104826,CUST2957,1415.46,Wallet,Chennai,Mobile,0,0,0,1927,0,0
TXN104827,CUST3224,6314.56,Card,Kolkata,Mobile,0,0,2,903,3,0
TXN104828,CUST2351,2562.12,Card,Chennai,Desktop,0,0,0,395,0,0
TXN104829,CUST2085,397.38,Card,Pune,Mobile,0,0,3,829,0,0
TXN104830,CUST4603,3371.27,Card,Delhi,Desktop,0,0,1,307,0,0
TXN104831,CUST4546,574.17,UPI,Pune,Desktop,0,0,0,483,0,0
TXN104832,CUST2323,282.84,Card,Hyderabad,Mobile,0,0,5,112,0,0
TXN104833,CUST1710,9377.51,Card,Hyderabad,Desktop,1,1,1,520,0,1
TXN104834,CUST1141,1975.5,UPI,Kolkata,Desktop,0,0,0,137,0,0
TXN104835,CUST1851,2764.51,NetBanking,Kolkata,Desktop,0,1,3,1140,0,0
TXN104836,CUST3787,2555.1,Card,Hyderabad,Mobile,0,0,0,74,0,0
TXN104837,CUST2172,3760.23,Card,Delhi,Mobile,1,1,4,31,0,0
TXN104838,CUST3030,5005.46,Card,Mumbai,Mobile,0,0,1,26,0,0
TXN104839,CUST3081,5327.94,NetBanking,Hyderabad,Desktop,0,0,1,144,0,0
TXN104840,CUST2163,15734.17,UPI,Chennai,Mobile,0,0,0,143,0,0
TXN104841,CUST4647,2952.97,NetBanking,Hyderabad,Mobile,0,0,1,183,0,0
TXN104842,CUST4582,3540.15,Card,Mumbai,Mobile,0,0,1,511,0,0
TXN104843,CUST4763,5985.92,Card,Pune,Desktop,0,0,2,359,0,0
TXN104844,CUST1618,5231.95,Card,Mumbai,Mobile,0,0,2,209,0,0
TXN104845,CUST4200,11875.99,UPI,Delhi,Mobile,0,0,3,381,0,0
TXN104846,CUST1702,2123.14,UPI,Bangalore,Mobile,1,1,1,645,0,0
TXN104847,CUST3894,6955.99,NetBanking,Delhi,Desktop,0,0,3,87,0,0
TXN104848,CUST1585,5070.79,Card,Bangalore,Mobile,1,0,2,42,0,0
TXN104849,CUST4203,10432.33,UPI,Delhi,Mobile,0,0,2,373,1,0
TXN104850,CUST4288,411.72,Card,Jaipur,Mobile,0,0,0,1172,0,0
TXN104851,CUST4096,17339.8,NetBanking,Pune,Mobile,0,0,2,145,1,0
TXN104852,CUST1849,843.54,Wallet,Kolkata,Desktop,0,0,1,578,0,0
TXN104853,CUST4890,20382.79,Wallet,Jaipur,Desktop,0,1,2,657,0,0
TXN104854,CUST2146,2166.63,Card,Chennai,Desktop,0,0,0,268,0,0
TXN104855,CUST3284,6151.43,UPI,Chennai,Mobile,0,0,2,62,0,0
TXN104856,CUST2232,6006.73,Wallet,Delhi,Tablet,1,1,3,553,0,0
TXN104857,CUST1130,4681.17,Card,Kolkata,Desktop,0,0,0,517,3,1
TXN104858,CUST3843,6349.12,Card,Kolkata,Mobile,0,0,1,917,0,0
TXN104859,CUST4392,6723.31,UPI,Jaipur,Desktop,0,0,0,220,0,0
TXN104860,CUST2802,7105.88,Card,Bangalore,Mobile,0,0,2,933,0,0
TXN104861,CUST1533,8992.33,Card,Pune,Desktop,0,0,0,450,0,0
TXN104862,CUST1770,3643.74,Card,Kolkata,Mobile,1,0,0,5,0,0
TXN104863,CUST2688,2280.09,Card,Chennai,Desktop,1,0,0,190,0,0
TXN104864,CUST3171,12984.72,UPI,Kolkata,Mobile,0,0,1,183,0,0
TXN104865,CUST3188,3229.75,Card,Chennai,Tablet,0,0,0,231,0,0
TXN104866,CUST3419,4855.12,Card,Chennai,Mobile,0,0,0,536,0,0
TXN104867,CUST1978,2195.32,UPI,Chennai,Tablet,0,0,1,540,0,0
TXN104868,CUST3638,20209.21,Card,Mumbai,Mobile,0,0,1,567,0,0
TXN104869,CUST3524,19024.37,NetBanking,Delhi,Desktop,0,0,3,670,0,0
TXN104870,CUST4766,7687.89,Card,Jaipur,Mobile,0,0,0,917,0,0
TXN104871,CUST1013,3750.29,Wallet,Bangalore,Mobile,0,0,3,416,0,0
TXN104872,CUST2881,2309.67,Card,Chennai,Mobile,0,0,0,205,0,1
TXN104873,CUST4695,1223.64,UPI,Jaipur,Mobile,0,1,0,1111,0,0
TXN104874,CUST1493,1161.76,Wallet,Kolkata,Tablet,1,0,1,563,0,0
TXN104875,CUST2976,1818.04,NetBanking,Pune,Desktop,0,0,1,674,0,0
TXN104876,CUST2178,6142.76,Card,Bangalore,Tablet,0,0,3,127,0,0
TXN104877,CUST4672,3512.22,Card,Hyderabad,Mobile,0,0,0,1067,0,0
TXN104878,CUST3981,4542.71,Wallet,Delhi,Mobile,0,0,0,184,0,0
TXN104879,CUST2855,4508.21,UPI,Hyderabad,Tablet,0,0,2,433,0,0
TXN104880,CUST1968,4843.5,Wallet,Kolkata,Mobile,0,0,0,479,0,0
TXN104881,CUST1120,16880.99,Card,Bangalore,Mobile,0,0,2,377,0,0
TXN104882,CUST4733,3460.68,Card,Bangalore,Desktop,0,0,1,688,0,0
TXN104883,CUST1142,6476.56,UPI,Chennai,Mobile,0,0,0,856,0,0
TXN104884,CUST1061,1967.3,Wallet,Jaipur,Tablet,0,0,0,453,0,0
TXN104885,CUST4194,10670.11,Card,Mumbai,Mobile,0,0,0,21,0,0
TXN104886,CUST1380,529.37,Card,Bangalore,Desktop,0,0,2,274,0,0
TXN104887,CUST1657,12148.34,Card,Pune,Mobile,0,0,0,486,0,0
TXN104888,CUST2100,6253.64,UPI,Hyderabad,Desktop,0,0,2,440,2,0
TXN104889,CUST1515,7215.71,NetBanking,Bangalore,Mobile,0,0,2,640,0,0
TXN104890,CUST2725,11520.39,Card,Pune,Mobile,0,0,0,263,0,0
TXN104891,CUST4331,7984.25,UPI,Pune,Tablet,0,1,1,233,0,0
TXN104892,CUST2556,1420.34,Card,Bangalore,Mobile,0,0,0,940,0,0
TXN104893,CUST4737,1730.43,Card,Bangalore,Mobile,0,0,0,570,0,0
TXN104894,CUST4589,1361.18,UPI,Pune,Mobile,0,0,2,438,1,0
TXN104895,CUST3900,674.19,Wallet,Pune,Mobile,0,0,0,429,0,0
TXN104896,CUST1340,14735.06,Card,Jaipur,Mobile,0,0,0,290,0,0
TXN104897,CUST1280,3734.94,Card,Hyderabad,Desktop,0,0,0,12,0,0
TXN104898,CUST4311,255.77,Card,Pune,Desktop,0,0,2,414,0,0
TXN104899,CUST1295,1655.6,Card,Jaipur,Mobile,0,0,0,29,0,0
TXN104900,CUST3001,2458.52,Card,Delhi,Desktop,0,0,2,1043,1,0
TXN104901,CUST4930,52094.92,UPI,Chennai,Mobile,0,0,0,68,0,0
TXN104902,CUST2759,170831.11,UPI,Chennai,Desktop,0,0,2,178,3,1
TXN104903,CUST1917,1412.73,Card,Kolkata,Mobile,0,0,1,54,0,0
TXN104904,CUST4329,5441.45,UPI,Hyderabad,Mobile,0,0,0,1052,0,0
TXN104905,CUST1207,13606.54,NetBanking,Delhi,Mobile,0,0,2,253,0,0
TXN104906,CUST4365,1949.73,NetBanking,Jaipur,Mobile,0,0,0,913,0,0
TXN104907,CUST1042,15345.67,NetBanking,Bangalore,Mobile,0,0,2,88,0,0
TXN104908,CUST1934,1914.34,NetBanking,Chennai,Desktop,0,0,0,109,0,0
TXN104909,CUST4292,1551.65,UPI,Kolkata,Mobile,1,0,0,1201,0,0
TXN104910,CUST2605,4580.1,Card,Bangalore,Desktop,0,0,2,369,0,0
TXN104911,CUST1312,981.99,UPI,Delhi,Mobile,0,0,1,853,0,0
TXN104912,CUST3902,13194.12,NetBanking,Mumbai,Mobile,0,0,2,176,0,0
TXN104913,CUST1226,31719.76,Card,Bangalore,Tablet,0,0,1,78,1,0
TXN104914,CUST2975,823.99,Card,Hyderabad,Mobile,0,0,0,86,0,0
TXN104915,CUST4501,16904.79,Wallet,Kolkata,Mobile,0,0,4,116,0,0
TXN104916,CUST4065,4030.01,Card,Hyderabad,Desktop,0,0,1,406,0,0
TXN104917,CUST4982,6050.41,Card,Kolkata,Tablet,0,0,0,217,0,0
TXN104918,CUST3471,12686.55,Card,Jaipur,Desktop,0,0,1,91,0,0
TXN104919,CUST1014,354.14,Card,Chennai,Desktop,1,0,1,57,0,0
TXN104920,CUST3464,3630.29,UPI,Mumbai,Mobile,0,0,1,787,0,0
TXN104921,CUST4651,29568.41,Card,Kolkata,Mobile,0,0,0,302,0,0
TXN104922,CUST2690,10273.08,Card,Delhi,Mobile,0,0,2,335,0,0
TXN104923,CUST3620,22326.27,UPI,Bangalore,Mobile,0,0,2,717,0,0
TXN104924,CUST2769,4177.66,NetBanking,Pune,Mobile,0,0,1,1317,0,0
TXN104925,CUST1878,55046.52,Wallet,Kolkata,Tablet,0,0,2,655,0,0
TXN104926,CUST2842,3972.55,Card,Pune,Mobile,0,0,1,46,0,0
TXN104927,CUST4457,2713.33,Card,Hyderabad,Desktop,0,0,0,694,0,0
TXN104928,CUST1845,4374.74,NetBanking,Hyderabad,Desktop,0,0,0,38,0,0
TXN104929,CUST1303,8703.98,UPI,Delhi,Tablet,0,0,1,121,0,0
TXN104930,CUST3770,1065.88,Card,Delhi,Mobile,0,0,2,248,0,1
TXN104931,CUST2737,10743.96,NetBanking,Jaipur,Mobile,0,0,1,122,0,0
TXN104932,CUST2803,5739.1,Card,Kolkata,Mobile,0,0,1,1644,0,0
TXN104933,CUST3700,8144.23,Card,Jaipur,Mobile,0,0,0,210,0,0
TXN104934,CUST3410,11690.74,Card,Mumbai,Desktop,0,0,1,355,0,0
TXN104935,CUST1177,350.17,Card,Chennai,Tablet,0,0,1,179,0,0
TXN104936,CUST3264,1763.24,NetBanking,Bangalore,Tablet,1,0,2,32,0,0
TXN104937,CUST2172,13519.19,Card,Pune,Mobile,0,1,2,2837,0,0
TXN104938,CUST3616,7367.67,Card,Hyderabad,Mobile,0,0,2,1149,0,0
TXN104939,CUST4364,520.96,UPI,Kolkata,Desktop,0,0,3,239,0,0
TXN104940,CUST3444,4134.25,UPI,Hyderabad,Desktop,0,0,1,211,0,0
TXN104941,CUST4571,1264.63,Card,Kolkata,Mobile,0,0,1,78,0,1
TXN104942,CUST2390,39303.56,Card,Hyderabad,Mobile,0,0,4,314,0,0
TXN104943,CUST2807,18093.34,Card,Pune,Mobile,0,1,2,109,0,0
TXN104944,CUST4110,1795.03,Card,Jaipur,Tablet,0,0,1,744,0,0
TXN104945,CUST4073,6154.28,UPI,Jaipur,Desktop,0,0,1,72,0,0
TXN104946,CUST1386,14019.36,Card,Mumbai,Desktop,0,0,0,128,0,0
TXN104947,CUST2380,4649.79,Card,Bangalore,Mobile,0,0,0,360,1,1
TXN104948,CUST4200,4479.4,Card,Pune,Desktop,0,1,1,799,2,0
TXN104949,CUST2038,4554.65,UPI,Bangalore,Mobile,0,0,2,813,0,0
TXN104950,CUST3757,2049.49,NetBanking,Bangalore,Mobile,0,0,2,141,0,0
TXN104951,CUST4051,21489.27,Card,Hyderabad,Mobile,0,0,1,392,0,0
TXN104952,CUST1361,3331.04,Wallet,Jaipur,Desktop,0,0,2,360,0,0
TXN104953,CUST3219,1058.86,UPI,Bangalore,Mobile,1,0,1,128,0,0
TXN104954,CUST1863,8979.52,Card,Delhi,Desktop,0,0,2,124,1,0
TXN104955,CUST2392,2224.48,UPI,Pune,Desktop,0,0,1,43,0,0
TXN104956,CUST3193,1059.5,Card,Mumbai,Mobile,0,0,2,334,0,0
TXN104957,CUST3011,2907.65,UPI,Delhi,Mobile,0,0,1,383,0,0
TXN104958,CUST3044,4947.94,Card,Pune,Mobile,0,0,1,285,0,0
TXN104959,CUST2879,1802.9,UPI,Bangalore,Tablet,1,0,2,323,0,0
TXN104960,CUST2785,9712.37,Card,Pune,Mobile,0,0,0,835,0,0
TXN104961,CUST3459,11809.06,UPI,Kolkata,Desktop,0,0,2,325,0,0
TXN104962,CUST3778,2587.53,Card,Pune,Desktop,0,0,0,292,0,0
TXN104963,CUST2342,5839.04,Card,Jaipur,Desktop,0,0,0,83,0,0
TXN104964,CUST4064,1925.56,NetBanking,Kolkata,Mobile,0,0,1,413,0,0
TXN104965,CUST2753,4507.5,Card,Delhi,Tablet,0,0,0,1292,1,0
TXN104966,CUST4198,5440.28,Card,Mumbai,Mobile,1,0,2,18,0,0
TXN104967,CUST4223,4811.1,Card,Chennai,Tablet,0,0,1,920,1,0
TXN104968,CUST3083,15835.01,Wallet,Delhi,Desktop,0,0,1,321,0,0
TXN104969,CUST2256,991.66,Wallet,Jaipur,Tablet,0,0,1,772,0,0
TXN104970,CUST4651,15678.85,Card,Kolkata,Mobile,0,0,0,257,0,0
TXN104971,CUST4540,1345.38,Wallet,Pune,Mobile,0,0,2,93,0,0
TXN104972,CUST4458,907.95,UPI,Mumbai,Mobile,0,0,0,1064,0,0
TXN104973,CUST2873,7114.64,Card,Pune,Mobile,0,0,2,160,0,0
TXN104974,CUST3296,1326.1,NetBanking,Chennai,Desktop,0,0,1,672,0,0
TXN104975,CUST1982,3965.92,UPI,Pune,Mobile,0,0,1,539,0,0
TXN104976,CUST3093,2427.52,Card,Chennai,Mobile,0,0,1,585,0,0
TXN104977,CUST4544,1912.39,Card,Pune,Mobile,0,0,3,197,0,0
TXN104978,CUST3455,5059.89,Card,Chennai,Mobile,0,1,3,3138,0,0
TXN104979,CUST3083,5719.15,NetBanking,Kolkata,Mobile,1,0,1,1474,0,0
TXN104980,CUST1180,5879.93,Card,Mumbai,Desktop,0,0,0,888,0,0
TXN104981,CUST1701,2775.92,UPI,Hyderabad,Desktop,0,0,2,2084,1,0
TXN104982,CUST3745,9596.08,UPI,Mumbai,Tablet,0,0,1,167,0,0
TXN104983,CUST4112,4325.4,Card,Bangalore,Tablet,0,0,1,209,0,0
TXN104984,CUST2815,3809.28,Card,Pune,Mobile,0,0,3,557,0,0
TXN104985,CUST3052,7206.05,Card,Delhi,Desktop,0,0,0,331,1,0
TXN104986,CUST1174,1209.53,UPI,Bangalore,Mobile,0,0,0,280,0,0
TXN104987,CUST1650,2290.43,Wallet,Chennai,Mobile,0,0,2,381,0,0
TXN104988,CUST4020,3846.02,Card,Bangalore,Mobile,0,0,1,364,0,0
TXN104989,CUST4912,2279.48,UPI,Bangalore,Desktop,0,0,2,685,0,0
TXN104990,CUST3568,1106.81,Card,Mumbai,Mobile,0,0,2,311,0,0
TXN104991,CUST4091,6131.07,Card,Hyderabad,Mobile,0,0,1,113,3,0
TXN104992,CUST4329,7527.16,Wallet,Jaipur,Mobile,0,0,2,139,0,0
TXN104993,CUST4587,4828.88,UPI,Hyderabad,Tablet,0,0,0,337,0,0
TXN104994,CUST2317,7420.9,NetBanking,Mumbai,Mobile,0,0,1,9,0,0
TXN104995,CUST4488,573.1,Card,Pune,Desktop,0,0,2,420,1,0
TXN104996,CUST3174,3322.96,UPI,Delhi,Mobile,0,0,4,25,0,0
TXN104997,CUST1084,4718.37,NetBanking,Chennai,Mobile,0,0,1,159,0,0
TXN104998,CUST2077,49739.01,Card,Delhi,Mobile,0,0,2,64,0,1
TXN104999,CUST3166,26394.21,UPI,Jaipur,Mobile,0,1,1,17,3,0
